date,close,state_used,base_position,position,asset_return,gross_return,turnover,cost,net_return,equity,drawdown,risk_action
2019-01-04,4497.8933,趋势下行|波动偏低|价格偏弱,0.5,0.425,0.027653420437518506,0.011752703685945365,0.425,0.0002125,0.011540203685945365,1.0115402036859453,0.0,正常
2019-01-07,4594.1482,趋势下行|波动偏低|价格中性,0.75,0.6123349362661763,0.02139999630493672,0.013103965373479834,0.1873349362661763,9.366746813308814e-05,0.013010297905346746,1.0247006430791346,0.0,正常
2019-01-08,4585.0325,趋势下行|波动偏低|价格中性,0.75,0.5778918638661993,-0.0019841980717991703,-0.0011466519219917413,0.034443072399977015,1.7221536199988507e-05,-0.0011638734581917297,1.0235080211980627,-0.0011638734581917998,正常
2019-01-09,4594.7385,趋势下行|波动偏低|价格中性,0.75,0.5781302651866831,0.002116887939180412,0.0012238369856488625,0.00023840132048380536,1.1920066024190268e-07,0.0012237177849886206,1.0247605061666811,0.0,正常
2019-01-10,4582.4828,趋势下行|波动偏低|价格中性,0.75,0.5881269238112097,-0.0026673335163689416,-0.0015687306557606025,0.009996658624526589,4.998329312263294e-06,-0.0015737289850728657,1.0231478108553687,-0.0015737289850729086,正常
2019-01-11,4621.6108,趋势下行|波动偏低|价格中性,0.75,0.8110507731921502,0.008538602698083375,0.0069252403202611015,0.22292384938094056,0.00011146192469047027,0.006813778395570631,1.0301193133044504,0.0,正常
2019-01-14,4594.1901,趋势下行|波动偏低|价格偏强,0.75,0.7976004775355616,-0.005933147810715855,-0.004732281527116038,0.013450295656588618,6.725147828294309e-06,-0.004739006674944333,1.0252375710027115,-0.004739006674944313,正常
2019-01-15,4644.1664,趋势下行|波动偏低|价格中性,0.75,0.8115242290297746,0.010878152386423867,0.008827884228661032,0.013923751494212988,6.961875747106494e-06,0.008820922352913926,1.0342811120098165,0.0,正常
2019-01-16,4637.1968,趋势上行|波动偏低|价格偏强,0.75,0.8624999999999999,-0.0015007214211790743,-0.0012943722257669514,0.05097577097022532,2.548788548511266e-05,-0.001319860111252064,1.0329160056262534,-0.0013198601112519581,正常
2019-01-17,4595.4901,趋势上行|波动偏低|价格偏强,0.75,0.8624999999999999,-0.008993946515273965,-0.0077572788694237945,0.0,0.0,-0.0077572788694237945,1.0249033881219192,-0.009066900457724292,正常
2019-01-18,4626.4129,趋势下行|波动偏低|价格中性,0.75,0.8624999999999999,0.006728944971506001,0.005803715037923925,0.0,0.0,0.005803715037923925,1.0308516353279815,-0.0033158071263341693,正常
2019-01-21,4655.1105,趋势上行|波动偏低|价格偏强,0.75,0.8624999999999999,0.006202991522870738,0.005350080188476011,0.0,0.0,0.005350080188476011,1.0363667742394078,0.0,正常
2019-01-22,4603.2028,趋势上行|波动偏低|价格偏强,0.75,0.8624999999999999,-0.011150691267156732,-0.00961747121792268,0.0,0.0,-0.00961747121792268,1.0263995466169489,-0.00961747121792278,正常
2019-01-23,4609.6722,趋势上行|波动偏低|价格中性,0.5,0.575,0.0014054127704301589,0.0008081123429973413,0.2875,0.00014375,0.0006643623429973413,1.0270814478245907,-0.008959498360637475,正常
2019-01-24,4635.7473,趋势上行|波动偏低|价格中性,0.5,0.575,0.005656606124834651,0.003252548521779924,0.0,0.0,0.003252548521779924,1.0304220800694601,-0.005736091042006342,正常
2019-01-25,4607.9448,趋势上行|波动偏低|价格偏强,0.75,0.8624999999999999,-0.0059974149151744705,-0.00517277036433798,0.2875,0.00014375,-0.00531652036433798,1.0249438200969074,-0.011022115361507767,正常
2019-01-28,4570.3992,趋势上行|波动偏低|价格中性,0.5,0.575,-0.008148014273087756,-0.00468510820702546,0.2875,0.00014375,-0.004828858207025459,1.0199945117194924,-0.015797749336311062,正常
2019-01-29,4490.0512,趋势上行|波动偏低|价格中性,0.5,0.575,-0.017580083595323592,-0.010108548067311065,0.0,0.0,-0.010108548067311065,1.0096838481693824,-0.02574660509510074,正常
2019-01-30,4423.1355,趋势上行|波动偏低|价格偏弱,0.75,0.8624999999999999,-0.01490310400023942,-0.012853927200206498,0.2875,0.00014375,-0.012997677200206498,0.9965603034366144,-0.038409636233279976,正常
2019-01-31,4355.7359,趋势上行|波动偏低|价格偏弱,0.75,0.8570635597451347,-0.015237968631076404,-0.01305990763823504,0.005436440254865227,2.7182201274326135e-06,-0.013062625858362473,0.9835426090475257,-0.05097053138417129,正常
2019-02-01,4482.9853,趋势下行|波动偏低|价格偏弱,0.5,0.4076704661988758,0.029214213836977754,0.01190977217455437,0.4493930935462589,0.00022469654677312944,0.01168507562778124,0.9950353788173913,-0.03988105027040223,正常
2019-02-11,4611.8298,趋势下行|波动偏低|价格偏弱,0.5,0.40099103371772926,0.028740781282508454,0.011524795596328229,0.006679432481146552,3.339716240573276e-06,0.011521455880087655,1.0064996350335622,-0.028819082151456676,正常
2019-02-12,4675.7918,趋势上行|波动偏低|价格中性,0.5,0.5095302623397411,0.013869115464755444,0.007066734041177001,0.10853922862201182,5.426961431100591e-05,0.007012464426865995,1.0135576779198887,-0.02200871051299258,正常
2019-02-13,4759.8256,趋势上行|波动偏低|价格偏强,0.75,0.7445366028510538,0.017972100468630847,0.013380886629012243,0.23500634051131275,0.00011750317025565638,0.013263383458756587,1.027000882059707,-0.009037237021202738,正常
2019-02-14,4780.0441,趋势上行|波动偏低|价格偏强,0.75,0.7154201354805503,0.004247739665083516,0.0030389184866801565,0.02911646737050355,1.4558233685251776e-05,0.0030243602529949048,1.030106902707199,-0.006040208628651733,正常
2019-02-15,4773.5144,趋势上行|波动偏低|价格偏强,0.75,0.7171505375040336,-0.00136603342216024,-0.0009796516029506905,0.0017304020234832906,8.652010117416453e-07,-0.000980516803962432,1.029096865579217,-0.007014802906554207,正常
2019-02-18,4942.8759,趋势上行|波动偏低|价格偏强,0.75,0.720456873631643,0.03547941533390997,0.02556138864974735,0.003306336127609444,1.653168063804722e-06,0.025559735481683547,1.0554003092484514,0.0,正常
2019-02-19,4963.7511,趋势上行|波动偏高|价格偏强,1.0,0.8475265345692488,0.004223290331849094,0.0035793506194318754,0.12706966093760574,6.353483046880288e-05,0.0035158157889630727,1.0591109023193834,0.0,正常
2019-02-20,4967.0394,趋势上行|波动偏高|价格偏强,1.0,0.8525125664361991,0.0006624627088975821,0.0005647577841305544,0.004986031866950347,2.4930159334751734e-06,0.0005622647681970792,1.0597064030653711,0.0,正常
2019-02-21,4947.658,趋势上行|波动偏高|价格偏强,1.0,0.8541419610257801,-0.0039020024685125776,-0.003332864040382768,0.0016293945895810014,8.146972947905006e-07,-0.0033336787376775584,1.0561736823612913,-0.0033336787376776478,正常
2019-02-22,5059.5092,趋势上行|波动偏高|价格偏强,1.0,0.8642649765942153,0.022606898051563018,0.019538350215401925,0.0101230155684352,5.0615077842176e-06,0.019533288707617707,1.076804227824242,0.0,正常
2019-02-25,5324.2471,趋势上行|波动偏高|价格偏强,1.0,0.8328600656740214,0.052324818383569616,0.043579251675321035,0.03140491092019393,1.5702455460096965e-05,0.043563549219860935,1.1237136418032176,0.0,正常
2019-02-26,5323.7574,趋势上行|波动偏高|价格偏强,1.0,0.6879501254190293,-9.19754456923938e-05,-6.327451939955344e-05,0.14490994025499204,7.245497012749602e-05,-0.00013572948952704944,1.123561120724241,-0.0001357294895271144,正常
2019-02-27,5310.2745,趋势上行|波动偏高|价格偏强,1.0,0.7026797937367144,-0.002532590985456995,-0.0017796005112803836,0.014729668317685074,7.364834158842537e-06,-0.0017869653454392262,1.121553355938024,-0.0019224522910722408,正常
2019-02-28,5330.3392,趋势上行|波动偏高|价格偏强,1.0,0.6993524069251135,0.003778467572627342,0.0026424803914054224,0.003327386811600941,1.6636934058004704e-06,0.002640816697999622,1.1245151727680827,0.0,正常
2019-03-01,5364.3661,趋势上行|波动偏高|价格偏强,1.0,0.6988563268186556,0.006383627518488755,0.004461238479349541,0.0004960801064578524,2.480400532289262e-07,0.004460990439296313,1.1295316242026447,0.0,正常
2019-03-04,5482.2985,趋势上行|波动偏高|价格偏强,1.0,0.7085841895417205,0.021984405575898203,0.01557780220755431,0.009727862723064917,4.863931361532458e-06,0.015572938276192778,1.1471217504673605,0.0,正常
2019-03-05,5654.3058,趋势上行|波动偏高|价格偏强,1.0,0.7140291569119048,0.03137503366516814,0.022402688836022637,0.005444967370184295,2.7224836850921476e-06,0.022399966352337545,1.172817239079864,0.0,正常
2019-03-06,5776.9732,趋势上行|波动偏高|价格偏强,1.0,0.734877628425856,0.021694511110453174,0.015942810874708214,0.020848471513951194,1.0424235756975598e-05,0.01593238663895124,1.1915030167897114,0.0,正常
2019-03-07,5877.2974,趋势上行|波动偏高|价格偏强,1.0,0.7804205465926449,0.01736622215938266,0.013552956589874718,0.045542918166788904,2.277145908339445e-05,0.013530185130791324,1.2076242731907727,0.0,正常
2019-03-08,5633.3187,趋势上行|波动偏高|价格偏强,1.0,0.8534281609361429,-0.04151205620460874,-0.035427557783377035,0.073007614343498,3.6503807171749e-05,-0.03546406159054878,1.1647970115880935,-0.03546406159054871,正常
2019-03-11,5876.342,趋势上行|波动偏高|价格偏强,1.0,0.6695924971161775,0.04314034283201473,0.028886449883336735,0.1838356638199654,9.191783190998271e-05,0.028794532051426753,1.198336796471673,-0.0076907005972648435,正常
2019-03-12,6006.1778,趋势上行|波动偏高|价格偏强,1.0,0.6397168750006689,0.022094663653000612,0.014134329186288415,0.02987562211550865,1.4937811057754324e-05,0.014119391375230661,1.2152565827003965,0.0,正常
2019-03-13,5866.6333,趋势上行|波动偏高|价格偏强,1.0,0.6361534452052946,-0.02323349468608804,-0.014780067688713813,0.0035634297953742733,1.7817148976871366e-06,-0.0147818494036115,1.1972928429081717,-0.014781849403611491,正常
2019-03-14,5688.9504,趋势上行|波动偏高|价格偏强,1.0,0.5935713637990676,-0.03028703021202994,-0.017977513828378176,0.04258208140622699,2.1291040703113494e-05,-0.01799880486908129,1.17574300265752,-0.03251459864967299,正常
2019-03-15,5777.1086,趋势上行|波动偏高|价格中性,0.75,0.41113967706187643,0.015496391039021784,0.006371181207407972,0.18243168673719118,9.121584336859558e-05,0.006279965364039376,1.1831266279912207,-0.02643882383897933,正常
2019-03-18,5916.3436,趋势上行|波动偏高|价格偏强,1.0,0.5502318322986455,0.024101156762052378,0.01326122364570097,0.13909215523676904,6.954607761838451e-05,0.013191677568082585,1.1987340529898936,-0.013595918710260002,正常
2019-03-19,5941.9085,趋势上行|波动偏高|价格偏强,1.0,0.5624943398672291,0.004321064111286521,0.0024305741048020867,0.012262507568583603,6.131253784291801e-06,0.002424442851017795,1.2016403151949366,-0.01120443838716223,正常
2019-03-20,5926.1695,趋势上行|波动偏高|价格偏强,1.0,0.5625213478509564,-0.0026488122460989194,-0.0014900134348796834,2.7007983727345142e-05,1.350399186367257e-08,-0.0014900269388715471,1.199849838754462,-0.012677770411001932,正常
2019-03-21,5990.6386,趋势上行|波动偏高|价格偏强,1.0,0.5606698415698276,0.010878713475880097,0.006099366561005242,0.0018515062811288452,9.257531405644226e-07,0.006098440807864678,1.207167051974432,-0.006656644235564557,正常
2019-03-22,6014.5459,趋势上行|波动偏高|价格偏强,1.0,0.5655749060601869,0.003990776542587504,0.0022570830681811252,0.004905064490359323,2.452532245179662e-06,0.0022546305359359455,1.2098887676717893,-0.004417021972988988,正常
2019-03-25,5961.4351,趋势上行|波动偏高|价格偏强,1.0,0.569687299336762,-0.00883039233269467,-0.0050305623600968765,0.004112393276575088,2.056196638287544e-06,-0.005032618556735164,1.2037998590080188,-0.009427411342977421,正常
2019-03-26,5788.3599,趋势上行|波动偏高|价格偏强,1.0,0.6276824132238261,-0.02903247239913742,-0.0182231723373447,0.05799511388706413,2.8997556943532065e-05,-0.018252169894288232,1.1818278994626843,-0.027507510523770207,正常
2019-03-27,5826.527,趋势上行|波动偏高|价格中性,0.75,0.44107495915602113,0.006593767605915346,0.0029083457774634063,0.186607454067805,9.33037270339025e-05,0.0028150420504295037,1.1851547946960426,-0.02476990327216777,正常
2019-03-28,5747.8634,趋势上行|波动偏高|价格中性,0.75,0.4422101159184065,-0.013500941469935634,-0.005970252892427858,0.0011351567623853476,5.675783811926737e-07,-0.0059708204708090505,1.1780784481867939,-0.030592827097459474,正常
2019-03-29,5911.2119,趋势上行|波动偏高|价格中性,0.75,0.43474670894110706,0.028418994786828078,0.012355064454987985,0.007463406977299414,3.731703488649707e-06,0.012351332751499336,1.1926292871077189,-0.018619356533249976,正常
2019-04-01,6137.7333,趋势上行|波动偏高|价格中性,0.75,0.4224995289844246,0.038320636078026604,0.01619045069334979,0.012247179956682452,6.123589978341226e-06,0.01618432710337145,1.211931189603331,-0.002736371186466857,正常
2019-04-02,6174.9422,趋势上行|波动偏高|价格偏强,1.0,0.5423117872696006,0.0060623194559463744,0.003287667299153551,0.119812258285176,5.990612914258799e-05,0.003227761170010963,1.2158430140378576,0.0,正常
2019-04-03,6237.016,趋势上行|波动偏高|价格偏强,1.0,0.5598944806248912,0.01005253134191264,0.0056283568146456185,0.017582693355290613,8.791346677645307e-06,0.005619565467967973,1.222675523454015,0.0,正常
2019-04-04,6260.0695,趋势上行|波动偏高|价格偏强,1.0,0.5673082568415612,0.003696238714154365,0.0020969067417972065,0.007413776216669943,3.7068881083349716e-06,0.0020931998536888713,1.2252348276808178,0.0,正常
2019-04-08,6230.2139,趋势上行|波动偏高|价格偏强,1.0,0.5726225533164782,-0.004769212226797159,-0.002730958482616756,0.005314296474916991,2.6571482374584954e-06,-0.0027336156308542144,1.2218855066044025,-0.0027336156308542803,正常
2019-04-09,6245.4321,趋势上行|波动偏高|价格偏强,1.0,0.6421599753252338,0.002442644866494925,0.0015685687671966903,0.06953742200875568,3.476871100437784e-05,0.0015338000561923124,1.223759634663093,-0.0012040083944701019,正常
2019-04-10,6235.7066,趋势上行|波动偏高|价格偏强,1.0,0.7147861036642406,-0.0015572181146600306,-0.0011130778687332178,0.07262612833900672,3.631306416950336e-05,-0.0011493909329027211,1.222353056434959,-0.002352015451041023,正常
2019-04-11,6106.9498,趋势上行|波动偏高|价格偏强,1.0,0.7361660856936553,-0.02064830952758423,-0.015200585201112692,0.021379982029414712,1.0689991014707356e-05,-0.015211275192127399,1.2037595077115888,-0.01752751348888648,正常
2019-04-12,6101.2045,趋势上行|波动偏高|价格中性,0.75,0.5579700256470868,-0.0009407806168638677,-0.0005249273849198143,0.17819606004656852,8.909803002328425e-05,-0.0006140254149430986,1.2030203687803744,-0.01813077656508666,正常
2019-04-15,6052.0525,趋势上行|波动偏高|价格中性,0.75,0.6184591289111769,-0.00805611416565366,-0.004982377349299156,0.06048910326409018,3.024455163204509e-05,-0.005012621900931201,1.1969900825325597,-0.023052515738326784,正常
2019-04-16,6179.8008,趋势上行|波动偏高|价格中性,0.75,0.620574952774011,0.021108260379433252,0.013099257688108318,0.002115823862834043,1.0579119314170215e-06,0.013098199776176902,1.2126684977636737,-0.010256262418633866,正常
2019-04-17,6234.1109,趋势上行|波动偏高|价格偏强,1.0,0.8382614743987822,0.008788325345373549,0.007366914561509018,0.2176865216247712,0.0001088432608123856,0.007258071300696632,1.2214701321845511,-0.0030726318018503562,正常
2019-04-18,6202.8448,趋势上行|波动偏高|价格偏强,1.0,0.8349033133415712,-0.005015326243233753,-0.004187312497964796,0.0033581610572109843,1.6790805286054922e-06,-0.004188991578493401,1.2163534040874489,-0.007248752151601923,正常
2019-04-19,6255.252,趋势上行|波动偏高|价格中性,0.75,0.6241755834686263,0.008448897512315812,0.005273595534416347,0.21072772987294486,0.00010536386493647243,0.005168231669479875,1.2226398002717334,-0.002117983712556115,正常
2019-04-22,6192.1441,趋势上行|波动偏高|价格偏强,1.0,0.835427738365446,-0.010088786191187804,-0.00842845183055657,0.2112521548968197,0.00010562607744840986,-0.00853407790800498,1.2122056969627868,-0.010633986582550214,正常
2019-04-23,6078.2672,趋势上行|波动偏高|价格中性,0.75,0.6172980657243706,-0.018390544238142015,-0.011352447385823534,0.2181296726410754,0.00010906483632053772,-0.011461512222144072,1.1983119865512952,-0.021973617237508236,正常
2019-04-24,6153.3905,趋势上行|波动偏高|价格中性,0.75,0.5995945376861259,0.012359328329626607,0.0074105857559135044,0.01770352803824471,8.851764019122355e-06,0.007401733991894382,1.2071815731150464,-0.014734526115245616,正常
2019-04-25,5899.9068,趋势上行|波动偏低|价格中性,0.5,0.4391409697826137,-0.041194151419449265,-0.018090039603708783,0.16045356790351223,8.02267839517561e-05,-0.01817026638766054,1.185246762353271,-0.0326370622382961,正常
2019-04-26,5834.3774,趋势上行|波动偏高|价格偏弱,0.75,0.5489667039328978,-0.01110685341673523,-0.006097292711250983,0.10982573415028413,5.491286707514207e-05,-0.006152205578326126,1.1779548806102282,-0.038588477900259543,正常
2019-04-29,5622.4844,趋势上行|波动偏高|价格偏弱,0.75,0.5518533378258512,-0.03631801398380574,-0.02004221724016914,0.0028866338929534052,1.4433169464767026e-06,-0.020043660557115615,1.1543443528316792,-0.05785868410492656,正常
2019-04-30,5682.2357,趋势下行|波动偏高|价格偏弱,0.5,0.35565916868568953,0.010627206008788637,0.0037796632545373313,0.1961941691401617,9.809708457008084e-05,0.0036815661699672506,1.158594147949557,-0.054390128508998936,正常
2019-05-06,5246.8299,趋势下行|波动偏高|价格偏弱,0.5,0.40759481739892905,-0.07662579009174164,-0.0312322749204921,0.051935648713239524,2.596782435661976e-05,-0.03125824274484872,1.1223785308301886,-0.08394823141398988,正常
2019-05-07,5312.496,趋势下行|波动偏高|价格偏弱,0.5,0.28798653496816107,0.0125153857189082,0.00360426256697838,0.11960828243076799,5.9804141215383996e-05,0.003544458425762996,1.126356754870685,-0.08070132400439012,正常
2019-05-08,5292.7459,趋势下行|波动偏高|价格偏弱,0.5,0.28660675354090825,-0.003717668681538777,-0.0010655089515565377,0.001379781427252813,6.898907136264065e-07,-0.0010661988422701642,1.1251558346026587,-0.08168147918843716,正常
2019-05-09,5237.8246,趋势下行|波动偏高|价格偏弱,0.5,0.2883318141231482,-0.010376712020125467,-0.0029919362013962536,0.0017250605822399234,8.625302911199618e-07,-0.0029927987316873735,1.1217884696479092,-0.084429821692807,正常
2019-05-10,5445.5262,趋势下行|波动偏高|价格偏弱,0.5,0.28844407557864365,0.03965417245930691,0.011438011117860893,0.00011226145549547706,5.613072774773853e-08,0.011437954987133144,1.1346194356688268,-0.07395757120576796,正常
2019-05-13,5405.6148,趋势下行|波动偏高|价格偏弱,0.5,0.26130173696564624,-0.007329209067068687,-0.0019151350598094114,0.02714233861299742,1.357116930649871e-05,-0.0019287062291159101,1.1324310880955764,-0.07574363500660908,正常
2019-05-14,5368.2288,趋势下行|波动偏高|价格偏弱,0.5,0.2615862537557637,-0.0069161420824881414,-0.001809167697800659,0.0002845167901174839,1.4225839505874193e-07,-0.0018093099561957177,1.1303821692531795,-0.07741590124986897,正常
2019-05-15,5486.3865,趋势下行|波动偏高|价格偏弱,0.5,0.2638397827168399,0.022010555883907212,0.005807260281886941,0.0022535289610761677,1.1267644805380839e-06,0.005806133517406402,1.136945319053559,-0.07205925479148956,正常
2019-05-16,5527.2751,趋势下行|波动偏高|价格中性,0.5,0.25582311136407443,0.007452737790164754,0.001906582569660564,0.008016671352765459,4.00833567638273e-06,0.0019025742339841812,1.1391084419230393,-0.07029377863899167,正常
2019-05-17,5330.9863,趋势下行|波动偏高|价格中性,0.5,0.2544544267798829,-0.03551276107100232,-0.009036379261692835,0.0013686845841915374,6.843422920957687e-07,-0.009037063603984931,1.1288142464815447,-0.0786955928944515,正常
2019-05-20,5313.1491,趋势下行|波动偏高|价格偏弱,0.5,0.25264781968260885,-0.0033459474469105244,-0.0008453463272345357,0.0018066070972740378,9.033035486370189e-07,-0.0008462496307831726,1.127858987842237,-0.07947524640880355,正常
2019-05-21,5418.0453,趋势下行|波动偏高|价格偏弱,0.5,0.25512138359265835,0.019742754819359387,0.00503679892544559,0.002473563910049492,1.2367819550247461e-06,0.005035562143490565,1.133538391864611,-0.07483988680747367,正常
2019-05-22,5395.4299,趋势下行|波动偏高|价格中性,0.5,0.24809865929257424,-0.004174088393096298,-0.001035585734095887,0.007022724300084104,3.5113621500420523e-06,-0.001039097096245929,1.1323605354131412,-0.07580121799465456,正常
2019-05-23,5267.8266,趋势下行|波动偏高|价格中性,0.5,0.2502403657696946,-0.023650256303024086,-0.005918248787815773,0.002141706477120364,1.070853238560182e-06,-0.005919319641054333,1.1256577314551155,-0.08127184599721715,正常
2019-05-24,5200.774,趋势下行|波动偏高|价格偏弱,0.5,0.24777920935663164,-0.012728702953130555,-0.0031539079538621113,0.002461156413062965,1.2305782065314825e-06,-0.0031551385320686427,1.1221061253726805,-0.0841705605964076,正常
2019-05-27,5354.634,趋势下行|波动偏高|价格偏弱,0.5,0.24863528895275405,0.029584058065203367,0.007355640825436893,0.000856079596122411,4.280397980612055e-07,0.0073552127856388325,1.1303594546928653,-0.07743444019424195,正常
2019-05-28,5354.5254,趋势下行|波动偏高|价格中性,0.5,0.23994380249473926,-2.028149823118941e-05,-4.866419805881916e-06,0.008691486458014791,4.345743229007395e-06,-9.212163034889311e-06,1.1303490416372806,-0.07744293901858923,正常
2019-05-29,5376.5125,趋势下行|波动偏高|价格中性,0.5,0.25131381769600586,0.004106264954873318,0.0010319611222805306,0.011370015201266598,5.685007600633299e-06,0.0010262761146798973,1.1315090918599644,-0.07649614074247457,正常
2019-05-30,5341.9803,趋势下行|波动偏高|价格中性,0.5,0.2511253307647162,-0.006422788006165692,-0.0016129247624800116,0.00018848693128964422,9.424346564482211e-08,-0.0016130190059456563,1.129683946189394,-0.07798577001952112,正常
2019-05-31,5334.2477,趋势下行|波动偏高|价格中性,0.5,0.26263758296827583,-0.0014475156338559225,-0.00038017200738471124,0.011512252203559614,5.756126101779807e-06,-0.0003859281334864911,1.1292479693726114,-0.0783416012503455,正常
2019-06-03,5255.0737,趋势下行|波动偏高|价格中性,0.5,0.26459524521816374,-0.014842580332368183,-0.003927276182713254,0.001957662249887915,9.788311249439573e-07,-0.003928255013838197,1.1248119953750568,-0.08196211047627988,正常
2019-06-04,5160.9769,趋势上行|波动偏高|价格偏弱,0.75,0.40516610696101646,-0.017905895401619243,-0.007254861931525235,0.14057086174285272,7.028543087142636e-05,-0.007325147362396661,1.1165725817539431,-0.08868687330130476,正常
2019-06-05,5158.4652,趋势下行|波动偏高|价格偏弱,0.5,0.26721792168874225,-0.0004866714284266216,-0.0001300473276494533,0.1379481852722742,6.897409263613709e-05,-0.0001990214202855904,1.1163503598928706,-0.08886824413410521,正常
2019-06-06,5030.8005,趋势下行|波动偏高|价格偏弱,0.5,0.267342491203797,-0.024748582194564217,-0.006616347617656731,0.0001245695150547399,6.228475752736995e-08,-0.006616409902414259,1.1089641283171117,-0.09489666530602037,正常
2019-06-10,5098.9383,趋势下行|波动偏高|价格偏弱,0.5,0.12893396705108998,0.013544126824349245,0.0017462980017064296,0.13840852415270702,6.920426207635351e-05,0.001677093739630076,1.1108239651141865,-0.0933787221696869,回撤预警，仓位减半
2019-06-11,5289.6243,趋势下行|波动偏低|价格偏弱,0.5,0.14683997845887267,0.03739719698118349,0.0054914035991392015,0.017906011407782696,8.953005703891348e-06,0.00548245059343531,1.1169140026209288,-0.08840821580702518,回撤预警，仓位减半
2019-06-12,5264.8861,趋势下行|波动偏高|价格中性,0.5,0.25772544133408476,-0.004676740463401274,-0.0012053149999350656,0.11088546287521209,5.544273143760604e-05,-0.0012607577313726716,1.115505844656846,-0.0895575121968023,正常
2019-06-13,5294.1125,趋势下行|波动偏高|价格中性,0.5,0.25815520526362346,0.005551193215747041,0.0014330694240692113,0.0004297639295386957,2.1488196476934786e-07,0.001432854542104442,1.1171042022731066,-0.08825298054282871,正常
2019-06-14,5173.0685,趋势下行|波动偏高|价格中性,0.5,0.2683550286334181,-0.02286388889544755,-0.0061356395592091165,0.010199823369794636,5.0999116848973184e-06,-0.006140739470894014,1.1102443564051065,-0.09385178145267925,正常
2019-06-17,5160.6726,趋势下行|波动偏高|价格偏弱,0.5,0.1307801243608828,-0.002396237358929354,-0.00031338021979897425,0.1375749042725353,6.878745213626765e-05,-0.0003821676719352419,1.10982005690414,-0.09419808200778967,回撤预警，仓位减半
2019-06-18,5160.8783,趋势下行|波动偏高|价格偏弱,0.5,0.1436237934069928,3.985914549198277e-05,5.724721677519802e-06,0.012843669046110007,6.421834523055003e-06,-6.971128455352007e-07,1.109819283234322,-0.09419871345394226,回撤预警，仓位减半
2019-06-19,5234.2753,趋势下行|波动偏高|价格偏弱,0.5,0.14364639217612324,0.014221804067729993,0.0020429108445651272,2.2598769130438567e-05,1.1299384565219283e-08,0.002042899545180562,1.1120865325432743,-0.09234825241763323,回撤预警，仓位减半
2019-06-20,5317.31,趋势下行|波动偏低|价格中性,1.0,0.29292535460470465,0.01586364782914651,0.004646864665676894,0.1492789624285814,7.46394812142907e-05,0.004572225184462603,1.1171712425946705,-0.08819826423861554,回撤预警，仓位减半
2019-06-21,5406.04,趋势下行|波动偏高|价格偏强,0.75,0.4279674213040339,0.016687009032762656,0.0071414962250285555,0.13504206669932928,6.752103334966464e-05,0.007073975191678891,1.1250740842496423,-0.08174820138010974,正常
2019-06-24,5403.7981,趋势上行|波动偏低|价格偏强,0.75,0.44094226886714083,-0.0004147028138896669,-0.00018285999966209736,0.012974847563106906,6.487423781553453e-06,-0.0001893474234436508,1.1248610543706064,-0.08192206999225093,正常
2019-06-25,5351.6898,趋势上行|波动偏低|价格偏强,0.75,0.45004504602845363,-0.00964290283162128,-0.004339740648704905,0.009102777161312803,4.551388580656401e-06,-0.004344292037285561,1.1199743294490514,-0.0859104686331913,正常
2019-06-26,5351.391,趋势下行|波动偏低|价格偏强,0.5,0.32403093950693085,-5.5832832463575954e-05,-1.8091565158505586e-05,0.12601410652152278,6.300705326076139e-05,-8.109861841926698e-05,1.119883501078268,-0.08598460003129671,正常
2019-06-27,5397.5712,趋势下行|波动偏低|价格偏强,0.5,0.32403062623264056,0.008629569396069403,0.0027962447755263986,3.132742902867136e-07,1.566371451433568e-10,0.0027962446188892535,1.123014969291941,-0.08342878938755238,正常
2019-06-28,5321.4331,趋势上行|波动偏低|价格偏强,0.75,0.482845012967138,-0.014105992710202742,-0.006811008233072196,0.15881438673449744,7.940719336724872e-05,-0.006890415426439445,1.1152769296234093,-0.08974434579658663,正常
2019-07-01,5481.4086,趋势下行|波动偏低|价格中性,1.0,0.632071514296166,0.03006248448373805,0.019001640091141303,0.14922650132902804,7.461325066451402e-05,0.01892702684047679,1.136385806004956,-0.0725159125977829,正常
2019-07-02,5483.515,趋势上行|波动偏低|价格偏强,0.75,0.43382855298405737,0.00038428078505226004,0.00016671197691879957,0.19824296131210867,9.912148065605433e-05,6.759049626274523e-05,1.13646261488553,-0.07245322348803951,正常
2019-07-03,5428.5142,趋势上行|波动偏低|价格偏强,0.75,0.4456976773191321,-0.01003020872560767,-0.004470440732029431,0.011869124335074754,5.934562167537378e-06,-0.004476375294196968,1.1313753817134777,-0.07660527096262981,正常
2019-07-04,5404.3836,趋势上行|波动偏低|价格偏强,0.75,0.4576973664776841,-0.004445157387632737,-0.0020345368298983254,0.011999689158551985,5.999844579275993e-06,-0.0020405366744776013,1.1290667687544904,-0.07848949177224973,正常
2019-07-05,5424.2503,趋势上行|波动偏低|价格偏强,0.75,0.4557921171998844,0.0036760343954858055,0.0016755075000180724,0.0019052492777997254,9.526246388998627e-07,0.0016745548753791726,1.1309574530167368,-0.07694637185798392,正常
2019-07-08,5244.2661,趋势上行|波动偏低|价格偏强,0.75,0.49818205044382635,-0.03318139651483265,-0.016530376152348963,0.04238993324394197,2.1194966621970984e-05,-0.016551571118970935,1.1122383303006,-0.09222435963080067,正常
2019-07-09,5260.3435,趋势上行|波动偏低|价格偏弱,0.75,0.21909782565142044,0.0030657101858351243,0.0006716904357938878,0.2790842247924059,0.00013954211239620295,0.0005321483233976848,1.1128302060632882,-0.0917412883457569,回撤预警，仓位减半
2019-07-10,5214.6441,趋势下行|波动偏低|价格中性,1.0,0.33952322530036766,-0.008687531527171055,-0.002949618724003745,0.12042539964894722,6.021269982447361e-05,-0.0030098314238282188,1.1094807747396935,-0.0944749939570596,回撤预警，仓位减半
2019-07-11,5206.3985,趋势下行|波动偏低|价格偏弱,0.5,0.16863444066320687,-0.0015812392642482465,-0.0002666513988812038,0.17088878463716078,8.544439231858039e-05,-0.0003520957911997842,1.1090901312284906,-0.09479382550051352,回撤预警，仓位减半
2019-07-12,5219.1888,趋势下行|波动偏低|价格偏弱,0.5,0.16942927899735474,0.00245665021607544,0.00041622847485835754,0.0007948383341478682,3.974191670739341e-07,0.0004158310556912836,1.109551325348616,-0.09441741266135328,回撤预警，仓位减半
2019-07-15,5273.8148,趋势上行|波动偏低|价格偏弱,0.75,0.27295360770500177,0.010466377456971987,0.0028568354864828057,0.10352432870764702,5.1762164353823516e-05,0.0028050733221289823,1.1126636981708842,-0.09187718710462511,回撤预警，仓位减半
2019-07-16,5285.229,趋势上行|波动偏低|价格中性,0.5,0.17977093060266022,0.002164315667664285,0.0003890810416939264,0.09318267710234154,4.659133855117077e-05,0.00034248970314275563,1.1130447740305685,-0.09156616439201948,回撤预警，仓位减半
2019-07-17,5289.4244,趋势上行|波动偏低|价格中性,0.5,0.17978452083227692,0.0007937972034890439,0.00014271244986727917,1.3590229616694538e-05,6.795114808347269e-09,0.00014270565475247082,1.1132036118138153,-0.09143652574670968,回撤预警，仓位减半
2019-07-18,5194.6017,趋势上行|波动偏低|价格中性,0.5,0.1846179360971497,-0.017926846633822713,-0.0033096174262664847,0.00483341526487277,2.4167076324363853e-06,-0.003312034133898921,1.1095166434535084,-0.09444571898625032,回撤预警，仓位减半
2019-07-19,5220.0273,趋势下行|波动偏低|价格偏弱,0.5,0.18310985784261605,0.004894619735715144,0.0008962531240004631,0.0015080782545336402,7.540391272668201e-07,0.0008954990848731963,1.1105102145923726,-0.09363479595629953,回撤预警，仓位减半
2019-07-22,5073.3332,趋势下行|波动偏低|价格偏弱,0.5,0.1916610843815285,-0.028102171036538448,-0.0053860925743381425,0.008551226538912465,4.275613269456233e-06,-0.005390368187607598,1.1045241556596206,-0.09852043811853117,回撤预警，仓位减半
2019-07-23,5131.0973,趋势下行|波动偏低|价格偏弱,0.5,0.17357179997634548,0.011385828157314926,0.0019762586874865085,0.018089284405183037,9.044642202591519e-06,0.001967214045283917,1.1066969910919897,-0.0967470348628614,回撤预警，仓位减半
2019-07-24,5194.829,趋势下行|波动偏低|价格偏弱,0.5,0.17027484295069464,0.012420676567563627,0.0021149287518832695,0.003296957025650832,1.648478512825416e-06,0.0021132802733704443,1.109035752011863,-0.09483820818977362,回撤预警，仓位减半
2019-07-25,5211.0858,趋势下行|波动偏低|价格偏弱,0.5,0.16603971752908234,0.0031294196594344736,0.000519607956282457,0.004235125421612307,2.1175627108061533e-06,0.0005174903935716509,1.1096096673596567,-0.09436979565788373,回撤预警，仓位减半
2019-07-26,5216.6018,趋势下行|波动偏低|价格中性,1.0,0.33550984423904867,0.0010585126040336679,0.0003551413989044057,0.16947012670996633,8.473506335498316e-05,0.00027040633554942256,1.1099097128436977,-0.09412490751296465,回撤预警，仓位减半
2019-07-29,5218.9831,趋势下行|波动偏低|价格中性,1.0,0.342532000696354,0.0004564849093906531,0.00015636068930127426,0.007022156457305306,3.5110782286526532e-06,0.0001528496110726216,1.1100793621116314,-0.09398644485739771,回撤预警，仓位减半
2019-07-30,5239.7181,趋势下行|波动偏低|价格中性,1.0,0.3998306066684634,0.003972996195369838,0.0015885254790862192,0.057298605972109395,2.86493029860547e-05,0.0015598761761001646,1.1118109484621699,-0.09257317589750691,回撤预警，仓位减半
2019-07-31,5200.0945,趋势下行|波动偏低|价格中性,1.0,0.3975273757042933,-0.007562162552218199,-0.0030061666340325814,0.0023032309641700666,1.1516154820850334e-06,-0.0030073182495146665,1.1084673791068493,-0.09530209714572957,回撤预警，仓位减半
2019-08-01,5173.2289,趋势下行|波动偏低|价格中性,1.0,0.39988745320240854,-0.005166367649664827,-0.002065965601731781,0.0023600774981152317,1.1800387490576158e-06,-0.0020671456404808388,1.1061760155965135,-0.09717223947156683,回撤预警，仓位减半
2019-08-02,5091.0633,趋势下行|波动偏低|价格中性,1.0,0.39960445478850715,-0.01588284639792381,-0.006346856175331949,0.0002829984139013919,1.4149920695069596e-07,-0.0063469976745389,1.0991551189978916,-0.10290248516815004,回撤预警，仓位减半
2019-08-05,5032.6422,趋势下行|波动偏低|价格偏弱,0.5,0.19502751158358902,-0.01147522561740677,-0.0022379846970230965,0.20457694320491812,0.00010228847160245906,-0.0023402731686255557,1.0965827957647436,-0.10500193841175154,回撤预警，仓位减半
2019-08-06,4899.8161,趋势下行|波动偏低|价格偏弱,0.5,0.2125,-0.02639291543515654,-0.005608494529970765,0.01747248841641097,8.736244208205484e-06,-0.00561723077417897,1.0904230371379386,-0.1100293490661356,回撤预警，仓位减半
2019-08-07,4885.4401,趋势下行|波动偏低|价格偏弱,0.5,0.20729379413559756,-0.002933987665373894,-0.0006081974351023984,0.00520620586440243,2.603102932201215e-06,-0.0006108005380345996,1.0897570061601694,-0.11057294361856107,回撤预警，仓位减半
2019-08-08,4923.3268,趋势下行|波动偏低|价格偏弱,0.5,0.20845367275162577,0.007755022930278077,0.0016165630120895402,0.0011598786160282037,5.799393080141018e-07,0.0016159830727815261,1.0915180350355693,-0.10913564455097469,回撤预警，仓位减半
2019-08-09,4869.7924,趋势下行|波动偏低|价格偏弱,0.5,0.20396864777346776,-0.01087362309566764,-0.002217878199221677,0.004485024978158003,2.2425124890790015e-06,-0.0022201207117107558,1.089094733238781,-0.11111347095783197,回撤预警，仓位减半
2019-08-12,4952.2171,趋势下行|波动偏低|价格偏弱,0.5,0.20279866765885063,0.01692571124797837,0.0034325116902684354,0.0011699801146171362,5.849900573085681e-07,0.003431926700211127,1.0928324265328426,-0.10806287754535404,回撤预警，仓位减半
2019-08-13,4928.4648,趋势下行|波动偏低|价格偏弱,0.5,0.19500578802561855,-0.004796296188226523,-0.0009353055177893836,0.0077928796332320804,3.89643981661604e-06,-0.0009392019576059997,1.0918060361785076,-0.108900586636825,回撤预警，仓位减半
2019-08-14,4961.7505,趋势下行|波动偏低|价格偏弱,0.5,0.19591328534967747,0.0067537664061232405,0.0013231525651078882,0.0009074973240589257,4.5374866202946284e-07,0.0013226988164458588,1.0932501667303494,-0.10772193049743395,回撤预警，仓位减半
2019-08-15,4985.4213,趋势下行|波动偏低|价格偏弱,0.5,0.1931139676268172,0.004770655033944138,0.0009212801217838007,0.0027993177228602673,1.3996588614301336e-06,0.0009198804629223706,1.0942558261998114,-0.10690114133380424,回撤预警，仓位减半
2019-08-16,5013.5824,趋势下行|波动偏低|价格中性,1.0,0.3987478779007499,0.005648690111706323,0.002252403194961846,0.20563391027393269,0.00010281695513696633,0.0021495862398248798,1.0966080234666586,-0.10498134831641215,回撤预警，仓位减半
2019-08-19,5173.1766,趋势下行|波动偏低|价格中性,1.0,0.39796616909940397,0.03183236800895095,0.012668205549884631,0.0007817088013459261,3.908544006729631e-07,0.012667814695483958,1.1104996507015152,-0.09364341788788255,回撤预警，仓位减半
2019-08-20,5185.2652,趋势上行|波动偏低|价格偏强,0.5,0.18976779882532802,0.0023367847136708253,0.0004434464914419869,0.20819837027407595,0.00010409918513703798,0.0003393473063049489,1.1108764957666333,-0.09333584822319108,回撤预警，仓位减半
2019-08-21,5186.6218,趋势上行|波动偏低|价格偏强,0.5,0.1932449885960031,0.00026162596273771044,5.0557906185667185e-05,0.003477189770675071,1.7385948853375356e-06,4.881931130032965e-05,1.1109307279920964,-0.09329158550372063,回撤预警，仓位减半
2019-08-22,5208.552,趋势下行|波动偏低|价格偏强,0.75,0.29736263351852776,0.004228224236438427,0.001257315894054197,0.10411764492252468,5.2058822461262346e-05,0.0012052570715929346,1.112269685108059,-0.092198768775276,回撤预警，仓位减半
2019-08-23,5197.5481,趋势下行|波动偏低|价格偏强,0.75,0.4017388982064661,-0.002112660102078223,-0.0008487377416936655,0.10437626468793831,5.218813234396915e-05,-0.0009009258740376346,1.1112676125698373,-0.0930166303929697,回撤预警，仓位减半
2019-08-26,5168.6795,趋势下行|波动偏低|价格偏强,0.75,0.29677244539394926,-0.005554272792588466,-0.0016483551190415585,0.10496645281251682,5.248322640625841e-05,-0.001700838345447817,1.1093775260023244,-0.09455926248668067,回撤预警，仓位减半
2019-08-27,5266.6579,趋势下行|波动偏低|价格偏强,0.75,0.295335952006733,0.01895617633091784,0.00559844038309912,0.0014364933872162422,7.182466936081211e-07,0.005597722136405511,1.1155875131372583,-0.08949085682709912,回撤预警，仓位减半
2019-08-28,5256.1774,趋势上行|波动偏低|价格偏强,0.5,0.37189907981882475,-0.0019899716668516643,-0.0007400686317676668,0.07656312781209174,3.828156390604587e-05,-0.0007783501956737127,1.1147191953781168,-0.09019955179685035,正常
2019-08-29,5260.9496,趋势上行|波动偏低|价格偏强,0.5,0.18767891236581474,0.0009079221717289698,0.00017039784570290154,0.18422016745301,9.2110083726505e-05,7.828776197639653e-05,1.1148064642491553,-0.09012832555591532,回撤预警，仓位减半
2019-08-30,5182.9555,趋势上行|波动偏低|价格偏强,0.5,0.1887419427797093,-0.014825099255845298,-0.002798118035450264,0.00106303041389455,5.315152069472751e-07,-0.002798649550657211,1.1116865116389147,-0.09267473750875388,回撤预警，仓位减半
2019-09-02,5317.5333,趋势上行|波动偏低|价格中性,0.5,0.18980160867213544,0.025965455424033612,0.004928285209386205,0.0010596658924261482,5.298329462130741e-07,0.004927755376439992,1.1171646308235592,-0.08820366056833284,回撤预警，仓位减半
2019-09-03,5357.0603,趋势上行|波动偏低|价格偏强,0.5,0.48302152422550687,0.007433333797834507,0.003590460221106999,0.29321991555337146,0.00014660995777668573,0.0034438502633303133,1.1210119785316042,-0.0850635705046775,正常
2019-09-04,5394.7063,趋势上行|波动偏低|价格偏强,0.5,0.5604982695845037,0.007027361629661,0.003938824033169528,0.07747674535899679,3.8738372679498394e-05,0.00390008566049003,1.125384021274313,-0.08149524005574282,正常
2019-09-05,5445.5743,趋势上行|波动偏低|价格偏强,0.5,0.5665382077053625,0.009429243627220307,0.0053420267845826035,0.00603993812085879,3.0199690604293948e-06,0.005339006815522174,1.1313924542339762,-0.0765913368823109,正常
2019-09-06,5468.4591,趋势上行|波动偏低|价格偏强,0.5,0.5652168928929895,0.004202458499188877,0.002375300535423273,0.0013213148123729646,6.606574061864823e-07,0.0023746398780170866,1.1340791038734879,-0.07439857384716508,正常
2019-09-09,5602.2416,趋势上行|波动偏低|价格偏强,0.5,0.575,0.02446438705192122,0.0140670225548547,0.00978310710701047,4.891553553505234e-06,0.014062131001301196,1.150026672797995,-0.06138264533761273,正常
2019-09-10,5614.5756,趋势上行|波动偏低|价格偏强,0.5,0.5703758034343125,0.0022016187234765727,0.0012557500482589757,0.004624196565687466,2.312098282843733e-06,0.001253437949976132,1.151468159873165,-0.060206146724772536,正常
2019-09-11,5566.4083,趋势上行|波动偏低|价格偏强,0.5,0.575,-0.00857897433957433,-0.004932910245255239,0.004624196565687466,2.312098282843733e-06,-0.004935222343538083,1.1457854084826864,-0.0648442383477762,正常
2019-09-12,5592.9216,趋势上行|波动偏低|价格偏强,0.5,0.558091964632239,0.004763089333565285,0.0026582418838883115,0.016908035367760976,8.454017683880489e-06,0.002649787866204431,1.1488214967553578,-0.06236627395753902,正常
2019-09-16,5627.2352,趋势上行|波动偏低|价格偏强,0.5,0.5580902334304595,0.0061351834433009955,0.003423985960010543,1.731201779486824e-06,8.65600889743412e-10,0.0034239850944096533,1.1527550444363854,-0.059155830055553915,正常
2019-09-17,5492.2224,趋势上行|波动偏低|价格偏强,0.5,0.5580850102838796,-0.023992741586490007,-0.01338998943503474,5.223146579913518e-06,2.611573289956759e-09,-0.01338999204660803,1.137319663559695,-0.07175372600820762,正常
2019-09-18,5485.8788,趋势上行|波动偏低|价格中性,0.5,0.5517225487142607,-0.0011550151355850247,-0.0006372478944085173,0.006362461569618838,3.181230784809419e-06,-0.0006404291251933267,1.1365912909224962,-0.0723482019574242,正常
2019-09-19,5550.4072,趋势上行|波动偏低|价格中性,0.5,0.5499991449629859,0.011762636826755823,0.006469440197225832,0.0017234037512748879,8.617018756374439e-07,0.006468578495350195,1.1439434209049597,-0.06634761348543305,正常
2019-09-20,5556.4776,趋势上行|波动偏低|价格偏强,0.5,0.5434004185642386,0.0010936855227487996,0.0005943091708393458,0.006598726398747257,3.2993631993736285e-06,0.0005910098076399722,1.1446195026861,-0.06579581576807636,正常
2019-09-23,5501.2148,趋势上行|波动偏低|价格偏强,0.5,0.5429500605988461,-0.00994565333980657,-0.005399993083543094,0.0004503579653925005,2.2517898269625025e-07,-0.00540021826252579,1.1384383075440512,-0.07084072226469373,正常
2019-09-24,5528.8929,趋势上行|波动偏低|价格中性,0.5,0.5292950322753759,0.0050312705477342234,0.002663026506949134,0.013655028323470209,6.827514161735105e-06,0.002656198992787399,1.1414622262299001,-0.06837269032703419,正常
2019-09-25,5421.6247,趋势上行|波动偏低|价格中性,0.5,0.5361122687020288,-0.019401388657754537,-0.010401322489278594,0.006817236426652884,3.408618213326442e-06,-0.01040473110749192,1.1295856186966189,-0.07806602197657753,正常
2019-09-26,5244.0766,趋势上行|波动偏低|价格中性,0.5,0.5173307537055639,-0.032748135443606,-0.016941617591492583,0.018781514996464854,9.390757498232427e-06,-0.016951008348990815,1.1104380034431927,-0.0936937325352708,正常
2019-09-27,5291.4359,趋势下行|波动偏低|价格偏弱,0.5,0.16337259918508976,0.009031008433400878,0.001475419321027167,0.3539581545204742,0.0001769790772602371,0.00129844024376693,1.1118798408350716,-0.09251694800441634,回撤预警，仓位减半
2019-09-30,5232.3865,趋势上行|波动偏低|价格偏弱,0.75,0.24278954774493103,-0.011159428388804793,-0.00270939257160986,0.07941694855984127,3.9708474279920635e-05,-0.0027491010458897806,1.1088231708017282,-0.0950117106117846,回撤预警，仓位减半
2019-10-08,5237.1816,趋势上行|波动偏低|价格偏弱,0.75,0.2456896761017087,0.0009164269497294875,0.00022515664044991466,0.002900128356777665,1.4500641783888323e-06,0.00022370657627152584,1.109071221836959,-0.09480925877999957,回撤预警，仓位减半
2019-10-09,5285.1493,趋势下行|波动偏低|价格偏弱,0.5,0.17917799899769649,0.009159067541213428,0.001641103394719374,0.0665116771040122,3.32558385520061e-05,0.001607847556167368,1.110854439290605,-0.09335385005886376,回撤预警，仓位减半
2019-10-10,5366.9254,趋势下行|波动偏低|价格偏弱,0.5,0.17837994078678815,0.015472807929948207,0.002760038562349507,0.0007980582109083367,3.9902910545416835e-07,0.002759639533244053,1.113919997116951,-0.0908518335008226,回撤预警，仓位减半
2019-10-11,5370.6541,趋势下行|波动偏低|价格中性,1.0,0.3470646520869336,0.000694755324901708,0.0002411250151225558,0.16868471130014545,8.434235565007273e-05,0.00015678265947248306,1.1140946404565386,-0.09070929483342438,回撤预警，仓位减半
2019-10-14,5455.6064,趋势下行|波动偏低|价格中性,1.0,0.4757772523052663,0.015817868441760252,0.007525781984546877,0.1287126002183327,6.435630010916635e-05,0.00746142568443771,1.1224073748217354,-0.0839246898112741,回撤预警，仓位减半
2019-10-15,5375.5288,趋势下行|波动偏低|价格中性,1.0,0.9211050599977243,-0.014678038357019196,-0.013520015401491066,0.445327807692458,0.000222663903846229,-0.013742679305337294,1.1069824902196146,-0.09651401901873524,正常
2019-10-16,5353.0154,趋势下行|波动偏低|价格中性,1.0,0.4912764626759541,-0.004188127501056238,-0.002057528463954792,0.4298285973217702,0.00021491429866088508,-0.002272442762615677,1.1044669358713728,-0.09856713919734084,回撤预警，仓位减半
2019-10-17,5347.2673,趋势下行|波动偏低|价格中性,1.0,0.49235452936290824,-0.0010738059897977825,-0.000528693242733959,0.0010780666869541489,5.390333434770745e-07,-0.0005292322760774361,1.1038824163210492,-0.09904420656199442,回撤预警，仓位减半
2019-10-18,5280.5324,趋势下行|波动偏低|价格中性,1.0,0.4953941764170806,-0.012480187777409335,-0.006182612345520214,0.0030396470541723675,1.5198235270861836e-06,-0.0061841321690473,1.0970558615594326,-0.10461583626708393,回撤预警，仓位减半
2019-10-21,5247.2982,趋势下行|波动偏低|价格偏弱,0.5,0.2457676606474102,-0.006293721443693778,-0.0015467931959830612,0.2496265157696704,0.0001248132578848352,-0.0016716064538678964,1.0952220159009962,-0.106112566213871,回撤预警，仓位减半
2019-10-22,5312.4584,趋势下行|波动偏低|价格偏弱,0.5,0.1837268383693229,0.012417857250803799,0.002281493652011754,0.0620408222780873,3.1020411139043645e-05,0.0022504732408727105,1.0976867837405961,-0.10410089646378284,回撤预警，仓位减半
2019-10-23,5269.7225,趋势下行|波动偏低|价格中性,1.0,0.5,-0.008044467698796631,-0.004022233849398316,0.3162731616306771,0.00015813658081533855,-0.004180370430213654,1.0930980463682105,-0.10784608658466066,回撤预警，仓位减半
2019-10-24,5259.4545,趋势下行|波动偏低|价格偏弱,0.5,0.25656675530281825,-0.00194848969751249,-0.0004999176794317494,0.24343324469718175,0.00012171662234859086,-0.0006216343017803402,1.092418539127379,-0.10840068005970716,回撤预警，仓位减半
2019-10-25,5300.0943,趋势下行|波动偏低|价格偏弱,0.5,0.26522069532097536,0.007726999064256557,0.00204936006456665,0.008653940018157114,4.3269700090785566e-06,0.0020450330945575713,1.0946525711930029,-0.10657732994334412,回撤预警，仓位减半
2019-10-28,5425.7542,趋势下行|波动偏低|价格中性,1.0,0.5,0.02370899325319553,0.011854496626597766,0.23477930467902464,0.00011738965233951233,0.011737106974258253,1.107500625520742,-0.09609113249166168,回撤预警，仓位减半
2019-10-29,5366.7544,趋势下行|波动偏低|价格偏强,0.75,0.35916252586649783,-0.010874027430140543,-0.0039055431581508596,0.14083747413350217,7.041873706675109e-05,-0.003975961895217611,1.1030972452347418,-0.09968503970562426,回撤预警，仓位减半
2019-10-30,5313.4166,趋势下行|波动偏低|价格中性,1.0,0.4747804001208839,-0.009938558023076305,-0.004718632554820789,0.11561787425438608,5.780893712719304e-05,-0.004776441491947982,1.097828365782949,-0.10398534143779581,回撤预警，仓位减半
2019-10-31,5253.8811,趋势下行|波动偏低|价格中性,1.0,0.4926839406017915,-0.011204749125073299,-0.005520399952395588,0.017903540480907587,8.951770240453793e-06,-0.005529351722636042,1.0917580866174483,-0.10893972163362398,回撤预警，仓位减半
2019-11-01,5303.9905,趋势上行|波动偏低|价格偏弱,0.75,0.43124999999999997,0.009537596882426724,0.004113088655546524,0.061433940601791526,3.0716970300895765e-05,0.004082371685245628,1.0962150489173934,-0.10530208238337391,回撤预警，仓位减半
2019-11-04,5337.0832,趋势上行|波动偏低|价格中性,0.5,0.2875,0.006239208007631225,0.001793772302193977,0.14375,7.1875e-05,0.0017218973021939769,1.0981026186527487,-0.10376150445275123,回撤预警，仓位减半
2019-11-05,5352.061,趋势上行|波动偏低|价格中性,0.5,0.2875,0.00280636434522874,0.0008068297492532627,0.0,0.0,0.0008068297492532627,1.0989886005132106,-0.10303839257211778,回撤预警，仓位减半
2019-11-06,5304.8381,趋势上行|波动偏低|价格中性,0.5,0.2875,-0.008823311244023468,-0.002536701982656747,0.0,0.0,-0.002536701982656747,1.0962007939513716,-0.10531371686004709,回撤预警，仓位减半
2019-11-07,5340.1711,趋势上行|波动偏低|价格中性,0.5,0.2875,0.006660523720789735,0.0019149005697270487,0.0,0.0,0.0019149005697270487,1.0982999094762442,-0.10360048158673552,回撤预警，仓位减半
2019-11-08,5321.7779,趋势下行|波动偏低|价格中性,1.0,0.5,-0.003444309115863242,-0.001722154557931621,0.21250000000000002,0.00010625,-0.001828404557931621,1.096291772915782,-0.10523946255193006,回撤预警，仓位减半
2019-11-11,5183.5711,趋势下行|波动偏低|价格中性,1.0,0.5,-0.025970042830987028,-0.012985021415493514,0.0,0.0,-0.012985021415493514,1.0820564007668412,-0.11685794729243171,回撤预警，仓位减半
2019-11-12,5196.7152,趋势下行|波动偏低|价格偏弱,0.5,0.2875,0.002535722911179761,0.0007290203369641812,0.21250000000000002,0.00010625,0.0006227703369641812,1.082730273396161,-0.11630795261867977,回撤预警，仓位减半
2019-11-13,5181.4922,趋势下行|波动偏低|价格偏弱,0.5,0.2875,-0.0029293504481445742,-0.0008421882538415651,0.0,0.0,-0.0008421882538415651,1.0818184106778281,-0.11705218768099745,回撤预警，仓位减半
2019-11-14,5216.6437,趋势下行|波动偏低|价格偏弱,0.5,0.2875,0.006784049583245633,0.0019504142551831194,0.0,0.0,0.0019504142551831194,1.0839284047275337,-0.1153300736812678,回撤预警，仓位减半
2019-11-15,5152.5637,趋势下行|波动偏低|价格偏弱,0.5,0.2875,-0.012283760150228362,-0.003531581043190654,0.0,0.0,-0.003531581043190654,1.0801004237212222,-0.11845435722253572,回撤预警，仓位减半
2019-11-18,5189.3522,趋势下行|波动偏低|价格偏弱,0.5,0.2875,0.00713984380241639,0.002052705093194712,0.0,0.0,0.002052705093194712,1.0823175513621563,-0.11664480399172295,回撤预警，仓位减半
2019-11-19,5286.1488,趋势下行|波动偏低|价格偏弱,0.5,0.2875,0.018652925503880757,0.0053627160823657176,0.0,0.0,0.0053627160823657176,1.088121713101073,-0.11190762087564798,回撤预警，仓位减半
2019-11-20,5259.4697,趋势下行|波动偏低|价格中性,1.0,0.5,-0.00504698240806245,-0.002523491204031225,0.21250000000000002,0.00010625,-0.002629741204031225,1.08526023459713,-0.11424307399801736,回撤预警，仓位减半
2019-11-21,5250.665,趋势下行|波动偏低|价格中性,1.0,0.5,-0.0016740661135474788,-0.0008370330567737394,0.0,0.0,-0.0008370330567737394,1.0843518359055702,-0.11498448182534737,回撤预警，仓位减半
2019-11-22,5181.1093,趋势下行|波动偏低|价格中性,1.0,0.5,-0.013247026805176088,-0.006623513402588044,0.0,0.0,-0.006623513402588044,1.0771696169873286,-0.12084639397147567,回撤预警，仓位减半
2019-11-25,5151.3684,趋势下行|波动偏低|价格偏弱,0.5,0.27641441534351535,-0.005740257207081045,-0.0015866898398167076,0.22358558465648465,0.00011179279232824233,-0.00169848263214495,1.0753400631010013,-0.12233962110230279,回撤预警，仓位减半
2019-11-26,5147.7282,趋势下行|波动偏低|价格偏弱,0.5,0.2125,-0.0007066471891237214,-0.0001501625276887908,0.06391441534351536,3.195720767175768e-05,-0.00018211973536054848,1.0751442224532868,-0.12249946037824411,回撤预警，仓位减半
2019-11-27,5145.967,趋势下行|波动偏低|价格偏弱,0.5,0.2125,-0.00034213150569994966,-7.27029449612393e-05,0.0,0.0,-7.27029449612393e-05,1.0750660563020564,-0.1225632572516796,回撤预警，仓位减半
2019-11-28,5131.1284,趋势下行|波动偏低|价格偏弱,0.5,0.2125,-0.0028835396729127716,-0.0006127521804939639,0.0,0.0,-0.0006127521804939639,1.0744073072318823,-0.1231009085290442,回撤预警，仓位减半
2019-11-29,5126.6146,趋势下行|波动偏低|价格偏弱,0.5,0.2125,-0.000879689543531903,-0.00018693402800052937,0.0,0.0,-0.00018693402800052937,1.0742064639462283,-0.1232648308083627,回撤预警，仓位减半
2019-12-02,5137.7835,趋势下行|波动偏低|价格偏弱,0.5,0.2125,0.0021786112028003846,0.00046295488059508173,0.0,0.0,0.00046295488059508173,1.074703773071479,-0.12285894198279612,回撤预警，仓位减半
2019-12-03,5171.3562,趋势下行|波动偏低|价格偏弱,0.5,0.2125,0.006534471528432562,0.0013885751997919193,0.0,0.0,0.0013885751997919193,1.076196080077889,-0.12164096566291416,回撤预警，仓位减半
2019-12-04,5179.6944,趋势下行|波动偏低|价格中性,0.75,0.31875,0.0016123816804574087,0.000513946660645799,0.10624999999999998,5.312499999999999e-05,0.00046082166064579896,1.076692014542691,-0.12123619879406755,回撤预警，仓位减半
2019-12-05,5238.1302,趋势下行|波动偏低|价格中性,0.75,0.31875,0.011281708048258565,0.0035960444403824172,0.0,0.0,0.0035960444403824172,1.0805638468755914,-0.11807612511233168,回撤预警，仓位减半
2019-12-06,5275.5098,趋势下行|波动偏低|价格偏强,0.75,0.43124999999999997,0.007136057824603137,0.0030774249368601026,0.11249999999999999,5.625e-05,0.0030211749368601027,1.083828419287449,-0.11541167880530256,回撤预警，仓位减半
2019-12-09,5294.2815,趋势下行|波动偏低|价格偏强,0.75,0.31875,0.003558272226126924,0.001134199272077957,0.11249999999999999,5.625e-05,0.0010779492720779569,1.0849967313430775,-0.11445813746838196,回撤预警，仓位减半
2019-12-10,5326.3609,趋势上行|波动偏低|价格偏强,0.75,0.31875,0.006059254688289606,0.0019313874318923117,0.0,0.0,0.0019313874318923117,1.0870922803936376,-0.11274781304467396,回撤预警，仓位减半
2019-12-11,5304.8817,趋势上行|波动偏低|价格偏强,0.75,0.31875,-0.0040326219727243595,-0.0012853982538058896,0.0,0.0,-0.0012853982538058896,1.0856949338746937,-0.1138882854564719,回撤预警，仓位减半
2019-12-12,5304.4232,趋势上行|波动偏低|价格偏强,0.75,0.31875,-8.64298255698337e-05,-2.7549506900384487e-05,0.0,0.0,-2.7549506900384487e-05,1.0856650235146212,-0.11391269739726617,回撤预警，仓位减半
2019-12-13,5375.9765,趋势上行|波动偏低|价格偏强,0.75,0.31875,0.013489364875713505,0.004299735054133679,0.0,0.0,0.004299735054133679,1.090333095473274,-0.11010275676124248,回撤预警，仓位减半
2019-12-16,5476.9884,趋势上行|波动偏低|价格偏强,0.75,0.31875,0.01878949805677177,0.005989152505596001,0.0,0.0,0.005989152505596001,1.096863266663962,-0.10477302645717601,回撤预警，仓位减半
2019-12-17,5545.6182,趋势上行|波动偏低|价格偏强,0.75,0.31875,0.01253057245839706,0.003994119971114062,0.0,0.0,0.003994119971114062,1.1012442701429257,-0.10119738252346877,回撤预警，仓位减半
2019-12-18,5543.787,趋势上行|波动偏低|价格偏强,0.75,0.31875,-0.0003302066485572075,-0.00010525336922760988,0.0,0.0,-0.00010525336922760988,1.1011283604731505,-0.10129198452722887,回撤预警，仓位减半
2019-12-19,5568.113,趋势上行|波动偏低|价格偏强,0.75,0.31875,0.004387975223434815,0.001398667102469847,0.0,0.0,0.001398667102469847,1.102668472486541,-0.10003499119126102,回撤预警，仓位减半
2019-12-20,5501.1575,趋势上行|波动偏低|价格偏强,0.75,0.31875,-0.012024809841323258,-0.0038329081369217885,0.0,0.0,-0.0038329081369217885,1.0984420455260202,-0.1034844743964689,回撤预警，仓位减半
2019-12-23,5377.0867,趋势上行|波动偏低|价格偏强,0.75,0.43124999999999997,-0.02255358076913816,-0.009726231706690831,0.11249999999999999,5.625e-05,-0.009782481706690832,1.0876965563098018,-0.11225462112544982,回撤预警，仓位减半
2019-12-24,5471.7354,趋势上行|波动偏低|价格中性,0.5,0.2125,0.01760222687129076,0.0037404732101492867,0.21874999999999997,0.00010937499999999998,0.0036310982101492866,1.0916460893286037,-0.10903113046915025,回撤预警，仓位减半
2019-12-25,5504.4168,趋势上行|波动偏低|价格偏强,0.75,0.31875,0.005972766884889902,0.0019038194445586561,0.10624999999999998,5.312499999999999e-05,0.0018506944445586561,1.0936663926815484,-0.10738221933203473,回撤预警，仓位减半
2019-12-26,5543.6643,趋势上行|波动偏低|价格偏强,0.75,0.31875,0.0071301831649086544,0.0022727458838146335,0.0,0.0,0.0022727458838146335,1.0961520184737816,-0.10535352594520209,回撤预警，仓位减半
2019-12-27,5498.9254,趋势上行|波动偏低|价格偏强,0.75,0.43124999999999997,-0.00807027582820996,-0.003480306450915545,0.11249999999999999,5.625e-05,-0.003536556450915545,1.092275414981664,-0.10851749370430941,回撤预警，仓位减半
2019-12-30,5529.9961,趋势上行|波动偏低|价格偏强,0.75,0.31875,0.005650322152033649,0.0018010401859607254,0.11249999999999999,5.625e-05,0.0017447901859607253,1.09418120640609,-0.1069620437763692,回撤预警，仓位减半
2019-12-31,5567.033,趋势上行|波动偏低|价格偏强,0.75,0.43124999999999997,0.006697454994588625,0.002888277466416344,0.11249999999999999,5.625e-05,0.0028320274664163443,1.0972799576358687,-0.10443293575579149,回撤预警，仓位减半
2020-01-02,5676.5579,趋势上行|波动偏低|价格偏强,0.75,0.43124999999999997,0.019673837033119757,0.008484342220532895,0.0,0.0,0.008484342220532895,1.1065896563081834,-0.09683463830130556,回撤预警，仓位减半
2020-01-03,5706.0438,趋势上行|波动偏低|价格偏强,0.75,0.43124999999999997,0.0051943273581338545,0.0022400536731952245,0.0,0.0,0.0022400536731952245,1.1090684765325165,-0.09481149941532963,回撤预警，仓位减半
2020-01-06,5764.7334,趋势上行|波动偏低|价格偏强,0.75,0.43124999999999997,0.010285515158506175,0.0044356284121057875,0.0,0.0,0.0044356284121057875,1.113987892177995,-0.09079641958382467,回撤预警，仓位减半
2020-01-07,5852.3609,趋势上行|波动偏低|价格偏强,0.75,0.43124999999999997,0.015200616215834017,0.006555265743078419,0.0,0.0,0.006555265743078419,1.1212903788457937,-0.08483634849963828,回撤预警，仓位减半
2020-01-08,5772.4742,趋势上行|波动偏低|价格偏强,0.75,0.8624999999999999,-0.01365033725107423,-0.011773415879051521,0.43124999999999997,0.000215625,-0.011989040879051522,1.1078471826565244,-0.09580828292849808,正常
2020-01-09,5864.1821,趋势上行|波动偏低|价格偏强,0.75,0.4244817791133501,0.015887104354663117,0.006743786321426852,0.4380182208866498,0.00021900911044332489,0.006524777210983527,1.115075638707174,-0.08990863341858979,回撤预警，仓位减半
2020-01-10,5851.8928,趋势上行|波动偏低|价格偏强,0.75,0.8401395183803667,-0.002095654567070837,-0.001760642218670509,0.4156577392670166,0.00020782886963350831,-0.001968471088304017,1.1128806445511068,-0.09170012196142052,正常
2020-01-13,5926.7222,趋势上行|波动偏低|价格偏强,0.75,0.4180746472322169,0.012787213053526925,0.005346009586436468,0.42206487114814983,0.0002110324355740749,0.005134977150862393,1.1185952612325138,-0.0870360228415612,回撤预警，仓位减半
2020-01-14,5914.1131,趋势上行|波动偏低|价格偏强,0.75,0.8380002478018357,-0.0021274997501993242,-0.0017828453178653772,0.4199256005696188,0.00020996280028480943,-0.0019928081181501867,1.1163661155150053,-0.08885538486682132,正常
2020-01-15,5913.518,趋势上行|波动偏低|价格偏强,0.75,0.8624999999999999,-0.00010062370974939228,-8.678794965885083e-05,0.02449975219816425,1.2249876099082125e-05,-9.903782575793296e-05,1.116255553042175,-0.08894562264845507,正常
2020-01-16,5902.1318,趋势上行|波动偏低|价格偏强,0.75,0.8624999999999999,-0.0019254528353511713,-0.0016607030704903851,0.0,0.0,-0.0016607030704903851,1.1144017840177858,-0.09045861345030659,正常
2020-01-17,5879.4121,趋势上行|波动偏低|价格偏强,0.75,0.43124999999999997,-0.0038494057350600963,-0.0016600562232446665,0.43124999999999997,0.000215625,-0.0018756812232446664,1.1123115215163533,-0.09216462315082175,回撤预警，仓位减半
2020-01-20,5954.8668,趋势上行|波动偏低|价格偏强,0.75,0.43124999999999997,0.012833715126041367,0.005534539648105339,0.0,0.0,0.005534539648105339,1.1184676537332299,-0.0871401722636973,回撤预警，仓位减半
2020-01-21,5901.8587,趋势上行|波动偏低|价格偏强,0.75,0.8624999999999999,-0.008901643274371818,-0.007677667324145692,0.43124999999999997,0.000215625,-0.007893292324145693,1.1096392615872122,-0.09434564173498916,正常
2020-01-22,5919.587,趋势上行|波动偏低|价格偏强,0.75,0.43124999999999997,0.003003850295500987,0.0012954104399348007,0.43124999999999997,0.000215625,0.0010797854399348006,1.1108374339054539,-0.09336772934532123,回撤预警，仓位减半
2020-01-23,5699.0083,趋势上行|波动偏低|价格偏强,0.75,0.43124999999999997,-0.037262515104516614,-0.016069459638822788,0.0,0.0,-0.016069459638822788,1.0929868765960167,-0.10793682002586091,回撤预警，仓位减半
2020-02-03,5200.1624,趋势上行|波动偏低|价格中性,0.5,0.25323367309461675,-0.08753205360308047,-0.02216606344742295,0.17801632690538322,8.900816345269161e-05,-0.02225507161087564,1.068662375387625,-0.12778974997761083,回撤预警，仓位减半
2020-02-04,5212.1,趋势下行|波动偏高|价格偏弱,0.5,0.10174510385121566,0.0022956206136948154,0.00023356815774337042,0.1514885692434011,7.574428462170056e-05,0.00015782387312166988,1.0688310358227682,-0.1276520943777758,回撤预警，仓位减半
2020-02-05,5348.3408,趋势下行|波动偏高|价格偏弱,0.5,0.1017680146900448,0.026139329636806652,0.002660147682466463,2.291083882914602e-05,1.1455419414573009e-08,0.0026601362270470483,1.0716742719817525,-0.1253315301114416,回撤预警，仓位减半
2020-02-06,5515.6411,趋势下行|波动偏高|价格偏弱,0.5,0.1332056656667275,0.03128078524838962,0.0041667778215896895,0.031437650976682704,1.5718825488341353e-05,0.004151058996101348,1.0761228551093527,-0.12170072969090451,回撤预警，仓位减半
2020-02-07,5583.5955,趋势下行|波动偏高|价格偏弱,0.5,0.1278627966812976,0.012320308513184441,0.0015753091024721623,0.005342868985429905,2.6714344927149523e-06,0.0015726376679794474,1.0778152064466713,-0.12031948317465746,回撤预警，仓位减半
2020-02-10,5661.5621,趋势下行|波动偏高|价格中性,0.5,0.12912396169823676,0.01396351150437014,0.0018030239246631784,0.001261165016939153,6.305825084695766e-07,0.0018023933421547089,1.079757853398844,-0.11873395286790822,回撤预警，仓位减半
2020-02-11,5623.2586,趋势下行|波动偏高|价格中性,0.5,0.12821085690801637,-0.0067655356107459985,-0.0008674151180954443,0.000913104790220387,4.5655239511019353e-07,-0.0008678716704905544,1.0788207621468895,-0.1194987787043793,回撤预警，仓位减半
2020-02-12,5754.2577,趋势下行|波动偏高|价格中性,0.5,0.12861473329319958,0.02329594089804088,0.002996201225415668,0.0004038763851832161,2.0193819259160804e-07,0.002995999287223076,1.082052908381323,-0.11686079767297852,回撤预警，仓位减半
2020-02-13,5707.5326,趋势下行|波动偏高|价格中性,0.5,0.12694439780986733,-0.008120091667079943,-0.001030800146838385,0.0016703354833322581,8.351677416661291e-07,-0.0010316353145800512,1.0809366243887928,-0.11777187526178923,回撤预警，仓位减半
2020-02-14,5727.8291,趋势下行|波动偏高|价格中性,0.5,0.1275370092601936,0.00355609006946378,0.0004535330921192846,0.0005926114503262692,2.9630572516313456e-07,0.00045323678639412146,1.0814265446307265,-0.11737201702166633,回撤预警，仓位减半
2020-02-17,5936.4827,趋势下行|波动偏高|价格中性,0.5,0.12885880496633764,0.03642804217046214,0.0046940739813491035,0.0013217957061440466,6.608978530720234e-07,0.004693413083496032,1.0865021261241363,-0.11322947929849603,回撤预警，仓位减半
2020-02-18,6072.1933,趋势上行|波动偏高|价格偏强,1.0,0.24482298230921218,0.022860438892545076,0.0055967608265703895,0.11596417734287454,5.798208867143727e-05,0.005538778737898952,1.0925200209989947,-0.10831785359303892,回撤预警，仓位减半
2020-02-19,6018.0505,趋势上行|波动偏高|价格偏强,1.0,0.24185688787250112,-0.008916514564844213,-0.00215652046332305,0.0029660944367110587,1.4830472183555294e-06,-0.0021580035105414055,1.090162358958342,-0.11024210679527235,回撤预警，仓位减半
2020-02-20,6134.388,趋势上行|波动偏高|价格偏强,1.0,0.24103792379316802,0.019331426348117242,0.004659606870910724,0.000818964079333101,4.094820396665505e-07,0.004659197388871057,1.0952416405746461,-0.10609654914252553,回撤预警，仓位减半
2020-02-21,6243.4783,趋势上行|波动偏高|价格偏强,1.0,0.23841965516040917,0.017783403984227952,0.004239913045497875,0.0026182686327588522,1.3091343163794261e-06,0.004238603911181495,1.0998839360760746,-0.10230764647950241,回撤预警，仓位减半
2020-02-24,6380.4145,趋势上行|波动偏高|价格偏强,1.0,0.2367071689257463,0.021932678135519357,0.005191622148418403,0.0017124862346628578,8.562431173314289e-07,0.005190765905301072,1.1055931761112465,-0.09764793561739882,回撤预警，仓位减半
2020-02-25,6407.1434,趋势上行|波动偏高|价格偏强,1.0,0.23453184169381758,0.004189210591255543,0.000982503275210409,0.002175327231928731,1.0876636159643655e-06,0.0009814156115944446,1.1066782225143543,-0.09676235321425941,回撤预警，仓位减半
2020-02-26,6221.835,趋势上行|波动偏高|价格偏强,1.0,0.23512103959329414,-0.028922155854978926,-0.006800207351901924,0.0005891978994765623,2.9459894973828117e-07,-0.006800501950851663,1.0991522551031805,-0.10290482259330835,回撤预警，仓位减半
2020-02-27,6232.089,趋势上行|波动偏高|价格偏强,1.0,0.228203731409061,0.0016480668484457617,0.00037609500442689425,0.00691730818423314,3.45865409211657e-06,0.00037263635033477766,1.0995618391879842,-0.10257053232049673,回撤预警，仓位减半
2020-02-28,5870.9664,趋势上行|波动偏高|价格偏强,1.0,0.22819010265282427,-0.05794567439585663,-0.013222629388677656,1.3628756236727657e-05,6.8143781183638286e-09,-0.013222636203055775,1.0850227330056386,-0.11443691568952485,回撤预警，仓位减半
2020-03-02,6113.4111,趋势上行|波动偏高|价格中性,1.0,0.21433046136769845,0.041295535263155214,0.008850891125378117,0.013859641285125818,6.929820642562909e-06,0.008843961304735554,1.0946186320710989,-0.1066050300389807,回撤预警，仓位减半
2020-03-03,6195.8915,趋势上行|波动偏高|价格中性,1.0,0.28008856623690415,0.013491714960899515,0.0037788750994753343,0.06575810486920569,3.2879052434602844e-05,0.0037459960470407317,1.0987190691398543,-0.10325837601306076,回撤预警，仓位减半
2020-03-04,6226.533,趋势上行|波动偏高|价格偏强,1.0,0.28032301726520054,0.00494545458066864,0.0013863247498010402,0.00023445102829638964,1.1722551414819482e-07,0.001386207524286892,1.1002421217805736,-0.10201530602654862,回撤预警，仓位减半
2020-03-05,6315.8349,趋势上行|波动偏高|价格偏强,1.0,0.2845375189082681,0.014342154775378146,0.004080881135584467,0.004214501643067581,2.1072508215337904e-06,0.004078773884762933,1.1047297606138085,-0.09835262950785284,回撤预警，仓位减半
2020-03-06,6296.7385,趋势上行|波动偏高|价格偏强,1.0,0.2922578842498449,-0.003023574919603922,-0.000883663608874337,0.007720365341576774,3.860182670788387e-06,-0.0008875237915451254,1.1037492866680358,-0.09915286300074866,回撤预警，仓位减半
2020-03-09,6049.6211,趋势上行|波动偏高|价格偏强,1.0,0.2913122373720017,-0.03924530135720261,-0.011432636544705147,0.0009456468778432092,4.728234389216046e-07,-0.011433109368144068,1.0911300003585491,-0.10945234684204053,回撤预警，仓位减半
2020-03-10,6206.408,趋势上行|波动偏高|价格中性,1.0,0.2663124235211771,0.02591681320339223,0.0069019693341410265,0.02499981385082456,1.2499906925412279e-05,0.006889469427215614,1.0986473071371372,-0.10331694601213015,回撤预警，仓位减半
2020-03-11,6122.9093,趋势上行|波动偏高|价格中性,1.0,0.26246115934180103,-0.013453627283285252,-0.0035310546141235325,0.0038512641793760904,1.9256320896880454e-06,-0.0035329802462132206,1.0947658079034663,-0.10648490952898337,回撤预警，仓位减半
2020-03-12,5999.6395,趋势上行|波动偏高|价格中性,1.0,0.2629542524536597,-0.020132553653865126,-0.0052939405960353,0.000493093111858689,2.465465559293445e-07,-0.005294187142591229,1.0889699128391153,-0.11121534563266633,回撤预警，仓位减半
2020-03-13,5945.4645,趋势上行|波动偏高|价格偏弱,0.75,0.19381126787278227,-0.009029709201694547,-0.0017500593889029487,0.06914298458087745,3.457149229043872e-05,-0.0017846308811933873,1.0870265035039721,-0.1128014981735811,回撤预警，仓位减半
2020-03-16,5657.7747,趋势上行|波动偏高|价格偏弱,0.75,0.1927657627676985,-0.048388111643758,-0.009327571249897564,0.0010455051050837771,5.227525525418885e-07,-0.009328094002450106,1.0768866180961323,-0.12107736919745093,回撤预警，仓位减半
2020-03-17,5642.9188,趋势下行|波动偏高|价格偏弱,0.5,0.12344667042257709,-0.002625749660904564,-0.00032414005300187925,0.0693190923451214,3.4659546172560705e-05,-0.00035879959917443997,1.0765002316092032,-0.12139272628508813,回撤预警，仓位减半
2020-03-18,5556.1082,趋势下行|波动偏高|价格偏弱,0.5,0.12660832457111929,-0.01538398886760528,-0.0019477410557482552,0.0031616541485421923,1.5808270742710962e-06,-0.0019493218828225262,1.074401786150864,-0.12310541467014757,回撤预警，仓位减半
2020-03-19,5617.1948,趋势下行|波动偏高|价格偏弱,0.5,0.12604986141630511,0.010994494311683978,0.0013858544843301202,0.0005584631548141705,2.7923157740708525e-07,0.001385575252752713,1.075890450677268,-0.12189041123344158,回撤预警，仓位减半
2020-03-20,5670.471,趋势下行|波动偏高|价格偏弱,0.5,0.12765400716241437,0.009484485031567624,0.0012107325201515455,0.001604145746109259,8.020728730546295e-07,0.0012099304472784908,1.0771922032914787,-0.12082795970594562,回撤预警，仓位减半
2020-03-23,5416.5708,趋势下行|波动偏高|价格偏弱,0.5,0.1292144345164248,-0.044775857243604444,-0.005785687073720512,0.0015604273540104352,7.802136770052176e-07,-0.005786467287397517,1.0709590658448929,-0.12591525995710173,回撤预警，仓位减半
2020-03-24,5517.2552,趋势下行|波动偏高|价格偏弱,0.5,0.0928510842902561,0.0185882182136341,0.0017259362161598135,0.03636335022616871,1.8181675113084354e-05,0.0017077545410467292,1.0727880010528645,-0.12442253777303391,回撤预警，仓位减半
2020-03-25,5646.6252,趋势下行|波动偏高|价格偏弱,0.5,0.09094102342958207,0.02344825376212456,0.0021324081947641555,0.0019100608606740233,9.550304303370116e-07,0.0021314531643338184,1.075074598432368,-0.12255628542055097,回撤预警，仓位减半
2020-03-26,5595.4333,趋势下行|波动偏高|价格偏弱,0.5,0.12158349942826349,-0.009065928441646998,-0.0011022673055016655,0.030642475998681418,1.532123799934071e-05,-0.0011175885435010062,1.073873107377751,-0.12353690646353188,回撤预警，仓位减半
2020-03-27,5553.6122,趋势下行|波动偏高|价格偏弱,0.5,0.12168389014455311,-0.007474148606149922,-0.0009094834779148118,0.00010039071628961671,5.019535814480836e-08,-0.0009095336732729566,1.0728963836257686,-0.12433407916048445,回撤预警，仓位减半
2020-03-30,5415.4107,趋势下行|波动偏高|价格偏弱,0.5,0.137274815023582,-0.024884974863747078,-0.0034160803212873675,0.015590924879028883,7.795462439514442e-06,-0.003423875783726882,1.0692229196794243,-0.12733225050148156,回撤预警，仓位减半
2020-03-31,5427.1324,趋势下行|波动偏高|价格偏弱,0.5,0.14913560855983837,0.002164508039990354,0.0003228052237766244,0.011860793536256381,5.93039676812819e-06,0.0003168748270084962,1.0695617295071314,-0.1270557240593233,回撤预警，仓位减半
2020-04-01,5403.303,趋势下行|波动偏高|价格偏弱,0.5,0.11219723317578936,-0.004390790244955256,-0.0004926345169392262,0.03693837538404901,1.8469187692024505e-05,-0.0005111037046312506,1.0690150725448484,-0.12750188911269322,回撤预警，仓位减半
2020-04-02,5538.604,趋势下行|波动偏高|价格偏弱,0.5,0.11303011009579782,0.025040424347848145,0.002830321920882772,0.0008328769200084546,4.164384600042273e-07,0.002829905482422768,1.0720402841594356,-0.12503280192528976,回撤预警，仓位减半
2020-04-03,5507.1187,趋势下行|波动偏高|价格中性,0.5,0.1095213547973011,-0.005684699610226773,-0.0006225960029277258,0.0035087552984967157,1.754377649248358e-06,-0.0006243503805769741,1.0713709554000268,-0.12557908802840012,回撤预警，仓位减半
2020-04-07,5695.1689,趋势下行|波动偏高|价格中性,0.5,0.14826282061789273,0.03414674900688075,0.005062693322691368,0.038741465820591625,1.9370732910295814e-05,0.0050433225897810715,1.0767742247414311,-0.12116910129007674,回撤预警，仓位减半
2020-04-08,5718.1282,趋势下行|波动偏高|价格中性,0.5,0.14588024181695824,0.004031364197118137,0.0005880963839278216,0.0023825788009344817,1.1912894004672408e-06,0.0005869050945273543,1.0774061890195876,-0.12065331095839582,回撤预警，仓位减半
2020-04-09,5789.2646,趋势下行|波动偏高|价格中性,0.5,0.15245617267815642,0.012440504569309896,0.0018966317128221034,0.006575930861198176,3.287965430599088e-06,0.0018933437473915044,1.0794460892909687,-0.11898840540290945,回撤预警，仓位减半
2020-04-10,5637.5316,趋势下行|波动偏高|价格偏强,0.75,0.2268553333422147,-0.026209373812349224,-0.005945736232891195,0.07439916066405827,3.719958033202914e-05,-0.005982935813223224,1.072987832624906,-0.12425944122408927,回撤预警，仓位减半
2020-04-13,5578.856,趋势下行|波动偏高|价格中性,0.5,0.1102430991818139,-0.010408030351439668,-0.0011474135223210925,0.1166122341604008,5.83061170802004e-05,-0.0012057196394012928,1.0716941101222714,-0.12531533881482582,回撤预警，仓位减半
2020-04-14,5692.0009,趋势下行|波动偏高|价格中性,0.5,0.11012933944176861,0.020281021772205587,0.0022335355309771286,0.00011375974004528,5.687987002264e-08,0.002233478651107106,1.0740877160377469,-0.12336174929761778,回撤预警，仓位减半
2020-04-15,5657.9482,趋势上行|波动偏高|价格偏强,1.0,0.24528118204033597,-0.005982553516462041,-0.001467407798137378,0.13515184259856736,6.757592129928368e-05,-0.0015349837194366617,1.0724390088803821,-0.12470737474028126,回撤预警，仓位减半
2020-04-16,5700.9604,趋势上行|波动偏高|价格中性,1.0,0.24475455959240755,0.007602084444675583,0.0018606448302408644,0.0005266224479284209,2.6331122396421046e-07,0.0018603815190169001,1.0744341545927758,-0.12307899651651644,回撤预警，仓位减半
2020-04-17,5710.0533,趋势上行|波动偏高|价格偏强,1.0,0.24849218205082071,0.0015949768744227821,0.000396339283845915,0.0037376224584131645,1.8688112292065822e-06,0.0003944704726167084,1.0748579871415336,-0.12273307707382475,回撤预警，仓位减半
2020-04-20,5803.4021,趋势上行|波动偏高|价格偏强,1.0,0.25016362698605205,0.016348148624111936,0.004089712154314878,0.001671444935231331,8.357224676156654e-07,0.004088876431847263,1.0792529486327394,-0.11914604102823279,回撤预警，仓位减半
2020-04-21,5773.0079,趋势上行|波动偏高|价格偏强,1.0,0.2473509363851856,-0.005237307268438407,-0.0012954528569851787,0.0028126906008664465,1.4063453004332232e-06,-0.001296859202285612,1.0778533095147111,-0.12028838459079505,回撤预警，仓位减半
2020-04-22,5826.5596,趋势上行|波动偏高|价格偏强,1.0,0.2955838252090781,0.009276221499714188,0.002741901034372211,0.04823288882389251,2.4116444411946256e-05,0.0027177845899602647,1.080782682629548,-0.11789751791882686,回撤预警，仓位减半
2020-04-23,5789.4817,趋势上行|波动偏高|价格偏强,1.0,0.3016794382137684,-0.006363600914680356,-0.0019197675489573927,0.006095613004690303,3.047806502345152e-06,-0.0019228153554597378,1.078704537091473,-0.11959363811646151,回撤预警，仓位减半
2020-04-24,5675.5096,趋势上行|波动偏高|价格偏强,1.0,0.31437692953335783,-0.019686062743751287,-0.006188843959981559,0.012697491319589416,6.348745659794708e-06,-0.006195192705641354,1.0720217546117417,-0.12504792518760266,回撤预警，仓位减半
2020-04-27,5645.6565,趋势上行|波动偏高|价格中性,1.0,0.3034085613115094,-0.005259985816956414,-0.00159592472924169,0.010968368221848435,5.484184110924217e-06,-0.0016014089133526142,1.0703050094185986,-0.12644908123896348,回撤预警，仓位减半
2020-04-28,5561.1976,趋势上行|波动偏高|价格中性,1.0,0.30443021276924753,-0.014959978525083795,-0.004554269445414634,0.0010216514577381375,5.108257288690687e-07,-0.004554780271143503,1.0654300052775927,-0.13042791372957563,回撤预警，仓位减半
2020-04-29,5547.6279,趋势上行|波动偏高|价格偏弱,0.75,0.23908717288061765,-0.002440067945077118,-0.0005833889466251063,0.06534303988862988,3.2671519944314945e-05,-0.0006160604665694213,1.0647736359714444,-0.13096362271475903,回撤预警，仓位减半
2020-04-30,5678.1658,趋势上行|波动偏高|价格偏弱,0.75,0.23871788918119888,0.0235303993622209,0.005617127267340001,0.00036928369941877093,1.8464184970938546e-07,0.005616942625490292,1.0707544083938307,-0.12608229524408388,回撤预警，仓位减半
2020-05-06,5802.4187,趋势上行|波动偏高|价格中性,1.0,0.3037165108421134,0.021882576940603027,0.0066460999166340394,0.0649986216609145,3.2499310830457254e-05,0.0066136006058035825,1.077835950397851,-0.12030255258248768,回撤预警，仓位减半
2020-05-07,5795.872,趋势上行|波动偏高|价格偏强,1.0,0.416710777481568,-0.0011282708709041689,-0.00047016263182428206,0.11299426663945461,5.64971333197273e-05,-0.0005266597651440094,1.0772682975693506,-0.12076585383354244,回撤预警，仓位减半
2020-05-08,5862.7665,趋势上行|波动偏高|价格偏强,1.0,0.4191675816505348,0.011541749024132963,0.004837927026463234,0.0024568041689668196,1.2284020844834099e-06,0.0048366986243787505,1.0824787196622911,-0.11651326324827227,回撤预警，仓位减半
2020-05-11,5851.8037,趋势上行|波动偏低|价格偏强,0.75,0.3523522456852377,-0.0018699022040190583,-0.0006588642407978907,0.0668153359652971,3.3407667982648545e-05,-0.0006922719087805393,1.0817293500528162,-0.11712487629790569,回撤预警，仓位减半
2020-05-12,5869.5065,趋势上行|波动偏低|价格偏强,0.75,0.35217371565660177,0.0030251869180095703,0.0010653913174711739,0.00017853002863593703,8.926501431796852e-08,0.0010653020524568559,1.0828817185496304,-0.1161843476165626,回撤预警，仓位减半
2020-05-13,5917.0268,趋势上行|波动偏低|价格偏强,0.75,0.3584195872624066,0.008096132102417775,0.0029018123265704986,0.006245871605804809,3.1229358029024046e-06,0.002898689390767596,1.0860206562986465,-0.11362244056160442,回撤预警，仓位减半
2020-05-14,5863.2364,趋势上行|波动偏低|价格偏强,0.75,0.4025958942095174,-0.009090781877141407,-0.00365991145889142,0.04417630694711083,2.2088153473555417e-05,-0.0036819996123649756,1.0820219286631345,-0.1168860823918656,回撤预警，仓位减半
2020-05-15,5889.9767,趋势上行|波动偏低|价格偏强,0.75,0.40493850485381094,0.004560672327658555,0.001846791833490205,0.00234261064429353,1.1713053221467651e-06,0.0018456205281680582,1.0840189305466033,-0.11525618921681702,回撤预警，仓位减半
2020-05-18,5860.0427,趋势上行|波动偏低|价格偏强,0.75,0.4307812670703228,-0.005082193279304481,-0.0021893136603550636,0.025842762216511883,1.2921381108255941e-05,-0.0022022350414633196,1.081631666072144,-0.11720460303964164,回撤预警，仓位减半
2020-05-19,5936.5992,趋势上行|波动偏低|价格偏强,0.75,0.43124999999999997,0.013064153952325297,0.005633916391940284,0.0004687329296771403,2.3436646483857015e-07,0.005633682025475446,1.0877252349474795,-0.1122312144796136,回撤预警，仓位减半
2020-05-20,5865.8412,趋势上行|波动偏低|价格偏强,0.75,0.42404953568781234,-0.01191894510917968,-0.005054223139436165,0.007200464312187627,3.600232156093813e-06,-0.005057823371592259,1.0822237128322916,-0.11672139219158861,回撤预警，仓位减半
2020-05-21,5791.6402,趋势上行|波动偏低|价格中性,0.5,0.2016281345772173,-0.012649677594408826,-0.002550530896363873,0.22242140111059505,0.00011121070055529754,-0.0026617415969191704,1.0793431129586737,-0.11907245160366098,回撤预警，仓位减半
2020-05-22,5683.9962,趋势下行|波动偏低|价格中性,0.75,0.3062619519054758,-0.018586099322951743,-0.005692215056956243,0.1046338173282585,5.231690866412925e-05,-0.0057445319656203725,1.0731427919444103,-0.12413296806481944,回撤预警，仓位减半
2020-05-25,5671.9722,趋势下行|波动偏低|价格偏弱,0.5,0.1932329155755874,-0.0021154130961592577,-0.00040876744021763376,0.1130290363298884,5.6514518164944195e-05,-0.00046528195838257795,1.0726434779645502,-0.12454049319272109,回撤预警，仓位减半
2020-05-26,5808.5486,趋势下行|波动偏低|价格偏弱,0.5,0.19672926766287385,0.024079173025565836,0.0047370780752471935,0.003496352087286464,1.748176043643232e-06,0.00473532989920355,1.0777227986969413,-0.1203949036145946,回撤预警，仓位减半
2020-05-27,5772.0836,趋势上行|波动偏高|价格中性,1.0,0.3591555037871094,-0.006277816113994472,-0.0022547122091045183,0.16242623612423557,8.121311806211779e-05,-0.002335925327166636,1.0752053187158002,-0.12244959543714617,回撤预警，仓位减半
2020-05-28,5758.9271,趋势上行|波动偏低|价格中性,0.5,0.18996369437055213,-0.0022793328911591137,-0.00043299049670489684,0.1691918094165573,8.459590470827864e-05,-0.0005175864014131755,1.0746488070641058,-0.12290380359310249,回撤预警，仓位减半
2020-05-29,5816.4003,趋势上行|波动偏低|价格中性,0.5,0.19085236008240739,0.009979845030509304,0.0019046769773293857,0.0008886657118552521,4.4433285592762606e-07,0.0019042326444734582,1.0766951884038616,-0.12123360838356112,回撤预警，仓位减半
2020-06-01,5993.7853,趋势上行|波动偏低|价格中性,0.5,0.19778662661594018,0.030497385126673437,0.006031974924811887,0.006934266533532796,3.467133266766398e-06,0.00602850779154512,1.0831860537362734,-0.11593595834475345,回撤预警，仓位减半
2020-06-02,6002.8363,趋势上行|波动偏高|价格偏强,1.0,0.35319247421548167,0.0015100640992262715,0.0005333432754296995,0.15540584759954149,7.770292379977074e-05,0.00045564035162992873,1.0836795970106785,-0.11553314309395013,回撤预警，仓位减半
2020-06-03,5994.6378,趋势上行|波动偏低|价格偏强,0.75,0.38061669438556706,-0.0013657710439313187,-0.0005198352600286636,0.02742422017008539,1.3712110085042695e-05,-0.0005335473701137063,1.0831014026116477,-0.11600504805940504,回撤预警，仓位减半
2020-06-04,6006.7648,趋势上行|波动偏低|价格偏强,0.75,0.29960154573027736,0.002022974599065863,0.0006060863168532207,0.08101514865528969,4.050757432764485e-05,0.0005655787425255758,1.0837139817409644,-0.11550507930608755,回撤预警，仓位减半
2020-06-05,6015.3274,趋势上行|波动偏低|价格偏强,0.75,0.30005701907928056,0.0014254928043795356,0.0004277291216010875,0.00045547334900319925,2.2773667450159963e-07,0.0004275013849265859,1.0841772709690232,-0.11512695650253024,回撤预警，仓位减半
2020-06-08,6001.4315,趋势上行|波动偏低|价格偏强,0.75,0.3055786192101037,-0.002310082074668207,-0.0007059116906391224,0.0055216001308231455,2.760800065411573e-06,-0.000708672490704534,1.0834089443620403,-0.11575404168622294,回撤预警，仓位减半
2020-06-09,6042.3353,趋势上行|波动偏低|价格偏强,0.75,0.30540517656712457,0.006815673893803442,0.002081542088960982,0.00017344264297913803,8.672132148956902e-08,0.0020814553676394925,1.0856640117246315,-0.11391352318997705,回撤预警，仓位减半
2020-06-10,6049.322,趋势上行|波动偏低|价格偏强,0.75,0.30389537620544815,0.001156291343183291,0.0003513915927397892,0.0015098003616764166,7.549001808382083e-07,0.00035063669255895103,1.0860446853629329,-0.1136028287584272,回撤预警，仓位减半
2020-06-11,6027.4085,趋势上行|波动偏低|价格偏强,0.75,0.30650323118495376,-0.0036224720720768877,-0.0011102993949688208,0.0026078549795056083,1.3039274897528041e-06,-0.0011116033224585736,1.084837434482345,-0.11458815079899709,回撤预警，仓位减半
2020-06-12,6031.1709,趋势上行|波动偏低|价格偏强,0.75,0.3114848115355375,0.0006242151996169731,0.00019443355381031078,0.004981580350583714,2.490790175291857e-06,0.00019194276363501892,1.0850456611776143,-0.1144182024017063,回撤预警，仓位减半
2020-06-15,6028.9556,趋势上行|波动偏低|价格偏强,0.75,0.31208359218770887,-0.0003673084442027408,-0.00011463093870766998,0.0005987806521713934,2.993903260856967e-07,-0.00011493032903375567,1.0849209565227584,-0.11451998260909058,回撤预警，仓位减半
2020-06-16,6151.6855,趋势上行|波动偏低|价格偏强,0.75,0.42546339327754323,0.02035674304849744,0.00866104897349276,0.11337980108983436,5.668990054491718e-05,0.008604359072947843,1.0942560059984463,-0.1069009945875391,回撤预警，仓位减半
2020-06-17,6178.1413,趋势上行|波动偏低|价格偏强,0.75,0.40800193343827584,0.004300577459624755,0.0017546439184279686,0.01746145983926739,8.730729919633695e-06,0.001745913188508335,1.0961664819909234,-0.10534172125534591,回撤预警，仓位减半
2020-06-18,6149.2892,趋势上行|波动偏低|价格偏强,0.75,0.4235499013340609,-0.004670029155856348,-0.001977990388190144,0.015547967895785053,7.773983947892527e-06,-0.001985764372138036,1.0939897536450538,-0.1071183017905154,回撤预警，仓位减半
2020-06-19,6187.1082,趋势上行|波动偏低|价格偏强,0.75,0.43124999999999997,0.006150141710687285,0.0026522486127338912,0.00770009866593907,3.850049332969535e-06,0.0026483985634009216,1.0968870745369828,-0.10475359518369043,回撤预警，仓位减半
2020-06-22,6228.0162,趋势上行|波动偏低|价格偏强,0.75,0.43124999999999997,0.006611812607382639,0.0028513441869337628,0.0,0.0,0.0028513441869337628,1.1000146771206867,-0.10220093955144394,回撤预警，仓位减半
2020-06-23,6238.8971,趋势上行|波动偏低|价格偏强,0.75,0.43124999999999997,0.0017470892256188364,0.0007534322285481231,0.0,0.0,0.0007534322285481231,1.1008434636303053,-0.10152450880454189,回撤预警，仓位减半
2020-06-24,6227.5693,趋势上行|波动偏低|价格偏强,0.75,0.43124999999999997,-0.0018156734785704787,-0.0007830091876335188,0.0,0.0,-0.0007830091876335188,1.0999814930841365,-0.10222802336901138,回撤预警，仓位减半
2020-06-29,6211.3813,趋势上行|波动偏低|价格偏强,0.75,0.43124999999999997,-0.002599409050333623,-0.0011209951529563748,0.0,0.0,-0.0011209951529563748,1.0987484191620476,-0.10323442140327477,回撤预警，仓位减半
2020-06-30,6319.5558,趋势上行|波动偏低|价格偏强,0.75,0.43124999999999997,0.017415530423160464,0.007510447494987949,0.0,0.0,0.007510447494987949,1.107000511474365,-0.09649931060991157,回撤预警，仓位减半
2020-07-01,6339.3685,趋势上行|波动偏低|价格偏强,0.75,0.43124999999999997,0.0031351412388824773,0.0013520296592680683,0.0,0.0,0.0013520296592680683,1.1084972089987035,-0.0952777508806869,回撤预警，仓位减半
2020-07-02,6413.952,趋势上行|波动偏低|价格偏强,0.75,0.43124999999999997,0.011765130864375584,0.00507371268526197,0.0,0.0,0.00507371268526197,1.1141214053495778,-0.0906874501286914,回撤预警，仓位减半
2020-07-03,6478.3539,趋势上行|波动偏低|价格偏强,0.75,0.43124999999999997,0.010040907696222234,0.004330141443995838,0.0,0.0,0.004330141443995838,1.1189457086205248,-0.0867499981709482,回撤预警，仓位减半
2020-07-06,6725.9962,趋势上行|波动偏低|价格偏强,0.75,0.8624999999999999,0.038226114815987255,0.032970024028789006,0.43124999999999997,0.000215625,0.03275439902878901,1.1555961028522326,-0.056837043197997206,正常
2020-07-07,6817.865,趋势上行|波动偏低|价格偏强,0.75,0.8624999999999999,0.013658764778963217,0.011780684621855773,0.0,0.0,0.011780684621855773,1.1692098160901803,-0.045725937856895826,正常
2020-07-08,6973.9967,趋势上行|波动偏低|价格偏强,0.75,0.8624999999999999,0.02290038010432882,0.019751577839983606,0.0,0.0,0.019751577839983606,1.1923035547839584,-0.026877519437798925,正常
2020-07-09,7182.1769,趋势上行|波动偏低|价格偏强,0.75,0.8624999999999999,0.029850917480359618,0.025746416326810167,0.0,0.0,0.025746416326810167,1.223001098493362,-0.001823102916266306,正常
2020-07-10,7150.4243,趋势上行|波动偏低|价格偏强,0.75,0.8279303720924744,-0.004421027279347678,-0.003660302760421303,0.03456962790752549,1.7284813953762744e-05,-0.0036775875743750657,1.2185034048500956,-0.00549398587000971,正常
2020-07-13,7403.0857,趋势上行|波动偏低|价格偏强,0.75,0.8106573010916975,0.035335161858856434,0.028644706946138847,0.017273071000776907,8.636535500388454e-06,0.028636070410638457,1.2533965541469856,0.0,正常
2020-07-14,7344.9876,趋势上行|波动偏高|价格偏强,1.0,0.9946755276861311,-0.007847822158805973,-0.007806036646997244,0.18401822659443356,9.200911329721679e-05,-0.00789804576029446,1.2434971708065372,-0.007898045760294514,正常
2020-07-15,7131.4636,趋势上行|波动偏高|价格偏强,1.0,0.9608385430092912,-0.02907070939098666,-0.02793225805548214,0.03383698467683993,1.6918492338419965e-05,-0.027949176547820562,1.20874244884295,-0.035626478432777886,正常
2020-07-16,6758.1403,趋势上行|波动偏高|价格偏强,1.0,0.8139333111648365,-0.052348763302949464,-0.042608402250553935,0.1469052318444547,7.345261592222735e-05,-0.04268185486647616,1.1571510790704862,-0.07678772911738252,正常
2020-07-17,6772.5322,趋势上行|波动偏高|价格中性,1.0,0.6283704880866314,0.002129565140871703,0.0013381558869818282,0.18556282307820504,9.278141153910252e-05,0.0012453744754427256,1.1585921654885918,-0.0756379841198096,正常
2020-07-20,7003.6672,趋势上行|波动偏高|价格中性,1.0,0.6280957517292121,0.03412829842285592,0.02143583925314257,0.0002747363574193695,1.3736817870968476e-07,0.02143570188496386,1.1834274017542599,-0.055823635513617686,正常
2020-07-21,7058.7908,趋势上行|波动偏高|价格中性,1.0,0.6030465497719806,0.007870676664933463,0.004746384407158963,0.02504920195723148,1.2524600978615742e-05,0.004733859806180347,1.1890295811649567,-0.051354036971830164,正常
2020-07-22,7125.5686,趋势上行|波动偏高|价格偏强,1.0,0.6030211114182807,0.009460232197276541,0.005704719733876704,2.5438353699835936e-05,1.2719176849917967e-08,0.005704707014699854,1.195812646557314,-0.0459422896920767,正常
2020-07-23,7119.6711,趋势上行|波动偏高|价格偏强,1.0,0.6028029159219901,-0.0008276532486123367,-0.0004989117916358244,0.00021819549629065182,1.0909774814532591e-07,-0.0004990208893839697,1.1952159110668925,-0.0464183844191981,正常
2020-07-24,6784.6347,趋势上行|波动偏高|价格偏强,1.0,0.6016794098112542,-0.047057847939071196,-0.028313738174968104,0.0011235061107358613,5.617530553679306e-07,-0.02831429992802347,1.1613742092821986,-0.07341838028860226,正常
2020-07-27,6786.529,趋势上行|波动偏高|价格中性,1.0,0.5265441648740893,0.00027920442054174544,0.00014701345844330736,0.07513524493716495,3.756762246858247e-05,0.00010944583597472489,1.161501316853413,-0.07331696978863411,正常
2020-07-28,6857.9427,趋势上行|波动偏高|价格中性,1.0,0.5273027398960639,0.010522860802628209,0.005548733332770749,0.0007585750219746279,3.7928751098731396e-07,0.005548354045259761,1.167945737383351,-0.06817540424928736,正常
2020-07-29,7060.5347,趋势上行|波动偏高|价格中性,1.0,0.5302712418604978,0.029541220867885132,0.015664859875688702,0.0029685019644338784,1.484250982216939e-06,0.015663375624706485,1.1862397101772613,-0.053579885589703724,正常
2020-07-30,7048.9813,趋势上行|波动偏高|价格中性,1.0,0.5170235069461026,-0.0016363349931556304,-0.0008460236566999507,0.013247734914395237,6.623867457197619e-06,-0.0008526475241571483,1.1852282658253217,-0.054386848357068196,正常
2020-07-31,7141.592,趋势上行|波动偏高|价格中性,1.0,0.5168473924429737,0.013138167922221555,0.006790427832078133,0.00017611450312882138,8.805725156441069e-08,0.006790339774826569,1.1932763684610042,-0.04796581376186804,正常
2020-08-03,7373.3412,趋势上行|波动偏高|价格中性,1.0,0.515992406868932,0.032450635656587457,0.016744281596869345,0.0008549855740417334,4.274927870208667e-07,0.016743854104082325,1.2132564138803643,-0.03202509224539807,正常
2020-08-04,7326.1893,趋势上行|波动偏高|价格偏强,0.75,0.39269753144890224,-0.006394916323687827,-0.0025112678541344986,0.12329487542002976,6.164743771001488e-05,-0.0025729152918445132,1.210134807900163,-0.03451560968768175,正常
2020-08-05,7427.1891,趋势上行|波动偏高|价格偏强,0.75,0.39218428505239045,0.013786130260106555,0.005406703639699015,0.0005132463965117906,2.566231982558953e-07,0.005406447016500759,1.2166773376218984,-0.02929576948619972,正常
2020-08-06,7432.7659,趋势上行|波动偏高|价格偏强,0.75,0.39669956937245077,0.0007508627994945449,0.0002978669492172788,0.00451528432006032,2.25764216003016e-06,0.00029560930705724867,1.217036998766585,-0.02900882028126006,正常
2020-08-07,7339.8113,趋势上行|波动偏高|价格偏强,0.75,0.4099114726844925,-0.012506057805479975,-0.005126376572521689,0.01321190331204175,6.605951656020875e-06,-0.00513298252417771,1.2107899691206385,-0.03399290103788699,正常
2020-08-10,7358.862,趋势上行|波动偏高|价格偏强,0.75,0.4068059362529666,0.002595529942302388,0.0010558769882509315,0.0031055364315258904,1.5527682157629452e-06,0.0010543242200351686,1.212066534310458,-0.03297441635672538,正常
2020-08-11,7213.4452,趋势下行|波动偏高|价格偏强,0.75,0.43085488317266407,-0.01976077279340205,-0.008514025453302798,0.024048946919697445,1.2024473459848723e-05,-0.008526049926762647,1.2017323945243688,-0.041219324763324794,正常
2020-08-12,7092.355,趋势下行|波动偏高|价格中性,0.5,0.28264601016573204,-0.01678673596910396,-0.004744703945372818,0.14820887300693203,7.4104436503466e-05,-0.004818808381876284,1.1959414763888625,-0.04583950511753632,正常
2020-08-13,7113.9297,趋势下行|波动偏高|价格中性,0.5,0.29073815164633743,0.0030419656094484715,0.000884415458662773,0.008092141480605386,4.0460707403026926e-06,0.0008803693879224703,1.196994346654422,-0.04499949142667692,正常
2020-08-14,7183.9582,趋势上行|波动偏高|价格中性,1.0,0.6957446602639659,0.009843856061720668,0.006848810291349227,0.40500650861762844,0.0002025032543088142,0.006646307037040413,1.2049499386038889,-0.03865226482616879,正常
2020-08-17,7339.6933,趋势上行|波动偏高|价格中性,1.0,0.6932987643675096,0.021678174575124887,0.015029451646677246,0.002445895896456274,1.222947948228137e-06,0.015028228698729017,1.2230582018517477,-0.02420491120297119,正常
2020-08-18,7410.2411,趋势上行|波动偏高|价格偏强,0.75,0.545969545419994,0.009611818521081839,0.00524776018861453,0.1473292189475156,7.36646094737578e-05,0.005174095579140772,1.2293864218869808,-0.01915605414787913,正常
2020-08-19,7256.1312,趋势上行|波动偏高|价格偏强,0.75,0.5450056242042008,-0.020796880684489483,-0.011334416938950478,0.0009639212157931398,4.819606078965699e-07,-0.011334898899558375,1.215451451086402,-0.030273821110356813,正常
2020-08-20,7151.261,趋势上行|波动偏高|价格中性,1.0,0.7011384012346599,-0.014452632830012746,-0.010133295876066694,0.15613277703045902,7.806638851522952e-05,-0.010211362264581924,1.203040036004347,-0.04017604642044781,正常
2020-08-21,7194.274,趋势上行|波动偏高|价格中性,1.0,0.6892749487021583,0.00601474341378383,0.004145811957992494,0.01186345253250154,5.93172626625077e-06,0.004139880231726243,1.2080204776673766,-0.0362024902090865,正常
2020-08-24,7253.6399,趋势上行|波动偏高|价格中性,1.0,0.853084925046373,0.008251826383037342,0.007039508691469094,0.16380997634421468,8.190498817210734e-05,0.006957603703296986,1.2164254054164538,-0.02949676908573673,正常
2020-08-25,7213.6824,趋势上行|波动偏高|价格中性,1.0,0.8515262338685319,-0.005508613682352781,-0.004690729062770529,0.0015586911778411316,7.793455889205659e-07,-0.004691508408359449,1.2107185353988006,-0.03404989315391094,正常
2020-08-26,7037.9776,趋势上行|波动偏高|价格中性,1.0,0.8498863988009195,-0.024357157725712897,-0.02070081706453213,0.0016398350676123385,8.199175338061693e-07,-0.020701636982065934,1.185654679791516,-0.0540466416086266,正常
2020-08-27,7113.8036,趋势下行|波动偏高|价格偏弱,0.75,0.6476121576492283,0.010773833664943666,0.00697726566590806,0.20227424115169124,0.0001011371205758456,0.006876128545332215,1.1938073937801372,-0.04754214471843865,正常
2020-08-28,7204.7816,趋势上行|波动偏高|价格偏弱,0.75,0.6397622824837522,0.012788938958056217,0.008181880778351426,0.007849875165476083,3.9249375827380415e-06,0.008177955840768688,1.2035702979288543,-0.039752986437752824,正常
2020-08-31,7224.0458,趋势上行|波动偏高|价格中性,1.0,0.8538498127800975,0.0026738076279786416,0.0022830301425595598,0.2140875302963453,0.00010704376514817264,0.0021759863774113873,1.2061892505014045,-0.037663502017291406,正常
2020-09-01,7258.8872,趋势下行|波动偏高|价格中性,0.5,0.4892727361444798,0.004822976066956919,0.0023597506966393537,0.3645770766356177,0.00018228853831780888,0.002177462158321545,1.2088156819501454,-0.03556805070936242,正常
2020-09-02,7272.6243,趋势下行|波动偏高|价格中性,0.5,0.4894824065379675,0.001892452606234274,0.0009263222559586009,0.00020967039348768202,1.0483519674384101e-07,0.0009262174207618571,1.2099353080932578,-0.034674777036790116,正常
2020-09-03,7189.8606,趋势下行|波动偏高|价格中性,0.5,0.5048824514092142,-0.011380169878980384,-0.005745648065952917,0.015400044871246688,7.700022435623344e-06,-0.00575334808838854,1.2029741291013656,-0.040228629062998844,正常
2020-09-04,7182.1053,趋势下行|波动偏高|价格中性,0.5,0.4972497665590726,-0.0010786440004135756,-0.0005363554774059947,0.007632684850141569,3.816342425070784e-06,-0.0005401718198310654,1.2023243163768393,-0.040747070511059524,正常
2020-09-07,7057.1942,趋势下行|波动偏低|价格中性,0.75,0.7606541420154046,-0.017391989504804473,-0.013229288854717967,0.263404375456332,0.000131702187728166,-0.013360991042446133,1.1862600719556131,-0.05356364030940153,正常
2020-09-08,7103.0863,趋势下行|波动偏高|价格偏弱,0.75,0.7336432155226295,0.006502881839357544,0.00477079514278998,0.027010926492775145,1.3505463246387573e-05,0.004757289679543592,1.1919034547531822,-0.049061168383100706,正常
2020-09-09,6877.602,趋势下行|波动偏低|价格偏弱,0.5,0.5105104872330072,-0.03174455306843171,-0.016205927253959126,0.22313272828962227,0.00011156636414481114,-0.01631749361810394,1.1724545777368511,-0.0645781066992166,正常
2020-09-10,6633.8901,趋势下行|波动偏高|价格偏弱,0.75,0.6921734803847005,-0.035435592231129465,-0.024527577204113936,0.18166299315169332,9.083149657584666e-05,-0.024618408700689782,1.1435906117591308,-0.08760670517606817,正常
2020-09-11,6742.0594,趋势下行|波动偏高|价格偏弱,0.75,0.6118330832043899,0.016305561046300765,0.009976281688335595,0.08034039718031061,4.01701985901553e-05,0.00993611148974544,1.1549534555761956,-0.07854106367620162,正常
2020-09-14,6848.3586,趋势下行|波动偏高|价格偏弱,0.75,0.5989925987598336,0.01576657719746577,0.009444063049057556,0.012840484444556322,6.4202422222781606e-06,0.009437642806835277,1.1658534937484437,-0.0698446633740113,正常
2020-09-15,6881.5858,趋势下行|波动偏高|价格偏弱,0.75,0.6149253799722187,0.004851848733505415,0.0029835249260185457,0.015932781212385172,7.966390606192586e-06,0.002975558535412353,1.1693225590628071,-0.06707693172285445,正常
2020-09-16,6812.9115,趋势下行|波动偏高|价格偏弱,0.75,0.6215400830707993,-0.0099794294506943,-0.006202615409783716,0.006614703098580588,3.3073515492902936e-06,-0.006205922761333007,1.162065833578179,-0.07286658022684833,正常
2020-09-17,6825.1524,趋势下行|波动偏高|价格偏弱,0.75,0.639565710310267,0.0017967208292666292,0.0011491210333991638,0.018025627239467656,9.012813619733828e-06,0.00114010821977943,1.1633907143869664,-0.07180954779413273,正常
2020-09-18,6929.7672,趋势下行|波动偏高|价格偏弱,0.75,0.6484007197952367,0.015327833558705706,0.009938578312366364,0.008835009484969736,4.417504742484868e-06,0.009934160807623878,1.1749480248257829,-0.06258875458181856,正常
2020-09-21,6927.1898,趋势下行|波动偏高|价格中性,0.5,0.42093751585455247,-0.00037193168624771733,-0.00015656000007670894,0.22746320394068426,0.00011373160197034213,-0.0002702916020470511,1.1746304462418307,-0.06284212896911956,正常
2020-09-22,6815.777,趋势下行|波动偏高|价格中性,0.5,0.42572581516054836,-0.016083405134936557,-0.006847120761628215,0.004788299305995891,2.3941496529979456e-06,-0.006849514911281213,1.1665847974850525,-0.06926120578097006,正常
2020-09-23,6862.9655,趋势下行|波动偏高|价格偏弱,0.75,0.6263074388255304,0.006923421937073293,0.004336190661316867,0.20058162366498206,0.00010029081183249102,0.004235899849484376,1.1715263338531303,-0.0653186894626282,正常
2020-09-24,6675.1518,趋势下行|波动偏高|价格中性,0.5,0.4380835585775528,-0.027366260255861752,-0.011988708677847367,0.1882238802479776,9.41119401239888e-05,-0.012082820617971356,1.1573709913119532,-0.07661227607282184,正常
2020-09-25,6634.3886,趋势下行|波动偏高|价格偏弱,0.75,0.6230954361152825,-0.006106707565811331,-0.0038050616139477067,0.18501187753772969,9.250593876886483e-05,-0.0038975675527165715,1.1528600596897605,-0.08021124210417707,正常
2020-09-28,6550.3689,趋势下行|波动偏高|价格偏弱,0.75,0.6411368727789724,-0.012664271731083088,-0.008119531573689753,0.018041436663689847,9.020718331844924e-06,-0.008128552292021599,1.1434889764091891,-0.0876877931203468,正常
2020-09-29,6621.0317,趋势下行|波动偏高|价格偏弱,0.75,0.6397886096958575,0.010787606175890252,0.00690178755721927,0.0013482630831148645,6.741315415574323e-07,0.006901113425677713,1.151380323536401,-0.08139182310103998,正常
2020-09-30,6617.1587,趋势下行|波动偏高|价格偏弱,0.75,0.6293672777561375,-0.000584954154501216,-0.00036815100383057344,0.010421331939719947,5.2106659698599735e-06,-0.00037336166980043344,1.1509504422562302,-0.08173479618385926,正常
2020-10-09,6822.3647,趋势下行|波动偏高|价格偏弱,0.75,0.6311379187091894,0.031011195182609086,0.01957234118423634,0.0017706409530519052,8.853204765259526e-07,0.019571455863759815,1.173476218038223,-0.06376300927614509,正常
2020-10-12,7036.2753,趋势下行|波动偏高|价格中性,0.5,0.3766191781840631,0.0313543191263288,0.011808637901878805,0.25451874052512635,0.00012725937026256319,0.011681378531616242,1.187184037938977,-0.05282647059219836,正常
2020-10-13,7053.8711,趋势下行|波动偏高|价格偏强,0.75,0.5175600917900358,0.002500726485218596,0.0012942762292315103,0.14094091360597272,7.047045680298636e-05,0.001223805772428524,1.1886369206175418,-0.05166731415941761,正常
2020-10-14,6988.6091,趋势下行|波动偏高|价格偏强,0.75,0.5286641427513084,-0.00925194110791172,-0.00489116951459974,0.011104050961272538,5.552025480636269e-06,-0.004896721540080377,1.182816496605019,-0.05631103524933556,正常
2020-10-15,6926.8462,趋势下行|波动偏高|价格偏强,0.75,0.389695415819103,-0.008837652688286624,-0.0034439927392266693,0.13896872693220536,6.948436346610268e-05,-0.003513477102692772,1.17866069792751,-0.05962666481905077,正常
2020-10-16,6906.3883,趋势上行|波动偏高|价格偏强,0.75,0.42062777311961264,-0.0029534220061072647,-0.0012422913215113577,0.03093235730050964,1.5466178650254818e-05,-0.0012577575001616124,1.177178228594546,-0.06080942643432663,正常
2020-10-19,6858.3558,趋势上行|波动偏高|价格中性,1.0,0.6422185188106747,-0.006954792854609648,-0.004466496765722473,0.22159074569106207,0.00011079537284553105,-0.004577292138568004,1.1717899399431067,-0.06510837606332609,正常
2020-10-20,6923.3842,趋势上行|波动偏高|价格中性,1.0,0.6534524064491287,0.009481631151303072,0.006195794692882015,0.01123388763845401,5.616943819227005e-06,0.006190177749062788,1.179043527955918,-0.059321230735048136,正常
2020-10-21,6815.0928,趋势上行|波动偏高|价格中性,1.0,0.6655261531534015,-0.015641396876400426,-0.010409758693096405,0.012073746704272748,6.036873352136374e-06,-0.010415795566448541,1.1667628516047848,-0.06911914848941036,正常
2020-10-22,6771.8073,趋势下行|波动偏高|价格中性,0.5,0.4379339860159987,-0.006351417547828531,-0.0027815016035725084,0.22759216713740277,0.00011379608356870139,-0.0028952976871412096,1.163384725819091,-0.07181432566579316,正常
2020-10-23,6641.3292,趋势下行|波动偏高|价格中性,0.5,0.32590908060046886,-0.01926784006390736,-0.006279564040384927,0.11202490541552984,5.6012452707764916e-05,-0.0063355764930926916,1.1560140128977685,-0.07769491700533038,正常
2020-10-26,6648.521,趋势下行|波动偏高|价格偏弱,0.75,0.470141604501381,0.0010828856368088058,0.0005091095907807917,0.14423252390091212,7.211626195045606e-05,0.0004369933288303356,1.1565191833094393,-0.07729187583691532,正常
2020-10-27,6682.5376,趋势下行|波动偏高|价格偏弱,0.75,0.48549521407531376,0.005116416117208589,0.002483995538122569,0.01535360957393278,7.67680478696639e-06,0.0024763187333356027,1.1593830934285305,-0.0750069564236493,正常
2020-10-28,6685.429,趋势下行|波动偏高|价格中性,0.5,0.3219066756872531,0.00043267994481621663,0.00013928256267233243,0.16358853838806064,8.179426919403032e-05,5.7488293478302115e-05,1.1594497443840592,-0.07495378015209486,正常
2020-10-29,6674.7417,趋势下行|波动偏高|价格中性,0.5,0.3304077010032628,-0.0015985959913717984,-0.0005281884263421876,0.008501025316009658,4.250512658004829e-06,-0.0005324389390001925,1.1588324081923354,-0.0754463107799167,正常
2020-10-30,6511.1579,趋势下行|波动偏低|价格中性,0.75,0.4995665725651999,-0.024507884702115068,-0.012243319961458719,0.1691588715619371,8.457943578096855e-05,-0.012327899397239687,1.1445464388458793,-0.08684411564796879,正常
2020-11-02,6513.7878,趋势下行|波动偏低|价格偏弱,0.5,0.33912187938548555,0.00040390665383793767,0.00013697358354582416,0.16044469317971433,8.022234658985716e-05,5.6751236955967e-05,1.1446113932720374,-0.08679229292199808,正常
2020-11-03,6647.575,趋势下行|波动偏低|价格偏弱,0.5,0.340201098386616,0.020539078660192223,0.0069874171200465,0.0010792190011304492,5.396095005652246e-07,0.006986877510545934,1.1526086528740045,-0.08041182253095758,正常
2020-11-04,6632.6822,趋势上行|波动偏高|价格中性,1.0,0.6582481827485738,-0.002240335761537038,-0.0014746969437783972,0.3180470843619578,0.0001590235421809789,-0.001633720485959376,1.1507256125055103,-0.08191417257513467,正常
2020-11-05,6754.9495,趋势上行|波动偏低|价格偏弱,0.75,0.4997344373470691,0.018434065784125764,0.009212137492648946,0.15851374540150465,7.925687270075232e-05,0.009132880619948195,1.1612350521508399,-0.07352940431439703,正常
2020-11-06,6688.6623,趋势上行|波动偏高|价格中性,1.0,0.64143931368277,-0.009813130357229083,-0.0062945276014205786,0.14170487633570084,7.085243816785042e-05,-0.006365380039588429,1.1538433497286085,-0.07942674175143982,正常
2020-11-09,6851.9834,趋势下行|波动偏低|价格中性,0.75,0.5376995249956548,0.0244176029039469,0.013129333482984768,0.1037397886871152,5.18698943435576e-05,0.013077463588641211,1.1689326941216802,-0.06738797848601741,正常
2020-11-10,6779.4907,趋势下行|波动偏低|价格中性,0.75,0.5722205540266787,-0.010579812554712187,-0.006053986201555819,0.03452102903102394,1.726051451551197e-05,-0.0060712467160713305,1.1618358153411856,-0.07305009615900271,正常
2020-11-11,6663.7308,趋势下行|波动偏低|价格中性,0.75,0.5662377739199917,-0.01707501420423807,-0.009668518032660004,0.005982780106686958,2.991390053343479e-06,-0.009671509422713347,1.1505991093054675,-0.08201510088838415,正常
2020-11-12,6676.4219,趋势下行|波动偏低|价格中性,0.75,0.5510446876557353,0.0019045037053417868,0.0010494666494492554,0.015193086264256417,7.596543132128209e-06,0.0010418701063171273,1.151797884121808,-0.08105867986394921,正常
2020-11-13,6686.3913,趋势下行|波动偏低|价格中性,0.75,0.553669465826443,0.0014932249862760205,0.000826753080510142,0.00262477817070772,1.31238908535386e-06,0.0008254406914247882,1.152748624963659,-0.08030014830527743,正常
2020-11-16,6747.8105,趋势下行|波动偏低|价格中性,0.75,0.5529734680701475,0.009185702308508237,0.005079449662195759,0.0006959977562955855,3.4799887814779274e-07,0.005079101663317611,1.158603552422099,-0.0756288992587818,正常
2020-11-17,6681.7234,趋势下行|波动偏低|价格中性,0.75,0.5468950552423154,-0.009793858318931759,-0.005356212686367595,0.006078412827832058,3.039206413916029e-06,-0.005359251892781511,1.1523943041407976,-0.08058283683006162,正常
2020-11-18,6682.1248,趋势下行|波动偏低|价格中性,0.75,0.5502765480314156,6.007432154397918e-05,3.305749028455016e-05,0.00338149278910016,1.69074639455008e-06,3.136674389000008e-05,1.1524304509977958,-0.08055399770737637,正常
2020-11-19,6718.4582,趋势下行|波动偏低|价格中性,0.75,0.5682211642448759,0.005437402186801554,0.0030896470010520136,0.01794461621346033,8.972308106730165e-06,0.0030806746929452834,1.1559807143235643,-0.07772148367658371,正常
2020-11-20,6766.0605,趋势下行|波动偏低|价格中性,0.75,0.5678812714166551,0.007085301207946815,0.004023609858338799,0.00033989282822077804,1.69946414110389e-07,0.004023439911924689,1.160631733266989,-0.0740107514840973,正常
2020-11-23,6807.7175,趋势上行|波动偏低|价格偏强,1.0,0.802655217888464,0.006156758426857145,0.004941754276595658,0.23477394647180883,0.00011738697323590441,0.0048243673033597535,1.166231047052204,-0.06954343923029471,正常
2020-11-24,6807.9974,趋势上行|波动偏低|价格偏强,1.0,0.7989735036758633,4.1115102088262745e-05,3.284987716945009e-05,0.003681714212600662,1.8408571063003308e-06,3.100902006314976e-05,1.1662672107341403,-0.0695145866841338,正常
2020-11-25,6691.8739,趋势上行|波动偏低|价格偏强,1.0,0.801112714310085,-0.017056924845476718,-0.01366451936074298,0.002139210634221733,1.0696053171108667e-06,-0.01366558896606009,1.1503294824076542,-0.08223021788142293,正常
2020-11-26,6643.1846,趋势上行|波动偏低|价格中性,0.5,0.3797005666048912,-0.007275884263150845,-0.002762657377269987,0.4214121477051938,0.0002107060738525969,-0.002973363451122584,1.1469091347679146,-0.084959081008119,正常
2020-11-27,6641.7734,趋势下行|波动偏低|价格中性,0.75,0.5649377005314882,-0.00021242823810729838,-0.0001200087203642926,0.18523713392659696,9.26185669632985e-05,-0.0002126272873275911,1.1466652705897775,-0.08515364367651812,正常
2020-11-30,6622.3592,趋势上行|波动偏低|价格偏弱,0.75,0.6316487345586522,-0.002923044619378312,-0.0018463374348887882,0.06671103402716405,3.335551701358203e-05,-0.0018796929519023702,1.1445098919624588,-0.08687327392457289,正常
2020-12-01,6713.2303,趋势上行|波动偏低|价格偏弱,0.75,0.6297721719157483,0.013721862142421992,0.008641646924161582,0.0018765626429039228,9.382813214519614e-07,0.00864070864284013,1.1543992684777549,-0.07898321193056457,正常
2020-12-02,6735.712,趋势上行|波动偏低|价格中性,0.5,0.425,0.0033488647037775987,0.0014232674991054794,0.2047721719157483,0.00010238608595787415,0.0013208814131476052,1.1559240930148382,-0.07776665797400684,正常
2020-12-03,6711.8429,趋势上行|波动偏低|价格中性,0.5,0.425,-0.003543663980882905,-0.0015060571918752345,0.0,0.0,-0.0015060571918752345,1.1541832052212913,-0.07915559413135231,正常
2020-12-04,6746.6295,趋势下行|波动偏低|价格中性,0.75,0.6375,0.0051828686276313984,0.0033040787501150163,0.21249999999999997,0.00010624999999999998,0.0031978287501150163,1.157874085457848,-0.07621089141588278,正常
2020-12-07,6733.002,趋势上行|波动偏低|价格中性,0.5,0.425,-0.002019897491036038,-0.000858456433690316,0.21249999999999997,0.00010624999999999998,-0.000964706433690316,1.1567570768782036,-0.07710207671230684,正常
2020-12-08,6734.372,趋势下行|波动偏低|价格中性,0.75,0.6375,0.00020347535913400883,0.00012971554144793063,0.21249999999999997,0.00010624999999999998,2.3465541447930646e-05,1.1567842208093364,-0.07708042041283569,正常
2020-12-09,6602.5166,趋势下行|波动偏低|价格中性,0.75,0.6375,-0.01957946487066653,-0.012481908855049911,0.0,0.0,-0.012481908855049911,1.1423453456002344,-0.08860021848578359,正常
2020-12-10,6605.1915,趋势下行|波动偏低|价格偏弱,0.5,0.425,0.00040513340019465716,0.00017218169508272929,0.21249999999999997,0.00010624999999999998,6.59316950827293e-05,1.1424206623652395,-0.08854012835329039,正常
2020-12-11,6498.2391,趋势下行|波动偏低|价格偏弱,0.5,0.425,-0.01619217247524163,-0.006881673301977692,0.0,0.0,-0.006881673301977692,1.134558896593413,-0.0948124974178256,正常
2020-12-14,6576.8161,趋势下行|波动偏低|价格偏弱,0.5,0.2125,0.012092045058791356,0.0025695595749931632,0.2125,0.00010625,0.0024633095749931632,1.1373536663867851,-0.09258274037555081,回撤预警，仓位减半
2020-12-15,6596.503,趋势下行|波动偏低|价格偏弱,0.5,0.2125,0.0029933785133509083,0.000636092934087068,0.0,0.0,0.000636092934087068,1.138077129017532,-0.09200553866843497,回撤预警，仓位减半
2020-12-16,6543.3624,趋势下行|波动偏低|价格偏弱,0.5,0.2125,-0.008055874453479328,-0.0017118733213643573,0.0,0.0,-0.0017118733213643573,1.136128885142712,-0.09355991016273502,回撤预警，仓位减半
2020-12-17,6597.8596,趋势下行|波动偏低|价格偏弱,0.5,0.2125,0.008328623216711906,0.00176983243355128,0.0,0.0,0.00176983243355128,1.138139642892332,-0.09195566309266989,回撤预警，仓位减半
2020-12-18,6573.4036,趋势下行|波动偏低|价格偏弱,0.5,0.2125,-0.00370665662543046,-0.0007876645329039728,0.0,0.0,-0.0007876645329039728,1.1372431706621338,-0.09267089741115608,回撤预警，仓位减半
2020-12-21,6691.5884,趋势下行|波动偏低|价格偏弱,0.5,0.2125,0.017979239856807272,0.003820588469571545,0.0,0.0,0.003820588469571545,1.1415881088070643,-0.08920436630369855,回撤预警，仓位减半
2020-12-22,6549.9694,趋势下行|波动偏低|价格中性,0.75,0.6375,-0.021163734458024885,-0.013491880716990864,0.42499999999999993,0.00021249999999999996,-0.013704380716990863,1.1259433507419827,-0.10168625642324569,正常
2020-12-23,6601.2429,趋势下行|波动偏低|价格偏弱,0.5,0.2125,0.007828051837921679,0.0016634610155583567,0.42499999999999993,0.00021249999999999996,0.0014509610155583566,1.1275770506496365,-0.10038283820157545,回撤预警，仓位减半
2020-12-24,6496.3259,趋势下行|波动偏低|价格中性,0.75,0.31875,-0.015893522112328307,-0.005066060173304647,0.10624999999999998,5.312499999999999e-05,-0.005119185173304648,1.1218047749301923,-0.10498814503790443,回撤预警，仓位减半
2020-12-25,6561.2749,趋势下行|波动偏低|价格偏弱,0.5,0.2125,0.009997805067014864,0.0021245335767406588,0.10624999999999998,5.312499999999999e-05,0.002071408576740659,1.1241284909624112,-0.10313420980525145,回撤预警，仓位减半
2020-12-28,6519.4714,趋势下行|波动偏低|价格偏弱,0.5,0.2125,-0.006371246539296771,-0.0013538898896005638,0.0,0.0,-0.0013538898896005638,1.122606544763885,-0.10434846733092484,回撤预警，仓位减半
2020-12-29,6477.2617,趋势下行|波动偏低|价格偏弱,0.5,0.2125,-0.006474405271568506,-0.0013758111202083075,0.0,0.0,-0.0013758111202083075,1.1210620501959803,-0.10558071466940255,回撤预警，仓位减半
2020-12-30,6526.8785,趋势下行|波动偏低|价格偏弱,0.5,0.2125,0.007660150584930081,0.0016277819992976423,0.0,0.0,0.0016277819992976423,1.1228868948213848,-0.10412479505691696,回撤预警，仓位减半
2020-12-31,6646.4735,趋势下行|波动偏低|价格偏弱,0.5,0.2125,0.018323460441312056,0.003893735343778812,0.0,0.0,0.003893735343778812,1.127259119210817,-0.10063649410781483,回撤预警，仓位减半
2021-01-04,6798.7644,趋势下行|波动偏低|价格中性,0.75,0.41497551866598953,0.02291303801933453,0.009508349836286885,0.20247551866598953,0.00010123775933299476,0.00940711207695389,1.1378633720850015,-0.09217608080996487,回撤预警，仓位减半
2021-01-05,6807.4471,趋势上行|波动偏低|价格偏强,1.0,0.5,0.0012770997035873588,0.0006385498517936794,0.08502448133401047,4.2512240667005234e-05,0.0005960376111266742,1.1385415814510877,-0.09163498360984712,回撤预警，仓位减半
2021-01-06,6724.9502,趋势上行|波动偏低|价格偏强,1.0,0.5,-0.012118625203859423,-0.006059312601929712,0.0,0.0,-0.006059312601929712,1.13164280209878,-0.09713905120081212,回撤预警，仓位减半
2021-01-07,6616.5524,趋势下行|波动偏低|价格偏强,0.75,0.3719252714509181,-0.01611875133290963,-0.005994970964942262,0.12807472854908192,6.403736427454096e-05,-0.006059008329216803,1.1247861689351653,-0.10260949320971102,回撤预警，仓位减半
2021-01-08,6585.3587,趋势上行|波动偏低|价格中性,0.5,0.18683494971416048,-0.0047144945153007045,-0.0008808323456938925,0.1850903217367576,9.25451608683788e-05,-0.0009733775065622713,1.1236913273786315,-0.10348299294362318,回撤预警，仓位减半
2021-01-11,6475.9548,趋势下行|波动偏低|价格中性,0.75,0.2792535397978635,-0.016613202861675447,-0.004639295706502864,0.09241859008370301,4.62092950418515e-05,-0.004685505001544715,1.1184262660440065,-0.10768362786415564,回撤预警，仓位减半
2021-01-12,6564.7354,趋势下行|波动偏低|价格偏弱,0.75,0.2786525557881483,0.01370926801403849,0.0038201225700965373,0.0006009840097151997,3.0049200485759987e-07,0.0038198220780916795,1.122698455387759,-0.10427513808522859,回撤预警，仓位减半
2021-01-13,6513.6399,趋势下行|波动偏低|价格中性,0.75,0.27684430979479874,-0.007783329698254016,-0.002154770538218492,0.0018082459933495554,9.041229966747777e-07,-0.002155674661215167,1.1202782827752942,-0.10620602947347868,回撤预警，仓位减半
2021-01-14,6506.8268,趋势下行|波动偏低|价格偏弱,0.75,0.2749165398172509,-0.0010459743100014185,-0.0002875556380433265,0.001927769977547844,9.638849887739221e-07,-0.0002885195230321004,1.1199550606194846,-0.10646390648354398,回撤预警，仓位减半
2021-01-15,6528.461,趋势下行|波动偏低|价格偏弱,0.75,0.2774006155211556,0.0033248464520372334,0.0009223144523084588,0.002484075703904687,1.2420378519523434e-06,0.0009210724144565065,1.1209866203312522,-0.10564089503648477,回撤预警，仓位减半
2021-01-18,6652.0961,趋势下行|波动偏低|价格中性,0.75,0.2800862841969463,0.01893786299711353,0.005304235677492374,0.002685668675790731,1.3428343378953655e-06,0.0053028928431544785,1.1269310922574787,-0.10089820453956377,回撤预警，仓位减半
2021-01-19,6614.0707,趋势上行|波动偏低|价格中性,0.5,0.17744305433042157,-0.005716303467113049,-0.0010143183466841178,0.10264322986652474,5.132161493326237e-05,-0.00106563996161738,1.12573018945158,-0.10185632334236816,回撤预警，仓位减半
2021-01-20,6671.4485,趋势下行|波动偏低|价格中性,0.75,0.2777552978881998,0.008675111380348488,0.0024095581456620063,0.10031224355777824,5.0156121778889116e-05,0.0023594020238831173,1.1283862395389184,-0.09973724133392448,回撤预警，仓位减半
2021-01-21,6745.1085,趋势上行|波动偏低|价格偏强,1.0,0.3948636678419032,0.011041080508978007,0.004359721546712803,0.11710836995370338,5.8554184976851696e-05,0.004301167361735952,1.133239617603855,-0.09586506053936361,回撤预警，仓位减半
2021-01-22,6721.9167,趋势上行|波动偏低|价格偏强,1.0,0.5,-0.0034383138536615565,-0.0017191569268307783,0.10513633215809681,5.2568166079048404e-05,-0.0017717250929098266,1.1312318285370668,-0.09746693909898252,回撤预警，仓位减半
2021-01-25,6657.2723,趋势上行|波动偏低|价格偏强,1.0,0.5,-0.009616959400880476,-0.004808479700440238,0.0,0.0,-0.004808479700440238,1.1257923232530544,-0.10180675100130121,回撤预警，仓位减半
2021-01-26,6534.0973,趋势上行|波动偏低|价格中性,0.5,0.20404974846313562,-0.018502322640460256,-0.0037753942807696944,0.2959502515368644,0.0001479751257684322,-0.003923369406538126,1.121375424093888,-0.10533069491558178,回撤预警，仓位减半
2021-01-27,6537.7538,趋势上行|波动偏低|价格偏弱,0.75,0.2894237077586669,0.0005596029309204997,0.00016196235513962816,0.08537395929553127,4.268697964776563e-05,0.00011927537549186252,1.1215091765686642,-0.10522398289827672,回撤预警，仓位减半
2021-01-28,6399.1265,趋势上行|波动偏低|价格偏弱,0.75,0.29173158370196794,-0.02120411753651541,-0.0061859107899303115,0.002307875943301063,1.1539379716505315e-06,-0.006187064727901962,1.1145703267002978,-0.11076002003305951,回撤预警，仓位减半
2021-01-29,6304.1181,趋势下行|波动偏低|价格偏弱,0.75,0.27438805992856025,-0.014847088895648564,-0.004073863917663879,0.0173435237734077,8.67176188670385e-06,-0.004082535679550583,1.1100200535741753,-0.11439037397895746,回撤预警，仓位减半
2021-02-01,6345.8142,趋势下行|波动偏低|价格偏弱,0.5,0.18967363199758777,0.006614105151361294,0.0012545213464726515,0.08471442793097247,4.235721396548624e-05,0.0012121641325071653,1.1113655800694815,-0.11331686975489175,回撤预警，仓位减半
2021-02-02,6417.4609,趋势下行|波动偏低|价格偏弱,0.5,0.21055980881819933,0.01129038729183085,0.002377301789651331,0.020886176820611557,1.0443088410305779e-05,0.002366858701241025,1.1139960253629289,-0.11121821607282734,回撤预警，仓位减半
2021-02-03,6307.3903,趋势下行|波动偏低|价格偏弱,0.5,0.20301010126387153,-0.017151736756198965,-0.0034819758157272193,0.007549707554327795,3.7748537771638975e-06,-0.003485750669504383,1.1101129129716947,-0.11431628777119496,回撤预警，仓位减半
2021-02-04,6167.7466,趋势下行|波动偏低|价格偏弱,0.5,0.19871057650452634,-0.022139695398269543,-0.00439939163622475,0.004299524759345197,2.1497623796725985e-06,-0.004401541398604422,1.1052267050281244,-0.11821466129663971,回撤预警，仓位减半
2021-02-05,6045.297,趋势下行|波动偏低|价格偏弱,0.5,0.1922522330075161,-0.019853215111010014,-0.0038168249374702368,0.006458343497010244,3.229171748505122e-06,-0.003820054109218742,1.1010046792119634,-0.12158312900320223,回撤预警，仓位减半
2021-02-08,6088.8187,趋势下行|波动偏低|价格偏弱,0.5,0.18448553343367508,0.007199265809438415,0.0013281603931850647,0.007766699573841018,3.883349786920509e-06,0.0013242770433981442,1.1024627144333177,-0.12041986170640762,回撤预警，仓位减半
2021-02-09,6254.0114,趋势下行|波动偏低|价格偏弱,0.5,0.1860146603824662,0.02713050069958567,0.00504667087363969,0.0015291269487911208,7.645634743955604e-07,0.005045906310165294,1.1080256380007987,-0.115981582736296,回撤预警，仓位减半
2021-02-10,6303.3064,趋势下行|波动偏低|价格偏弱,0.5,0.1702090383881503,0.00788214105270102,0.0013416116490200033,0.0158056219943159,7.90281099715795e-06,0.0013337088380228452,1.1095034215869561,-0.11480255956021646,回撤预警，仓位减半
2021-02-18,6404.5949,趋势下行|波动偏低|价格中性,0.75,0.25325459610799594,0.016069106207497574,0.004069575002396289,0.08304555771984565,4.1522778859922825e-05,0.0040280522235363655,1.1139725593113006,-0.11123693804198442,回撤预警，仓位减半
2021-02-19,6527.6465,趋势下行|波动偏高|价格中性,0.5,0.1627412871581384,0.019213018453360764,0.003126751353292996,0.09051330894985754,4.525665447492877e-05,0.0030814946988180674,1.117405259847447,-0.10849821937805548,回撤预警，仓位减半
2021-02-22,6534.5739,趋势下行|波动偏高|价格中性,0.5,0.15600768414438274,0.0010612400656193621,0.00016556160495850944,0.006733603013755668,3.366801506877834e-06,0.00016219480345163161,1.1175864971739438,-0.10835362242197089,回撤预警，仓位减半
2021-02-23,6489.9615,趋势下行|波动偏高|价格中性,0.5,0.1627874505119169,-0.006827132217450349,-0.0011113714479865121,0.006779766367534162,3.389883183767081e-06,-0.0011147613311702793,1.1163406549626562,-0.1093475953247729,回撤预警，仓位减半
2021-02-24,6437.8367,趋势下行|波动偏高|价格中性,0.5,0.16255090246419718,-0.008031603885477634,-0.001305544459819342,0.00023654804771972016,1.1827402385986008e-07,-0.0013056627338432019,1.1148830905711973,-0.11051048697836519,回撤预警，仓位减半
2021-02-25,6399.3466,趋势下行|波动偏高|价格中性,0.5,0.16358964363722592,-0.005978731955099126,-0.000978058629937161,0.00103874117302874,5.1937058651437e-07,-0.0009785780005236754,1.1137920905056085,-0.1113809218475047,回撤预警，仓位减半
2021-02-26,6325.4046,趋势下行|波动偏低|价格中性,0.75,0.2502191383618929,-0.011554617154195035,-0.0028911863484242287,0.086629494724667,4.33147473623335e-05,-0.0029345010957865622,1.1105236663955413,-0.1139885755060801,回撤预警，仓位减半
2021-03-01,6495.1565,趋势下行|波动偏高|价格中性,0.5,0.16520880434396162,0.026836528370058677,0.0044336307647602,0.08501033401793129,4.2505167008965644e-05,0.004391125597751234,1.1154001152939594,-0.11009798806008475,回撤预警，仓位减半
2021-03-02,6466.6317,趋势下行|波动偏高|价格偏强,0.5,0.15133168670281302,-0.004391703263808999,-0.0006646038624104649,0.0138771176411486,6.9385588205743e-06,-0.0006715424212310392,1.1146510767998936,-0.11069559501184112,回撤预警，仓位减半
2021-03-03,6553.596,趋势下行|波动偏高|价格中性,0.5,0.15630476636950866,0.013448160345980398,0.0021020115609781567,0.0049730796666956345,2.4865398333478174e-06,0.002099525021144809,1.116991314625481,-0.10882847816215413,回撤预警，仓位减半
2021-03-04,6434.894,趋势上行|波动偏高|价格偏强,0.75,0.22985279016909074,-0.018112498847960623,-0.004163208397138191,0.07354802379958209,3.6774011899791046e-05,-0.004199982409037982,1.112299970753006,-0.11257138287730872,回撤预警，仓位减半
2021-03-05,6456.2791,趋势上行|波动偏高|价格中性,1.0,0.31058003838807025,0.003323302606072387,0.0010321514509691358,0.0807272482189795,4.036362410948975e-05,0.000991787826859646,1.113403136323815,-0.11169124197763958,回撤预警，仓位减半
2021-03-08,6327.6493,趋势上行|波动偏高|价格中性,1.0,0.3190693177210807,-0.01992320932965863,-0.0063568848076284495,0.008489279333010469,4.2446396665052345e-06,-0.006361129447294955,1.106320634846635,-0.1173418889765856,回撤预警，仓位减半
2021-03-09,6126.2831,趋势下行|波动偏高|价格中性,0.5,0.1528555256787665,-0.03182322383132086,-0.0048643556075295994,0.1662137920423142,8.31068960211571e-05,-0.004947462503550756,1.1008471549888268,-0.12170880688432895,回撤预警，仓位减半
2021-03-10,6078.2443,趋势下行|波动偏高|价格偏弱,0.75,0.21221275452021357,-0.007841426720877398,-0.0016640507638057986,0.05935722884144706,2.967861442072353e-05,-0.001693729378226522,1.0989826178214852,-0.12319639448074649,回撤预警，仓位减半
2021-03-11,6219.6635,趋势下行|波动偏高|价格偏弱,0.75,0.21609835256562263,0.02326645541377781,0.005027842684958896,0.0038855980454090555,1.9427990227045276e-06,0.005025899885936192,1.1045059944350402,-0.1187896673397788,回撤预警，仓位减半
2021-03-12,6220.4779,趋势上行|波动偏高|价格偏弱,0.75,0.2140169565564253,0.00013093955967224957,2.8023286053893296e-05,0.0020813960091973227,1.0406980045986613e-06,2.6982588049294636e-05,1.1045357968652858,-0.11876589000438798,回撤预警，仓位减半
2021-03-15,6177.7382,趋势上行|波动偏高|价格偏弱,0.75,0.22319001534286081,-0.00687080650186056,-0.0015334954085680862,0.009173058786435512,4.5865293932177555e-06,-0.001538081937961304,1.1028369303062955,-0.12012130027208767,回撤预警，仓位减半
2021-03-16,6233.463,趋势上行|波动偏高|价格偏弱,0.75,0.22253876168417733,0.00902025922691263,0.0020073573184274116,0.0006512536586834872,3.2562682934174357e-07,0.00200703169159807,1.105050358976085,-0.11835535583697165,回撤预警，仓位减半
2021-03-17,6277.5814,趋势下行|波动偏高|价格偏弱,0.75,0.23828007277456356,0.007077670951123105,0.0016864679493080279,0.015741311090386234,7.870655545193117e-06,0.0016785972937628348,1.1069052935181338,-0.11687542952321917,回撤预警，仓位减半
2021-03-18,6298.8857,趋势下行|波动偏高|价格中性,0.5,0.15907471001786058,0.0033937114698345816,0.0005398536679482235,0.07920536275670298,3.960268137835149e-05,0.0005002509865698721,1.1074590239832558,-0.11643364558557401,回撤预警，仓位减半
2021-03-19,6250.8147,趋势下行|波动偏高|价格中性,0.5,0.1639849153698028,-0.007631667296328248,-0.0012514783157188795,0.004910205351942226,2.455102675971113e-06,-0.0012539334183948507,1.1060703441035802,-0.1175415789647436,回撤预警，仓位减半
2021-03-22,6359.6002,趋势下行|波动偏低|价格中性,0.75,0.2584396246780427,0.01740341143051327,0.004497731118219409,0.0944547093082399,4.722735465411995e-05,0.004450503763565289,1.1109929143327812,-0.11361419444073617,回撤预警，仓位减半
2021-03-23,6289.0012,趋势下行|波动偏高|价格中性,0.5,0.16458739258428784,-0.011101169535783106,-0.0018271125485306704,0.09385223209375487,4.6926116046877434e-05,-0.001874038664577548,1.10891087065525,-0.11527531571208693,回撤预警，仓位减半
2021-03-24,6196.267,趋势下行|波动偏高|价格中性,0.5,0.16328950908984174,-0.014745457513984928,-0.002407778518763717,0.0012978834944460949,6.489417472230475e-07,-0.00240842746051094,1.1062401392631047,-0.11740611093671782,回撤预警，仓位减半
2021-03-25,6190.712,趋势下行|波动偏高|价格偏弱,0.75,0.24114737924997498,-0.0008965075262249433,-0.0002161904404270233,0.07785787016013324,3.892893508006662e-05,-0.00025511937550708994,1.1059579159696151,-0.117631277738522,回撤预警，仓位减半
2021-03-26,6301.3414,趋势下行|波动偏高|价格偏弱,0.75,0.24165463155493533,0.017870222358914445,0.004318421999948237,0.0005072523049603483,2.536261524801742e-07,0.004318168373795757,1.1107336284651044,-0.1138210610280257,回撤预警，仓位减半
2021-03-29,6326.6093,趋势下行|波动偏高|价格中性,0.5,0.15684791002773313,0.004009923982217556,0.0006289481959809085,0.0848067215272022,4.24033607636011e-05,0.0005865448352173075,1.1113851235381829,-0.11330127734829332,回撤预警，仓位减半
2021-03-30,6301.5848,趋势下行|波动偏低|价格中性,0.75,0.2572606432309669,-0.003955436287175207,-0.0010175780834978012,0.1004127332032338,5.02063666016169e-05,-0.001067784450099418,1.110198403785197,-0.11424808045626367,回撤预警，仓位减半
2021-03-31,6293.3922,趋势下行|波动偏低|价格中性,0.75,0.25734941880259976,-0.001300085654643457,-0.00033457628761609105,8.877557163283756e-05,4.438778581641878e-08,-0.00033462067540190746,1.1098269084454924,-0.11454447136182,回撤预警，仓位减半
2021-04-01,6335.7913,趋势下行|波动偏低|价格中性,0.75,0.26545509352063906,0.006737082109708581,0.0017883927614889157,0.008105674718039302,4.052837359019651e-06,0.0017843399241298961,1.1118072169071054,-0.11296451771102922,回撤预警，仓位减半
2021-04-02,6361.2515,趋势下行|波动偏低|价格偏强,0.75,0.274045879435774,0.0040184720099603055,0.0011012456959576143,0.008590785915134957,4.295392957567478e-06,0.001096950303000047,1.1130268141705693,-0.1119914838699606,回撤预警，仓位减半
2021-04-06,6421.4868,趋势下行|波动偏低|价格偏强,0.75,0.2737956793184303,0.00946909582178912,0.002592597523058062,0.00025020011734372405,1.2510005867186203e-07,0.00259247242299939,1.1159123054923652,-0.10968934628050497,回撤预警，仓位减半
2021-04-07,6422.7617,趋势上行|波动偏低|价格偏强,1.0,0.3835674141850393,0.00019853657567292515,7.615216095201628e-05,0.10977173486660902,5.48858674333045e-05,2.126629351871178e-05,1.1159360368109947,-0.1096704126728203,回撤预警，仓位减半
2021-04-08,6404.1284,趋势上行|波动偏低|价格偏强,1.0,0.425,-0.0029011351923582396,-0.0012329824567522518,0.041432585814960676,2.0716292907480337e-05,-0.0012536987496597322,1.1145369891969445,-0.1107866177632374,回撤预警，仓位减半
2021-04-09,6399.5218,趋势上行|波动偏低|价格偏强,1.0,0.425,-0.0007193172454192931,-0.00030570982930319955,0.0,0.0,-0.00030570982930319955,1.114196264284225,-0.11105845903453526,回撤预警，仓位减半
2021-04-12,6263.3991,趋势上行|波动偏低|价格偏强,1.0,0.425,-0.021270761199688515,-0.009040073509867618,0.0,0.0,-0.009040073509867618,1.1041238481506757,-0.11909455591083806,回撤预警，仓位减半
2021-04-13,6231.1394,趋势上行|波动偏低|价格中性,0.5,0.2125,-0.0051505100481301636,-0.0010944833852276597,0.2125,0.00010625,-0.0012007333852276597,1.1027980897847751,-0.12015228848678472,回撤预警，仓位减半
2021-04-14,6320.0672,趋势上行|波动偏低|价格偏弱,0.75,0.31875,0.014271515094013143,0.004549045436216689,0.10624999999999998,5.312499999999999e-05,0.004495920436216689,1.1077561822536592,-0.11619656317983396,回撤预警，仓位减半
2021-04-15,6296.6084,趋势上行|波动偏低|价格中性,0.5,0.2125,-0.0037117959758402597,-0.0007887566448660551,0.10624999999999998,5.312499999999999e-05,-0.0008418816448660551,1.106823582656833,-0.11694062107096248,回撤预警，仓位减半
2021-04-16,6368.846,趋势上行|波动偏低|价格中性,0.5,0.2125,0.011472461905047027,0.002437898154822493,0.0,0.0,0.002437898154822493,1.109521905826706,-0.11478781224047263,回撤预警，仓位减半
2021-04-19,6477.388,趋势上行|波动偏低|价格偏强,1.0,0.425,0.017042647914551567,0.007243125363684416,0.2125,0.00010625,0.007136875363684417,1.1174404253818688,-0.10847016318601843,回撤预警，仓位减半
2021-04-20,6457.6294,趋势上行|波动偏低|价格偏强,1.0,0.425,-0.0030503962399658358,-0.0012964184019854802,0.0,0.0,-0.0012964184019854802,1.1159917550512812,-0.10962595887238324,回撤预警，仓位减半
2021-04-21,6457.7147,趋势上行|波动偏低|价格偏强,1.0,0.425,1.320918168534746e-05,5.61390221627267e-06,0.0,0.0,5.61390221627267e-06,1.1159980201198683,-0.10962096039958047,回撤预警，仓位减半
2021-04-22,6485.2112,趋势上行|波动偏低|价格偏强,1.0,0.425,0.0042579304409342544,0.001809620437397058,0.0,0.0,0.001809620437397058,1.1180175529451717,-0.10800971229248968,回撤预警，仓位减半
2021-04-23,6453.3025,趋势上行|波动偏低|价格偏强,1.0,0.425,-0.004920225265755418,-0.0020910957379460526,0.0,0.0,-0.0020910957379460526,1.1156796712052592,-0.10987494938140407,回撤预警，仓位减半
2021-04-26,6431.0888,趋势上行|波动偏低|价格偏强,1.0,0.425,-0.0034422220250792668,-0.0014629443606586883,0.0,0.0,-0.0014629443606586883,1.114047493921968,-0.11117715280448759,回撤预警，仓位减半
2021-04-27,6400.9046,趋势上行|波动偏低|价格中性,0.5,0.2125,-0.0046934820741396654,-0.000997364940754679,0.2125,0.00010625,-0.001103614940754679,1.1128180144629654,-0.11215807097833663,回撤预警，仓位减半
2021-04-28,6437.2467,趋势上行|波动偏低|价格中性,0.5,0.2125,0.005677650624569486,0.0012065007577210156,0.0,0.0,0.0012065007577210156,1.1141606302406206,-0.11108688901823549,回撤预警，仓位减半
2021-04-29,6405.1028,趋势上行|波动偏低|价格中性,0.5,0.2125,-0.0049934236635672535,-0.0010611025285080413,0.0,0.0,-0.0010611025285080413,1.1129783915787081,-0.1120301169679222,回撤预警，仓位减半
2021-04-30,6382.1364,趋势上行|波动偏低|价格中性,0.5,0.2125,-0.0035856411235115626,-0.000761948738746207,0.0,0.0,-0.000761948738746207,1.1121303590969929,-0.11270670450034315,回撤预警，仓位减半
2021-05-06,6398.4374,趋势上行|波动偏低|价格中性,0.5,0.2125,0.0025541603905550048,0.0005427590829929384,0.0,0.0,0.0005427590829929384,1.112733977950865,-0.11222511800493207,回撤预警，仓位减半
2021-05-07,6320.2529,趋势上行|波动偏低|价格中性,0.5,0.2125,-0.012219311546284639,-0.0025966037035854857,0.0,0.0,-0.0025966037035854857,1.1098446487826124,-0.11453031755147058,回撤预警，仓位减半
2021-05-10,6338.5735,趋势下行|波动偏低|价格偏弱,0.5,0.2125,0.0028987131195334914,0.0006159765379008669,0.0,0.0,0.0006159765379008669,1.1105282870469773,-0.11398488900205972,回撤预警，仓位减半
2021-05-11,6343.8627,趋势下行|波动偏低|价格中性,0.75,0.31875,0.0008344464255245487,0.00026597979813594986,0.10624999999999998,5.312499999999999e-05,0.00021285479813594986,1.1107646683213408,-0.11379629643446298,回撤预警，仓位减半
2021-05-12,6420.3372,趋势下行|波动偏低|价格中性,0.75,0.43124999999999997,0.012054879434890697,0.005198666756296613,0.11249999999999999,5.625e-05,0.005142416756296613,1.1164766831640187,-0.10923906765975544,回撤预警，仓位减半
2021-05-13,6375.0148,趋势上行|波动偏低|价格中性,0.5,0.2875,-0.007059193090356741,-0.002029518013477563,0.14375,7.1875e-05,-0.002101393013477563,1.1141305268623072,-0.11111090645965405,回撤预警，仓位减半
2021-05-14,6462.4764,趋势上行|波动偏低|价格中性,0.5,0.2125,0.013719434816057197,0.002915379898412154,0.07499999999999998,3.749999999999999e-05,0.0028778798984121544,1.1173368607097716,-0.10855279040543642,回撤预警，仓位减半
2021-05-17,6457.2768,趋势上行|波动偏低|价格偏强,1.0,0.5,-0.0008045832090002314,-0.0004022916045001157,0.2875,0.00014375,-0.0005460416045001157,1.1167267482975824,-0.10903955767009066,回撤预警，仓位减半
2021-05-18,6486.8215,趋势上行|波动偏低|价格偏强,1.0,0.5,0.004575411727742562,0.002287705863871281,0.0,0.0,0.002287705863871281,1.1192814906280046,-0.10700130224169524,回撤预警，仓位减半
2021-05-19,6488.9489,趋势上行|波动偏低|价格偏强,1.0,0.5,0.00032795722835921026,0.00016397861417960513,0.0,0.0,0.00016397861417960513,1.1194650288557146,-0.10685486955277268,回撤预警，仓位减半
2021-05-20,6482.8358,趋势上行|波动偏低|价格偏强,1.0,0.5,-0.0009420786161531414,-0.0004710393080765707,0.0,0.0,-0.0004710393080765707,1.1189377168231065,-0.10727557601703053,回撤预警，仓位减半
2021-05-21,6480.3741,趋势上行|波动偏低|价格偏强,1.0,0.5,-0.0003797257983920721,-0.00018986289919603605,0.0,0.0,-0.00018986289919603605,1.1187252720641707,-0.10744507126435099,回撤预警，仓位减半
2021-05-24,6537.8571,趋势上行|波动偏低|价格偏强,1.0,0.5,0.008870321236547074,0.004435160618273537,0.0,0.0,0.004435160618273537,1.1236869983334972,-0.1034864467947767,回撤预警，仓位减半
2021-05-25,6615.7141,趋势上行|波动偏低|价格偏强,1.0,0.5,0.011908642053372498,0.005954321026686249,0.0,0.0,0.005954321026686249,1.130377791455088,-0.09814831729421769,回撤预警，仓位减半
2021-05-26,6644.751,趋势上行|波动偏低|价格偏强,1.0,0.5,0.004389080235495779,0.0021945401177478896,0.0,0.0,0.0021945401177478896,1.1328584508666475,-0.09616916759626148,回撤预警，仓位减半
2021-05-27,6705.0451,趋势上行|波动偏低|价格偏强,1.0,0.5,0.009073944230566289,0.004536972115283144,0.0,0.0,0.004536972115283144,1.1379981980687925,-0.0920685123127124,回撤预警，仓位减半
2021-05-28,6694.3457,趋势上行|波动偏低|价格偏强,1.0,0.5,-0.00159572379311812,-0.00079786189655906,0.0,0.0,-0.00079786189655906,1.1370902326682006,-0.09279291625142427,回撤预警，仓位减半
2021-05-31,6814.3631,趋势上行|波动偏低|价格偏强,1.0,0.5,0.017928174817742004,0.008964087408871002,0.0,0.0,0.008964087408871002,1.1472832089056118,-0.0846606326547551,回撤预警，仓位减半
2021-06-01,6854.7336,趋势上行|波动偏低|价格偏强,1.0,1.0,0.00592432475457616,0.00592432475457616,0.5,0.00025,0.00567432475457616,1.1537932664184143,-0.07946669982379007,正常
2021-06-02,6759.459,趋势上行|波动偏低|价格偏强,1.0,1.0,-0.013899095947361051,-0.013899095947361051,0.0,0.0,-0.013899095947361051,1.1377565831050456,-0.09226128048568016,正常
2021-06-03,6754.0697,趋势上行|波动偏低|价格偏强,1.0,0.5,-0.0007972975352020795,-0.00039864876760103973,0.5,0.00025,-0.0006486487676010397,1.1370185786995846,-0.09285008408739681,回撤预警，仓位减半
2021-06-04,6785.8035,趋势上行|波动偏低|价格偏强,1.0,0.5,0.004698470908584218,0.002349235454292109,0.0,0.0,0.002349235454292109,1.1396897030568545,-0.09071897534257678,回撤预警，仓位减半
2021-06-07,6861.8502,趋势上行|波动偏低|价格偏强,1.0,0.5,0.011206734766192383,0.005603367383096192,0.0,0.0,0.005603367383096192,1.1460758031658138,-0.08562393970694315,回撤预警，仓位减半
2021-06-08,6809.8642,趋势上行|波动偏低|价格偏强,1.0,1.0,-0.007576090775050726,-0.007576090775050726,0.5,0.00025,-0.007826090775050726,1.137106509895149,-0.09277992975732985,正常
2021-06-09,6823.4073,趋势上行|波动偏低|价格偏强,1.0,0.5,0.001988747440808014,0.000994373720404007,0.5,0.00025,0.0007443737204040071,1.1379529420984151,-0.09210461897841826,回撤预警，仓位减半
2021-06-10,6898.2061,趋势上行|波动偏低|价格偏强,1.0,0.5,0.010962089277596121,0.0054810446387980605,0.0,0.0,0.0054810446387980605,1.1441901129709082,-0.08712840386768028,回撤预警，仓位减半
2021-06-11,6852.9728,趋势上行|波动偏低|价格偏强,1.0,1.0,-0.006557255516039251,-0.006557255516039251,0.5,0.00025,-0.006807255516039251,1.1364013185129895,-0.09334255407588754,正常
2021-06-15,6815.1187,趋势上行|波动偏低|价格偏强,1.0,0.5,-0.005523748759078573,-0.0027618743795392864,0.5,0.00025,-0.0030118743795392866,1.1329786204968855,-0.096073292408285,回撤预警，仓位减半
2021-06-16,6673.2446,趋势上行|波动偏低|价格中性,0.5,0.2875,-0.02081755377202743,-0.005985046709457886,0.21250000000000002,0.00010625,-0.006091296709457885,1.1260773115539666,-0.10157937818782947,回撤预警，仓位减半
2021-06-17,6787.6684,趋势上行|波动偏低|价格中性,0.5,0.2875,0.017146651570361993,0.0049296623264790725,0.0,0.0,0.0049296623264790725,1.1316284924534372,-0.09715046789515003,回撤预警，仓位减半
2021-06-18,6863.7156,趋势上行|波动偏低|价格中性,0.5,0.2875,0.011203729398448603,0.003221072202053973,0.0,0.0,0.003221072202053973,1.1352735495335313,-0.09424232436464952,回撤预警，仓位减半
2021-06-21,6968.2963,趋势上行|波动偏低|价格偏强,1.0,0.5,0.015236747280146457,0.007618373640073228,0.21250000000000002,0.00010625,0.007512123640073229,1.143801864802932,-0.08743816071733146,回撤预警，仓位减半
2021-06-22,7000.2518,趋势上行|波动偏低|价格偏强,1.0,1.0,0.004585841161777182,0.004585841161777182,0.5,0.00025,0.004335841161777182,1.148761208009262,-0.08348143753190262,正常
2021-06-23,7046.1745,趋势上行|波动偏低|价格偏强,1.0,1.0,0.006560149736328125,0.006560149736328125,0.0,0.0,0.006560149736328125,1.156297253545088,-0.07746893852598769,正常
2021-06-24,6974.642,趋势上行|波动偏低|价格偏强,1.0,1.0,-0.010151962600415287,-0.010151962600415287,0.0,0.0,-0.010151962600415287,1.1445585670721352,-0.0868344393597934,正常
2021-06-25,7000.4297,趋势上行|波动偏低|价格偏强,1.0,1.0,0.003697351061172638,0.003697351061172638,0.0,0.0,0.003697351061172638,1.1487904019046735,-0.0834581457051341,正常
2021-06-28,7063.4706,趋势上行|波动偏低|价格偏强,1.0,1.0,0.009005290060980053,0.009005290060980053,0.0,0.0,0.009005290060980053,1.1591355926930949,-0.0752044204541803,正常
2021-06-29,7004.3036,趋势上行|波动偏低|价格偏强,1.0,1.0,-0.008376477138589578,-0.008376477138589578,0.0,0.0,-0.008376477138589578,1.1494261199003757,-0.08295094948411463,正常
2021-06-30,7083.6997,趋势上行|波动偏低|价格偏强,1.0,1.0,0.011335331038477614,0.011335331038477614,0.0,0.0,0.011335331038477614,1.1624552454737194,-0.07255589491799541,正常
2021-07-01,6969.5316,趋势上行|波动偏低|价格偏强,1.0,1.0,-0.01611701580178504,-0.01611701580178504,0.0,0.0,-0.01611701580178504,1.1437199359135515,-0.08750352621487445,正常
2021-07-02,6908.9318,趋势上行|波动偏低|价格中性,0.5,0.575,-0.008694960217986547,-0.004999602125342264,0.42500000000000004,0.0002125,-0.005212102125342264,1.1377587508047802,-0.09225955102525729,正常
2021-07-05,7006.6997,趋势上行|波动偏低|价格中性,0.5,0.2875,0.01415094298658448,0.0040683961086430374,0.2875,0.00014375,0.003924646108643038,1.1422240512587007,-0.08869699100453066,回撤预警，仓位减半
2021-07-06,6979.0624,趋势上行|波动偏低|价格偏强,1.0,1.0,-0.003944410518978092,-0.003944410518978092,0.7125,0.00035625,-0.004300660518978092,1.1373117333776253,-0.09261619587614334,正常
2021-07-07,7089.6646,趋势上行|波动偏低|价格中性,0.5,0.2875,0.01584771616313385,0.004556218396900982,0.7125,0.00035625,0.004199968396900982,1.142088406715236,-0.08880521257496343,回撤预警，仓位减半
2021-07-08,7099.4105,趋势上行|波动偏低|价格偏强,1.0,1.0,0.0013746630552875505,0.0013746630552875505,0.7125,0.00035625,0.0010184130552875505,1.1432515244589272,-0.08787723990753982,正常
2021-07-09,7142.8994,趋势上行|波动偏低|价格偏强,1.0,1.0,0.006125705789234326,0.006125705789234326,0.0,0.0,0.006125705789234326,1.1502547469408562,-0.08228984423554908,正常
2021-07-12,7284.2346,趋势上行|波动偏低|价格偏强,1.0,1.0,0.019786810941226474,0.019786810941226474,0.0,0.0,0.019786810941226474,1.173014620152823,-0.06413128688459446,正常
2021-07-13,7331.7263,趋势上行|波动偏低|价格偏强,1.0,1.0,0.0065197927590086024,0.0065197927590086024,0.0,0.0,0.0065197927590086024,1.1806624323795067,-0.05802961682544194,正常
2021-07-14,7243.8162,趋势上行|波动偏低|价格偏强,1.0,1.0,-0.011990368489341985,-0.011990368489341985,0.0,0.0,-0.011990368489341985,1.1665058547537537,-0.06932418882575153,正常
2021-07-15,7241.6231,趋势上行|波动偏低|价格偏强,1.0,1.0,-0.0003027547827622046,-0.0003027547827622046,0.0,0.0,-0.0003027547827622046,1.1661526895271068,-0.06960595537878567,正常
2021-07-16,7228.3631,趋势上行|波动偏低|价格偏强,1.0,1.0,-0.0018310812116140163,-0.0018310812116140163,0.0,0.0,-0.0018310812116140163,1.1640173692474405,-0.07130958243328922,正常
2021-07-19,7205.2678,趋势上行|波动偏低|价格偏强,1.0,1.0,-0.0031950940594005495,-0.0031950940594005495,0.0,0.0,-0.0031950940594005495,1.160298224265919,-0.07427683566947874,正常
2021-07-20,7253.2763,趋势上行|波动偏低|价格偏强,1.0,1.0,0.0066629723325482,0.0066629723325482,0.0,0.0,0.0066629723325482,1.1680292592317076,-0.0681087678379455,正常
2021-07-21,7398.8084,趋势上行|波动偏低|价格偏强,1.0,1.0,0.020064325965357233,0.020064325965357233,0.0,0.0,0.020064325965357233,1.1914649790260075,-0.04941099839158758,正常
2021-07-22,7446.4812,趋势上行|波动偏低|价格偏强,1.0,1.0,0.006443307816972332,0.006443307816972332,0.0,0.0,0.006443307816972332,1.1991419546390145,-0.043286060846796204,正常
2021-07-23,7379.7905,趋势上行|波动偏低|价格偏强,1.0,1.0,-0.008956001930146562,-0.008956001930146562,0.0,0.0,-0.008956001930146562,1.1884024369787478,-0.051854392732450405,正常
2021-07-26,7286.1475,趋势上行|波动偏低|价格偏强,1.0,1.0,-0.012689113600176105,-0.012689113600176105,0.0,0.0,-0.012689113600176105,1.1733226634531984,-0.0638855200525763,正常
2021-07-27,7093.8696,趋势上行|波动偏低|价格中性,0.5,0.575,-0.02638951517245569,-0.015173971224162022,0.42500000000000004,0.0002125,-0.015386471224162021,1.1552693680553185,-0.07828901856080872,正常
2021-07-28,6945.5087,趋势上行|波动偏低|价格中性,0.5,0.5208061257449198,-0.020913959286762096,-0.010892118110125554,0.054193874255080154,2.7096937127540078e-05,-0.010919215047253093,1.1426547333880184,-0.08835337897855788,正常
2021-07-29,7207.4826,趋势下行|波动偏高|价格偏弱,0.75,0.7442937376478501,0.037718461140218595,0.02807361442037849,0.22348761190293032,0.00011174380595146516,0.027961870614427023,1.1746054971999769,-0.06286203411547664,正常
2021-07-30,7262.383,趋势上行|波动偏高|价格中性,1.0,0.8573118305434273,0.007617139443389043,0.006530263759716403,0.11301809289557718,5.650904644778859e-05,0.006473754713268614,1.1822096050737065,-0.056795232791848727,正常
2021-08-02,7402.3541,趋势上行|波动偏高|价格中性,1.0,0.8661515611487061,0.019273439585876906,0.016693719786012553,0.008839730605278762,4.419865302639381e-06,0.016689299920709912,1.2019398557419259,-0.041053805545268274,正常
2021-08-03,7308.9553,趋势上行|波动偏高|价格偏强,0.75,0.6390736658909882,-0.012617445577211672,-0.0080634771992087,0.22707789525771782,0.0001135389476288589,-0.008177016146837558,1.1921115741339965,-0.048895124061273165,正常
2021-08-04,7478.2072,趋势上行|波动偏高|价格中性,1.0,0.8345122303590878,0.023156784116602935,0.019324619561090214,0.1954385644680996,9.77192822340498e-05,0.019226900278856165,1.215032184491141,-0.030608325456865537,正常
2021-08-05,7447.9394,趋势上行|波动偏高|价格偏强,0.75,0.6098634521488423,-0.0040474674197312766,-0.0024684024530572837,0.22464877821024554,0.00011232438910512277,-0.0025807268421624064,1.2118965183185335,-0.03311006057192767,正常
2021-08-06,7482.1737,趋势上行|波动偏高|价格偏强,0.75,0.6071783728632396,0.004596479396703934,0.0027908828809901,0.0026850792856026873,1.3425396428013436e-06,0.0027895403413472986,1.2152771525459214,-0.03041288208025017,正常
2021-08-09,7507.0824,趋势上行|波动偏高|价格偏强,0.75,0.6077211302174995,0.003329072673092348,0.002023147807467874,0.000542757354259904,2.71378677129952e-07,0.002022876428790744,1.2177355080522545,-0.0284515271537511,正常
2021-08-10,7549.552,趋势上行|波动偏高|价格偏强,0.75,0.6280574456567314,0.005657271059126723,0.0035530912107828807,0.020336315439231867,1.0168157719615934e-05,0.0035429230530632646,1.2220498512562665,-0.02500940567213583,正常
2021-08-11,7605.9175,趋势上行|波动偏高|价格偏强,0.75,0.6285857914130908,0.00746607215898365,0.004693066876801981,0.0005283457563594052,2.6417287817970257e-07,0.0046928027039238015,1.2277846901025715,-0.02043396717477375,正常
2021-08-12,7657.5268,趋势上行|波动偏高|价格偏强,0.75,0.6404202401431304,0.006785414119992783,0.004345516540196366,0.011834448730039582,5.917224365019791e-06,0.004339599315831346,1.2331127837037288,-0.01618304308891383,正常
2021-08-13,7641.9169,趋势上行|波动偏高|价格偏强,0.75,0.6398963581621451,-0.00203850412903539,-0.0013044313682682416,0.0005238819809852968,2.619409904926484e-07,-0.0013046933092587343,1.231503949705269,-0.01746662249013109,正常
2021-08-16,7568.1374,趋势上行|波动偏高|价格偏强,0.75,0.6397517732953032,-0.009654580253287026,-0.0061765348374621925,0.0001445848668418792,7.22924334209396e-08,-0.006176607129895613,1.223897433629025,-0.023535345155018872,正常
2021-08-17,7360.033,趋势上行|波动偏高|价格偏强,0.75,0.6313935673861422,-0.027497439462449424,-0.017361706396180426,0.008358205909161032,4.1791029545805156e-06,-0.017365885499135005,1.2026433709339381,-0.04049251854500924,正常
2021-08-18,7405.4856,趋势上行|波动偏高|价格中性,1.0,0.7743706365447621,0.006175597310501102,0.004782201220376859,0.14297706915861996,7.148853457930998e-05,0.004710712685797549,1.208308678317887,-0.035972554480001584,正常
2021-08-19,7468.7727,趋势上行|波动偏高|价格中性,1.0,0.8008236640041635,0.008545975702120234,0.00684381957426248,0.026453027459401368,1.3226513729700685e-05,0.006830593060532779,1.2165621431909865,-0.029387675300469596,正常
2021-08-20,7467.3611,趋势上行|波动偏高|价格中性,1.0,0.798404142552011,-0.00018900026238588552,-0.00015089859243230802,0.0024195214521525177,1.2097607260762589e-06,-0.0001521083531583843,1.216377093926871,-0.029535313542734754,正常
2021-08-23,7652.5587,趋势上行|波动偏高|价格中性,1.0,0.805496351826114,0.02480094340154504,0.019977069431790465,0.007092209274103034,3.546104637051517e-06,0.019973523327153412,1.2406724301870344,-0.010151714489601948,正常
2021-08-24,7715.0732,趋势上行|波动偏高|价格偏强,0.75,0.5850329104342349,0.00816909774243224,0.004779191027876871,0.22046344139187912,0.00011023172069593957,0.004668959307180932,1.246465079277119,-0.0055301531242710755,正常
2021-08-25,7769.6268,趋势上行|波动偏高|价格偏强,0.75,0.6396720959328559,0.007071041140607637,0.004523147706839939,0.05463918549862101,2.7319592749310505e-05,0.004495828114090629,1.2520689720237652,-0.0010591876280718893,正常
2021-08-26,7669.5282,趋势上行|波动偏高|价格偏强,0.75,0.6940032985734932,-0.012883321500075207,-0.008941067617634997,0.05433120264063729,2.7165601320318644e-05,-0.008968233218955316,1.2408401254764385,-0.010017921805355878,正常
2021-08-27,7680.0781,趋势上行|波动偏低|价格偏强,1.0,1.0,0.0013755604940601796,0.0013755604940601796,0.3059967014265068,0.00015299835071325342,0.001222562143346926,1.2423571296397917,-0.00880760719396334,正常
2021-08-30,7727.7454,趋势上行|波动偏低|价格偏强,1.0,1.0,0.0062066165707350684,0.0062066165707350684,0.0,0.0,0.0062066165707350684,1.2500679639873848,-0.0026556560639868776,正常
2021-08-31,7728.4217,趋势上行|波动偏低|价格偏强,1.0,1.0,8.751582317922946e-05,8.751582317922946e-05,0.0,0.0,8.751582317922946e-05,1.250177364714283,-0.002568372652734241,正常
2021-09-01,7606.8742,趋势上行|波动偏低|价格偏强,1.0,1.0,-0.015727337963455046,-0.015727337963455046,0.0,0.0,-0.015727337963455046,1.23051540278516,-0.018255316951463763,正常
2021-09-02,7690.8589,趋势上行|波动偏低|价格中性,0.5,0.575,0.011040632169255549,0.00634836349732194,0.42500000000000004,0.0002125,0.00613586349732194,1.2380656773280017,-0.012231465587056456,正常
2021-09-03,7630.8413,趋势上行|波动偏低|价格偏强,1.0,1.0,-0.007803757783152121,-0.007803757783152121,0.42500000000000004,0.0002125,-0.00801625778315212,1.2281410237060677,-0.02014967278899682,正常
2021-09-06,7735.0996,趋势上行|波动偏低|价格中性,0.5,0.5734542249457556,0.013662753017809282,0.007834963442453104,0.4265457750542444,0.0002132728875271222,0.0076216905549259814,1.2375015345465654,-0.012681556804851501,正常
2021-09-07,7878.3488,趋势上行|波动偏低|价格偏强,1.0,1.0,0.018519373687185592,0.018519373687185592,0.4265457750542444,0.0002132728875271222,0.01830610079965847,1.260155362377707,0.0,正常
2021-09-08,7894.2516,趋势上行|波动偏低|价格偏强,1.0,1.0,0.002018544799641253,0.002018544799641253,0.0,0.0,0.002018544799641253,1.2626990424311746,0.0,正常
2021-09-09,7900.2375,趋势上行|波动偏低|价格偏强,1.0,1.0,0.0007582606057299213,0.0007582606057299213,0.0,0.0,0.0007582606057299213,1.263656497371943,0.0,正常
2021-09-10,7932.6512,趋势上行|波动偏低|价格偏强,1.0,1.0,0.004102876654024756,0.004102876654024756,0.0,0.0,0.004102876654024756,1.2688411241137172,0.0,正常
2021-09-13,7947.4812,趋势上行|波动偏低|价格偏强,1.0,1.0,0.001869488475681358,0.001869488475681358,0.0,0.0,0.001869488475681358,1.2712132079727183,0.0,正常
2021-09-14,7916.896,趋势上行|波动偏低|价格偏强,1.0,1.0,-0.00384841426237037,-0.00384841426237037,0.0,0.0,-0.00384841426237037,1.2663210529326425,-0.00384841426237037,正常
2021-09-15,7972.2325,趋势上行|波动偏低|价格偏强,1.0,1.0,0.0069896712044721365,0.0069896712044721365,0.0,0.0,0.0069896712044721365,1.2751722207319427,0.0,正常
2021-09-16,7754.9469,趋势上行|波动偏低|价格偏强,1.0,1.0,-0.02725530144786925,-0.02725530144786925,0.0,0.0,-0.02725530144786925,1.2404170174579447,-0.02725530144786925,正常
2021-09-17,7730.2239,趋势上行|波动偏低|价格中性,0.5,0.5516930127533465,-0.0031880295660051683,-0.0017588136360161349,0.4483069872466535,0.00022415349362332675,-0.0019829671296394615,1.2379573112852802,-0.029184222210629218,正常
2021-09-22,7769.0601,趋势上行|波动偏低|价格中性,0.5,0.5494855347347238,0.005023942450101515,0.0027605837036705095,0.002207478018622644,1.103739009311322e-06,0.002759479964661198,1.241373429682878,-0.026505275522442306,正常
2021-09-23,7806.8018,趋势上行|波动偏低|价格中性,0.5,0.575,0.00485794929041683,0.002793320841989677,0.02551446526527612,1.275723263263806e-05,0.002780563609357039,1.2448251474670768,-0.023798411517658935,正常
2021-09-24,7695.6176,趋势上行|波动偏低|价格中性,0.5,0.575,-0.014241965256502453,-0.00818913002248891,0.0,0.0,-0.00818913002248891,1.234631112479205,-0.031792653253901015,正常
2021-09-27,7467.8178,趋势下行|波动偏低|价格偏弱,0.5,0.575,-0.029601236942958242,-0.01702071124220099,0.0,0.0,-0.01702071124220099,1.2136168128230593,-0.04827223092544386,正常
2021-09-28,7468.7328,趋势下行|波动偏高|价格偏弱,0.75,0.7864520401297489,0.00012252575310545133,9.636062849821611e-05,0.21145204012974894,0.00010572602006487446,-9.365391566658346e-06,1.2136054468263953,-0.04828114422866614,正常
2021-09-29,7199.1794,趋势下行|波动偏高|价格偏弱,0.75,0.7871364825755501,-0.03609091491397309,-0.028408475818318246,0.0006844424458012366,3.422212229006183e-07,-0.028408818039541147,1.1791283505157082,-0.07531835202707426,正常
2021-09-30,7405.4623,趋势下行|波动偏高|价格偏弱,0.75,0.6743727170930034,0.028653668500051577,0.019323252281061985,0.11276376548254674,5.638188274127337e-05,0.01926687039832071,1.2018464636280801,-0.057502630555874235,正常
2021-10-08,7425.6688,趋势下行|波动偏高|价格偏弱,0.75,0.6045401838413488,0.0027285940001342546,0.0016495447184695635,0.06983253325165462,3.491626662582731e-05,0.0016146284518437362,1.2037869991230017,-0.05598084748738197,正常
2021-10-11,7384.8436,趋势下行|波动偏高|价格偏弱,0.75,0.6159723373601095,-0.005497848220755608,-0.003386522418989951,0.011432153518760702,5.716076759380351e-06,-0.0033922384957493315,1.1997034665238941,-0.05918318559725988,正常
2021-10-12,7208.473,趋势下行|波动偏高|价格偏弱,0.75,0.6252580674295577,-0.023882780672565662,-0.014932901288172398,0.009285730069448217,4.642865034724108e-06,-0.014937544153207121,1.181782843021938,-0.07323667830248037,正常
2021-10-13,7289.3627,趋势下行|波动偏高|价格偏弱,0.75,0.5979006718187916,0.01122147506136173,0.006709327477985994,0.02735739561076611,1.3678697805383055e-05,0.0066956487801806104,1.1896956458732562,-0.06703139659804025,正常
2021-10-14,7342.2544,趋势下行|波动偏高|价格偏弱,0.75,0.6023188306828082,0.007256011557773112,0.004370432396898842,0.004418158864016641,2.2090794320083205e-06,0.004368223317466834,1.1948925021342485,-0.06295598139019531,正常
2021-10-15,7350.4129,趋势下行|波动偏高|价格偏弱,0.75,0.6252422084448025,0.0011111709776769896,0.0006947509960425313,0.022923377761994268,1.1461688880997133e-05,0.0006832893071615342,1.1957089594041643,-0.06231570923193952,正常
2021-10-18,7429.6256,趋势下行|波动偏高|价格偏弱,0.75,0.6258518174521647,0.010776632697735877,0.006744575159892423,0.0006096090073621774,3.0480450368108866e-07,0.006744270355388742,1.2037731438927466,-0.05599171286699878,正常
2021-10-19,7504.0545,趋势下行|波动偏高|价格中性,0.5,0.409386787409701,0.01001785338954364,0.004101176815886655,0.21646503004246365,0.00010823251502123181,0.003992944300865423,1.208579743007188,-0.052222340356921304,正常
2021-10-20,7523.5614,趋势下行|波动偏高|价格中性,0.5,0.40452187429471254,0.0025995147023518683,0.0010515605596520395,0.0048649131149884894,2.432456557494245e-06,0.0010491281030945454,1.2098476979804078,-0.051228000178704436,正常
2021-10-21,7503.5343,趋势下行|波动偏高|价格中性,0.5,0.4042310997411375,-0.002661917532832181,-0.001076029851716968,0.0002907745535750128,1.453872767875064e-07,-0.0010761752389937555,1.2085456898448876,-0.052249045112362724,正常
2021-10-22,7438.4806,趋势下行|波动偏高|价格中性,0.5,0.4042963661708888,-0.008669741137852904,-0.003505144837676196,6.526642975129837e-05,3.263321487564919e-08,-0.0035051774708910717,1.204309522720301,-0.05557108040745029,正常
2021-10-25,7532.3726,趋势下行|波动偏高|价格中性,0.5,0.40702008083896457,0.012622470239419536,0.005137598857235964,0.0027237146680757496,1.3618573340378747e-06,0.005136236999901926,1.2104951418502312,-0.050720269646861604,正常
2021-10-26,7508.6886,趋势下行|波动偏高|价格中性,0.5,0.42467671731382733,-0.003144294800286329,-0.0013353087940525346,0.017656636474862764,8.828318237431381e-06,-0.001344137112289966,1.2088680704058237,-0.05199623176237389,正常
2021-10-27,7433.5459,趋势下行|波动偏高|价格中性,0.5,0.42468428690547666,-0.010007433255388998,-0.004249999655819029,7.569591649325691e-06,3.784795824662846e-09,-0.004250003440614854,1.2037303769473495,-0.05602525103909961,正常
2021-10-28,7267.8506,趋势下行|波动偏高|价格中性,0.5,0.42358238820262023,-0.022290210113588005,-0.009441740433451806,0.0011018987028564298,5.509493514282149e-07,-0.009442291382803234,1.192364403981881,-0.06493853567679697,正常
2021-10-29,7385.3049,趋势下行|波动偏高|价格偏弱,0.75,0.4536384760080728,0.01616080275508147,0.007331161932882223,0.030056087805452547,1.5028043902726273e-05,0.007316133888979497,1.2010879016058658,-0.05809750080938314,正常
2021-11-01,7455.6105,趋势下行|波动偏高|价格中性,0.5,0.40006941628220577,0.0095196611313908,0.0038085252720399198,0.05356905972586701,2.6784529862933504e-05,0.003781740742176986,1.2056301046583044,-0.05453546975303569,正常
2021-11-02,7368.5999,趋势下行|波动偏高|价格中性,0.5,0.4316424531780601,-0.011670486273390956,-0.005037477324827349,0.031573036895854334,1.5786518447927168e-05,-0.0050532638432752765,1.1995377376420704,-0.05931315147883198,正常
2021-11-03,7385.1994,趋势下行|波动偏高|价格中性,0.5,0.4253182543968171,0.0022527346070180254,0.0009581291506762063,0.006324198781243018,3.162099390621509e-06,0.0009549670512855848,1.2006832566582923,-0.05841482653291652,正常
2021-11-04,7483.6923,趋势上行|波动偏高|价格中性,1.0,1.0,0.013336525483658379,0.013336525483658379,0.574681745603183,0.00028734087280159144,0.013049184610856787,1.216351194133591,-0.04612790777749909,正常
2021-11-05,7389.5866,趋势上行|波动偏低|价格偏强,1.0,1.0,-0.01257476874082597,-0.01257476874082597,0.0,0.0,-0.01257476874082597,1.2010558591597336,-0.058122628745524874,正常
2021-11-08,7422.9067,趋势下行|波动偏低|价格中性,0.75,0.8233686346565612,0.004509061440595374,0.0037126197619255603,0.17663136534343882,8.83156826717194e-05,0.003624304079253841,1.205408850809498,-0.05470897874673031,正常
2021-11-09,7531.9583,趋势上行|波动偏低|价格中性,0.5,0.5500807501393974,0.014691226012580882,0.00808136062546792,0.2732878845171638,0.0001366439422585819,0.007944716683209337,1.2149854826166124,-0.0471989093996914,正常
2021-11-10,7535.2279,趋势上行|波动偏低|价格偏强,1.0,1.0,0.0004340969333300748,0.0004340969333300748,0.4499192498606026,0.00022495962493030133,0.0002091373083997735,1.2152395814101915,-0.04699964314416305,正常
2021-11-11,7593.7315,趋势上行|波动偏低|价格偏强,1.0,1.0,0.007764012021454603,0.007764012021454603,0.0,0.0,0.007764012021454603,1.2246747161292078,-0.03960053691708376,正常
2021-11-12,7697.8082,趋势上行|波动偏低|价格偏强,1.0,1.0,0.013705607052343138,0.013705607052343138,0.0,0.0,0.013705607052343138,1.2414596265554145,-0.02643767926278795,正常
2021-11-15,7676.4847,趋势上行|波动偏低|价格偏强,1.0,1.0,-0.002770074214112017,-0.002770074214112017,0.0,0.0,-0.002770074214112017,1.2380206912560323,-0.029134519143293125,正常
2021-11-16,7589.1814,趋势上行|波动偏低|价格偏强,1.0,1.0,-0.011372822771339552,-0.011372822771339552,0.0,0.0,-0.011372822771339552,1.223940901347126,-0.04017600019188783,正常
2021-11-17,7725.0924,趋势上行|波动偏低|价格偏强,1.0,1.0,0.017908519092717956,0.017908519092717956,0.0,0.0,0.017908519092717956,1.2458598703472594,-0.02298697376567549,正常
2021-11-18,7714.7966,趋势上行|波动偏低|价格偏强,1.0,1.0,-0.0013327737024868558,-0.0013327737024868558,0.0,0.0,-0.0013327737024868558,1.2441994210750769,-0.024289111034027755,正常
2021-11-19,7803.7626,趋势上行|波动偏低|价格偏强,1.0,1.0,0.011531865921131423,0.011531865921131423,0.0,0.0,0.011531865921131423,1.258547361978064,-0.013037343884684138,正常
2021-11-22,7947.3717,趋势上行|波动偏低|价格偏强,1.0,1.0,0.018402545971862194,0.018402545971862194,0.0,0.0,0.018402545971862194,1.2817078376646314,0.0,正常
2021-11-23,7941.5587,趋势上行|波动偏高|价格偏强,0.5,0.5469320530672809,-0.000731436784314532,-0.00040004622213407685,0.4530679469327191,0.00022653397346635959,-0.0006265801956004364,1.2809047449170048,-0.000626580195600468,正常
2021-11-24,7938.7737,趋势上行|波动偏高|价格偏强,0.5,0.5492689981078605,-0.00035068682423766706,-0.00019262140059865074,0.0023369450405795744,1.1684725202897873e-06,-0.00019378987311894052,1.28065651854901,-0.0008202486438227963,正常
2021-11-25,7925.7602,趋势上行|波动偏低|价格偏强,1.0,1.0,-0.0016392330215937445,-0.0016392330215937445,0.45073100189213955,0.00022536550094606978,-0.0018645985225398142,1.2782686082966426,-0.002683317731953072,正常
2021-11-26,7940.7888,趋势上行|波动偏低|价格偏强,1.0,1.0,0.0018961714234049243,0.0018961714234049243,0.0,0.0,0.0018961714234049243,1.2806924247031302,-0.0007922343389514808,正常
2021-11-29,7999.8331,趋势上行|波动偏低|价格偏强,1.0,1.0,0.007435571136207519,0.007435571136207519,0.0,0.0,0.007435571136207519,1.2902151043306125,0.0,正常
2021-11-30,8054.2904,趋势上行|波动偏低|价格偏强,1.0,1.0,0.006807304517390422,0.006807304517390422,0.0,0.0,0.006807304517390422,1.2989979914387275,0.0,正常
2021-12-01,8055.8207,趋势上行|波动偏低|价格偏强,1.0,1.0,0.00018999811578690462,0.00018999811578690462,0.0,0.0,0.00018999811578690462,1.299244798609512,0.0,正常
2021-12-02,7968.235,趋势上行|波动偏低|价格偏强,1.0,1.0,-0.010872349728439312,-0.010872349728439312,0.0,0.0,-0.010872349728439312,1.2851189547761737,-0.010872349728439312,正常
2021-12-03,8023.9634,趋势上行|波动偏低|价格偏强,1.0,1.0,0.006993819835885873,0.006993819835885873,0.0,0.0,0.006993819835885873,1.2941068452135602,-0.003954569147746834,正常
2021-12-06,7906.7563,趋势上行|波动偏低|价格偏强,1.0,1.0,-0.014607132928846522,-0.014607132928846522,0.0,0.0,-0.014607132928846522,1.2752036545013956,-0.018503937159375816,正常
2021-12-07,7781.4416,趋势上行|波动偏低|价格中性,0.5,0.575,-0.01584906569081934,-0.009113212772221121,0.42500000000000004,0.0002125,-0.00932571277222112,1.2633114714934288,-0.027657087528493385,正常
2021-12-08,7922.5518,趋势上行|波动偏低|价格中性,0.5,0.575,0.018134197653041584,0.01042716365049891,0.0,0.0,0.01042716365049891,1.2764842269482433,-0.017518308855750453,正常
2021-12-09,7931.7565,趋势上行|波动偏低|价格中性,0.5,0.575,0.0011618352561608702,0.0006680552722925004,0.0,0.0,0.0006680552722925004,1.2773369889660542,-0.016861956782050713,正常
2021-12-10,7949.1249,趋势上行|波动偏低|价格中性,0.5,0.575,0.002189729349356462,0.0012590943758799655,0.0,0.0,0.0012590943758799655,1.2789452767849647,-0.015624093201121347,正常
2021-12-13,7984.8993,趋势上行|波动偏低|价格中性,0.5,0.575,0.004500419914146736,0.002587741450634373,0.0,0.0,0.002587741450634373,1.2822548564907943,-0.013076782864092085,正常
2021-12-14,7981.8275,趋势上行|波动偏低|价格中性,0.5,0.575,-0.00038470115709532404,-0.0002212031653298113,0.0,0.0,-0.0002212031653298113,1.281971217657779,-0.013295093403659974,正常
2021-12-15,7955.5813,趋势上行|波动偏低|价格中性,0.5,0.575,-0.003288244452789857,-0.0018907405603541675,0.0,0.0,-0.0018907405603541675,1.2795473426793469,-0.015160696391662176,正常
2021-12-16,8005.9752,趋势上行|波动偏低|价格中性,0.5,0.575,0.00633440827259224,0.003642284756740538,0.0,0.0,0.003642284756740538,1.2842078184611156,-0.01157363120829058,正常
2021-12-17,7894.1034,趋势上行|波动偏低|价格偏强,1.0,1.0,-0.01397353816434499,-0.01397353816434499,0.42500000000000004,0.0002125,-0.014186038164344989,1.2659899973374762,-0.02559548539861456,正常
2021-12-20,7751.9508,趋势上行|波动偏低|价格偏弱,0.75,0.6375,-0.018007440845023703,-0.011479743538702611,0.36250000000000004,0.00018125000000000001,-0.011660993538702612,1.2512272961584616,-0.03695801014746414,正常
2021-12-21,7849.0325,趋势下行|波动偏低|价格偏弱,0.5,0.425,0.01252351859611922,0.005322495403350669,0.21249999999999997,0.00010624999999999998,0.005216245403350669,1.257754004790595,-0.03193454679466212,正常
2021-12-22,7930.8115,趋势下行|波动偏低|价格偏弱,0.5,0.425,0.01041899113043554,0.004428071230435105,0.0,0.0,0.004428071230435105,1.263323429114173,-0.027647884012145352,正常
2021-12-23,7932.6616,趋势下行|波动偏低|价格中性,0.75,0.6375,0.000233280036979977,0.00014871602357473533,0.21249999999999997,0.00010624999999999998,4.2466023574735354e-05,1.2633770774366964,-0.027606592084264747,正常
2021-12-24,7776.6064,趋势上行|波动偏低|价格中性,0.5,0.575,-0.019672489243711122,-0.011311681315133893,0.0625,3.125e-05,-0.011342931315133893,1.2490466780222174,-0.03863638372154188,正常
2021-12-27,7776.4312,趋势下行|波动偏低|价格偏弱,0.5,0.575,-2.2529107297941664e-05,-1.2954236696316455e-05,0.0,0.0,-1.2954236696316455e-05,1.2490304975759055,-0.03864883745337844,正常
2021-12-28,7863.5299,趋势下行|波动偏低|价格偏弱,0.5,0.575,0.011200343417170577,0.006440197464873082,0.0,0.0,0.006440197464873082,1.257074500619943,-0.03245754613349283,正常
2021-12-29,7855.4293,趋势下行|波动偏低|价格中性,0.75,0.8624999999999999,-0.0010301480509409267,-0.0008885026939365492,0.2875,0.00014375,-0.0010322526939365493,1.255776882080199,-0.03345629443799458,正常
2021-12-30,7924.5275,趋势下行|波动偏低|价格中性,0.75,0.8624999999999999,0.008796234726471397,0.007586752451581579,0.0,0.0,0.007586752451581579,1.2653041504189606,-0.026123366610261267,正常
2021-12-31,8010.3235,趋势下行|波动偏低|价格中性,0.75,0.8624999999999999,0.010826639190790965,0.009337976302057207,0.0,0.0,0.009337976302057207,1.2771195305904675,-0.017029329686540584,正常
2022-01-04,7983.0677,趋势下行|波动偏低|价格偏强,0.75,0.8624999999999999,-0.0034025841777801658,-0.0029347288533353925,0.0,0.0,-0.0029347288533353925,1.2733715310548854,-0.01991408207469203,正常
2022-01-05,7781.6778,趋势上行|波动偏低|价格偏强,1.0,1.0,-0.0252271316701973,-0.0252271316701973,0.13750000000000007,6.875000000000003e-05,-0.0252958816701973,1.2411604754831231,-0.04470621948115727,正常
2022-01-06,7844.5166,趋势上行|波动偏高|价格偏弱,0.75,0.8446306177832494,0.008075225114049234,0.006820582376818215,0.15536938221675056,7.768469110837528e-05,0.00674289768570984,1.2495294935808527,-0.038264771259323815,正常
2022-01-07,7682.6973,趋势下行|波动偏低|价格中性,0.75,0.8624999999999999,-0.02062833291728905,-0.017791937141161805,0.017869382216750496,8.934691108375248e-06,-0.01780087183227018,1.2272867792149784,-0.05538449680271573,正常
2022-01-10,7734.1865,趋势下行|波动偏高|价格偏弱,0.75,0.8263431535249932,0.006701969111811756,0.005538126290681625,0.03615684647500672,1.8078423237503362e-05,0.005520047867444121,1.2340614609833265,-0.0501701740087368,正常
2022-01-11,7646.6932,趋势下行|波动偏高|价格偏弱,0.75,0.8182533553956848,-0.011312540756548861,-0.009256524432096545,0.008089798129308434,4.044899064654217e-06,-0.009260569331161199,1.2226333492649764,-0.058966138965133696,正常
2022-01-12,7779.5237,趋势下行|波动偏高|价格偏弱,0.75,0.8102239663354178,0.01737097285399125,0.014074378524865665,0.008029389060266956,4.014694530133478e-06,0.014070363830335532,1.239836245320236,-0.04572545016370788,正常
2022-01-13,7644.7873,趋势下行|波动偏高|价格中性,0.5,0.5081090650855364,-0.017319363652044673,-0.00880012567311684,0.3021149012498814,0.0001510574506249407,-0.008951183123741782,1.2287382440449222,-0.05426733640961878,正常
2022-01-14,7675.3707,趋势下行|波动偏高|价格偏弱,0.75,0.7339092245629062,0.004000556039015057,0.0029360449804139922,0.22580015947736976,0.00011290007973868487,0.0028231449006753074,1.2322071501528622,-0.05159739606300162,正常
2022-01-17,7808.0861,趋势下行|波动偏高|价格偏弱,0.75,0.7375567355140088,0.01729107364156368,0.012753147828604034,0.003647510951102606,1.823755475551303e-06,0.012751324073128482,1.2479194228496875,-0.03950400710840196,正常
2022-01-18,7758.6048,趋势下行|波动偏高|价格中性,0.5,0.4788808149111796,-0.00633718677871653,-0.0030347571688361255,0.2586759206028292,0.0001293379603014146,-0.00316409512913754,1.2439708870822928,-0.04254310780106629,正常
2022-01-19,7665.1848,趋势上行|波动偏高|价格中性,1.0,0.9982962899121484,-0.012040824659608873,-0.012020310585170245,0.5194154750009687,0.0002597077375004844,-0.012280018322670729,1.2286949017960531,-0.05430069598043674,正常
2022-01-20,7492.6095,趋势下行|波动偏高|价格偏弱,0.75,0.7529050802539707,-0.022514173435192353,-0.016951035557075316,0.24539120965817762,0.0001226956048290888,-0.017073731161904405,1.2077164953627848,-0.07044731165726681,正常
2022-01-21,7388.7443,趋势下行|波动偏高|价格偏弱,0.75,0.722926223506848,-0.01386235329627139,-0.010021458717391182,0.02997885674712275,1.4989428373561375e-05,-0.010036448145764742,1.1955953113822915,-0.07977671901257488,正常
2022-01-24,7425.402,趋势下行|波动偏高|价格偏弱,0.75,0.5264742296466461,0.004961289565806215,0.0026119911022117704,0.19645199386020185,9.822599693010092e-05,0.0025137651052816695,1.1986007571560826,-0.07746349383976092,正常
2022-01-25,7133.0663,趋势下行|波动偏高|价格偏弱,0.75,0.543629670923571,-0.03936967991766638,-0.021402526138007295,0.01715544127692481,8.577720638462404e-06,-0.021411103858645756,1.1729373918595623,-0.09721601878654995,正常
2022-01-26,7171.0289,趋势下行|波动偏高|价格偏弱,0.75,0.23086112691847818,0.005322059042126126,0.001228656547991914,0.3127685440050928,0.00015638427200254638,0.0010722722759893676,1.1741951001063244,-0.09624798855228756,回撤预警，仓位减半
2022-01-27,6960.1096,趋势下行|波动偏高|价格偏弱,0.75,0.23462262253415161,-0.029412696970165686,-0.006900884098942569,0.0037614956156734325,1.8807478078367162e-06,-0.0069027648467504055,1.166089907446084,-0.10248637616708878,回撤预警，仓位减半
2022-01-28,6973.0104,趋势下行|波动偏高|价格偏弱,0.75,0.22108268509780732,0.0018535340305561032,0.00040978428039550456,0.013539937436344296,6.769968718172148e-06,0.0004030143116773324,1.1665598583674872,-0.10212466533175879,回撤预警，仓位减半
2022-02-07,7061.6204,趋势下行|波动偏高|价格偏弱,0.75,0.2246120611910535,0.01270756745178514,0.002854272918069804,0.0035293760932461893,1.7646880466230947e-06,0.0028525082300231808,1.1698874799642953,-0.09956346855008269,回撤预警，仓位减半
2022-02-08,7080.6181,趋势下行|波动偏高|价格偏弱,0.75,0.22308448327460403,0.0026902748836512558,0.0006001585822859859,0.001527577916449474,7.637889582247371e-07,0.0005993947933277612,1.1705887044285652,-0.09902375158140952,回撤预警，仓位减半
2022-02-09,7211.4299,趋势下行|波动偏高|价格偏弱,0.75,0.22156075171843953,0.018474630060898223,0.0040932529240126905,0.0015237315561645037,7.618657780822519e-07,0.004092491058234608,1.1753793282343095,-0.09533651434107471,回撤预警，仓位减半
2022-02-10,7175.6171,趋势下行|波动偏高|价格偏弱,0.75,0.21895752619394285,-0.004966116359253481,-0.001087368552813412,0.002603225524496683,1.3016127622483415e-06,-0.0010886701655756603,1.1740997278264265,-0.0963213944877972,回撤预警，仓位减半
2022-02-11,7033.8514,趋势下行|波动偏高|价格偏弱,0.75,0.22208333332652164,-0.019756586510169427,-0.004387608587332218,0.0031258071325787895,1.5629035662893946e-06,-0.0043891714908985075,1.168946402773579,-0.10028779486004635,回撤预警，仓位减半
2022-02-14,7006.0752,趋势下行|波动偏高|价格偏弱,0.75,0.22269736753034286,-0.003948931875359163,-0.0008794167331991455,0.0006140342038212232,3.070171019106116e-07,-0.0008797237503010562,1.16791805286023,-0.1010792930553438,回撤预警，仓位减半
2022-02-15,7124.8489,趋势下行|波动偏高|价格偏弱,0.75,0.22555666520662168,0.016952958198336088,0.0038238527166039454,0.0028592976762788214,1.4296488381394108e-06,0.003822423067765806,1.1723823297667428,-0.09764323780902628,回撤预警，仓位减半
2022-02-16,7183.1058,趋势下行|波动偏高|价格中性,0.5,0.14468057355147315,0.008176580418428392,0.001182992344627964,0.08087609165514853,4.043804582757427e-05,0.0011425542988003899,1.1737218402374554,-0.09661224621133346,回撤预警，仓位减半
2022-02-17,7220.6066,趋势下行|波动偏高|价格中性,0.5,0.14900666355798203,0.005220694368722745,0.0007779182493393214,0.004326090006508881,2.163045003254441e-06,0.000775755204336067,1.1746323610634626,-0.09591143845979833,回撤预警，仓位减半
2022-02-18,7251.7923,趋势下行|波动偏高|价格中性,0.5,0.15090682826112664,0.004318986163849514,0.0006517645032902208,0.0019001647031446078,9.500823515723039e-07,0.0006508144209386485,1.175396828743344,-0.09532304458614216,回撤预警，仓位减半
2022-02-21,7334.5912,趋势下行|波动偏高|价格中性,0.5,0.1508386260536915,0.011417715314323118,0.0017222324906846914,6.820220743514183e-05,3.4101103717570915e-08,0.001722198389580974,1.1774210952689244,-0.09376501139043747,回撤预警，仓位减半
2022-02-22,7279.2355,趋势下行|波动偏高|价格中性,0.5,0.1540859088791177,-0.007547209993107762,-0.0011629187112895691,0.00324728282542619,1.623641412713095e-06,-0.0011645423527022823,1.1760499385365186,-0.09482036041617403,回撤预警，仓位减半
2022-02-23,7450.3998,趋势下行|波动偏高|价格中性,0.5,0.15392938742753964,0.02351404896846665,0.003619503153657242,0.00015652145157804553,7.826072578902277e-08,0.0036194248929314527,1.1803065629593883,-0.09154413069608947,回撤预警，仓位减半
2022-02-24,7285.1172,趋势下行|波动偏高|价格偏强,0.75,0.2180890121771705,-0.02218439337980227,-0.004838172437950838,0.06415962474963086,3.207981237481543e-05,-0.004870252250325654,1.174558172265061,-0.09596853993788845,回撤预警，仓位减半
2022-02-25,7361.9573,趋势下行|波动偏高|价格中性,0.5,0.14558665241460994,0.01054754479447495,0.001535581737820753,0.07250235976256056,3.6251179881280284e-05,0.0014993305579394725,1.1763192232248156,-0.0946130979444787,回撤预警，仓位减半
2022-02-28,7419.8306,趋势下行|波动偏高|价格偏强,0.75,0.21940709742741732,0.007861129539558753,0.0017247876147755156,0.07382044501280738,3.691022250640369e-05,0.001687877392269112,1.1783047058477882,-0.09308491586124279,回撤预警，仓位减半
2022-03-01,7429.4432,趋势下行|波动偏高|价格偏强,0.5,0.14574850825849217,0.0012955282294448978,0.00018882130684835943,0.07365858916892515,3.682929458446257e-05,0.00015199201226389687,1.17848379875109,-0.09294707201265195,回撤预警，仓位减半
2022-03-02,7414.3087,趋势上行|波动偏高|价格偏强,0.75,0.26425497884604565,-0.0020370974772375705,-0.0005383131507547471,0.11850647058755348,5.925323529377674e-05,-0.0005975663860485239,1.1777795764464536,-0.09348909635278413,回撤预警，仓位减半
2022-03-03,7342.6135,趋势上行|波动偏高|价格偏强,0.75,0.2640907675840053,-0.00966984285399386,-0.002553716221727947,0.00016421126204035907,8.210563102017953e-08,-0.002553798327358967,1.1747717649341272,-0.09580414238225099,回撤预警，仓位减半
2022-03-04,7241.5625,趋势上行|波动偏高|价格中性,1.0,0.40439318056584433,-0.013762265983358724,-0.005565366512803561,0.14030241298183904,7.015120649091952e-05,-0.005635517719294481,1.168151317836714,-0.10089975415956853,回撤预警，仓位减半
2022-03-07,7085.7316,趋势上行|波动偏高|价格中性,1.0,0.3862433232515119,-0.021518960859621128,-0.008311554955339275,0.01814985731433244,9.07492865716622e-06,-0.008320629883996442,1.158431563072492,-0.10838083453381708,回撤预警，仓位减半
2022-03-08,6871.2202,趋势上行|波动偏高|价格偏弱,0.75,0.2727946422144627,-0.030273712315041723,-0.00825850651948538,0.11344868103704919,5.67243405185246e-05,-0.008315230860003905,1.1487989371900291,-0.11579485373387233,回撤预警，仓位减半
2022-03-09,6796.0393,趋势下行|波动偏高|价格偏弱,0.75,0.24289452612684034,-0.010941419109228856,-0.0026576108096912987,0.029900116087622358,1.495005804381118e-05,-0.00267256086773511,1.1457287021055993,-0.11815794580683325,回撤预警，仓位减半
2022-03-10,6952.5204,趋势下行|波动偏高|价格偏弱,0.75,0.25357391326778767,0.023025337713982852,0.005838624988447008,0.010679387140947322,5.339693570473661e-06,0.005833285294876534,1.15241206449551,-0.11301390951970436,回撤预警，仓位减半
2022-03-11,6990.7781,趋势下行|波动偏高|价格偏弱,0.75,0.2351980710645296,0.005502709492229529,0.0012942266582008626,0.018375842203258053,9.187921101629027e-06,0.0012850387370992335,1.1538929586394873,-0.11187409803416892,回撤预警，仓位减半
2022-03-14,6800.5947,趋势下行|波动偏高|价格偏弱,0.75,0.24400127786651807,-0.027204897263153116,-0.0066380296964367,0.008803206801988456,4.401603400994228e-06,-0.0066424312998376945,1.1462283039343582,-0.11777341332358326,回撤预警，仓位减半
2022-03-15,6473.4807,趋势下行|波动偏高|价格偏弱,0.75,0.22605832108740664,-0.0481007933026798,-0.010873584576976169,0.017942956779111424,8.971478389555713e-06,-0.010882556055365724,1.1337544101645458,-0.12737429360662333,回撤预警，仓位减半
2022-03-16,6692.9664,趋势下行|波动偏高|价格偏弱,0.75,0.19549946658277037,0.033905360990726496,0.006628479987983301,0.030558854504636274,1.5279427252318137e-05,0.006613200560730983,1.141252155465577,-0.12160344479579444,回撤预警，仓位减半
2022-03-17,6818.5448,趋势下行|波动偏高|价格偏弱,0.75,0.17859800872192935,0.018762741734367427,0.0033509883119218617,0.016901457860841018,8.450728930420509e-06,0.003342537582991441,1.1450668336868906,-0.11866737129725435,回撤预警，仓位减半
2022-03-18,6879.3659,趋势下行|波动偏高|价格偏弱,0.75,0.17411500273969663,0.008919953125482216,0.0015530976628813015,0.004483005982232724,2.241502991116362e-06,0.0015508561598901853,1.1468426676394,-0.11730055116111837,回撤预警，仓位减半
2022-03-21,6954.4056,趋势下行|波动偏高|价格中性,0.5,0.11548377745008699,0.010907938477294765,0.0012596899395511494,0.05863122528960964,2.9315612644804818e-05,0.0012303743269063444,1.1482537134146642,-0.11621450042089265,回撤预警，仓位减半
2022-03-22,6923.4427,趋势下行|波动偏高|价格中性,0.5,0.11558069722223802,-0.0044522712336479975,-0.0005145966134075493,9.691977215102454e-05,4.845988607551227e-08,-0.0005146450732936248,1.1476627702981643,-0.11666933627409937,回撤预警，仓位减半
2022-03-23,6966.9526,趋势下行|波动偏高|价格中性,0.5,0.11573814994863126,0.0062844312988969975,0.0007273484520136121,0.0001574527263932396,7.872636319661979e-08,0.0007272697256504155,1.1484974306862583,-0.11602691662463271,回撤预警，仓位减半
2022-03-24,6900.8066,趋势下行|波动偏高|价格中性,0.5,0.12025771959178841,-0.009494251475171467,-0.0011417570316350936,0.004519569643157154,2.2597848215785767e-06,-0.001144016816456672,1.147183530311896,-0.1170381966973092,回撤预警，仓位减半
2022-03-25,6819.8127,趋势下行|波动偏高|价格中性,0.5,0.12294620098107666,-0.011736874353209581,-0.0014430041131193493,0.002688481389288247,1.3442406946441235e-06,-0.0014443483538139933,1.1455265976683675,-0.1183135011243901,回撤预警，仓位减半
2022-03-28,6767.2513,趋势下行|波动偏高|价格中性,0.5,0.12388974510862892,-0.007707161811056795,-0.0009548383122827852,0.0009435441275522649,4.7177206377613244e-07,-0.0009553100843465613,1.1444322645577276,-0.11915578512799818,回撤预警，仓位减半
2022-03-29,6725.677,趋势下行|波动偏高|价格偏弱,0.75,0.18750845651114362,-0.0061434544332645835,-0.0011519496584279846,0.0636187114025147,3.180935570125735e-05,-0.001183759014129242,1.143077532548497,-0.12019849240739655,回撤预警，仓位减半
2022-03-30,6864.7486,趋势下行|波动偏高|价格偏弱,0.75,0.18794006646486405,0.020677710214153988,0.003886170231989299,0.0004316099537204354,2.1580497686021771e-07,0.0038859544270124385,1.1475194797465222,-0.11677962384407492,回撤预警，仓位减半
2022-03-31,6772.0652,趋势下行|波动偏高|价格中性,0.5,0.12014533738085507,-0.01350135385875606,-0.0016221247144585563,0.06779472908400898,3.389736454200449e-05,-0.0016560220790005607,1.145619162151979,-0.1182422562876122,回撤预警，仓位减半
2022-04-01,6772.6042,趋势下行|波动偏高|价格中性,0.5,0.11967590321015154,7.95916731575197e-05,9.525205373133343e-06,0.0004694341707035393,2.3471708535176967e-07,9.290488287781574e-06,1.1456298055133871,-0.11823406432762162,回撤预警，仓位减半
2022-04-06,6764.2883,趋势下行|波动偏高|价格中性,0.5,0.12040185755736175,-0.0012278733193945568,-0.00014783822850022839,0.0007259543472102198,3.629771736051099e-07,-0.0001482012056738335,1.1454600217949542,-0.1183647431024103,回撤预警，仓位减半
2022-04-07,6623.5857,趋势下行|波动偏高|价格中性,0.5,0.12330663904409092,-0.020800798806875243,-0.0025648765903081225,0.002904781486729166,1.452390743364583e-06,-0.002566328981051487,1.142520394544386,-0.12062730921290332,回撤预警，仓位减半
2022-04-08,6575.2832,趋势下行|波动偏高|价格偏弱,0.75,0.19094725079561534,-0.007292500193663898,-0.0013924828634066138,0.06764061175152442,3.382030587576221e-05,-0.001426303169282376,1.1408908140846776,-0.12188156126875327,回撤预警，仓位减半
2022-04-11,6328.0652,趋势下行|波动偏高|价格偏弱,0.75,0.19172432527886235,-0.03759807638399515,-0.007208465826504599,0.0007770744832470144,3.885372416235072e-07,-0.007208854363746222,1.1326662983610054,-0.12821178920768705,回撤预警，仓位减半
2022-04-12,6414.4186,趋势下行|波动偏高|价格偏弱,0.75,0.18473917006781407,0.01364609833666064,0.0025209688813784643,0.006985155211048283,3.4925776055241412e-06,0.0025174763037729402,1.1355177589272114,-0.12601708304510884,回撤预警，仓位减半
2022-04-13,6286.2509,趋势下行|波动偏高|价格偏弱,0.75,0.18193279859595335,-0.019981187383062315,-0.0036352333398706805,0.002806371471860719,1.4031857359303596e-06,-0.0036366365256066107,1.1313882935696218,-0.1291954412436631,回撤预警，仓位减半
2022-04-14,6359.7083,趋势下行|波动偏高|价格偏弱,0.75,0.1854814134333317,0.011685406956951194,0.002167425798918995,0.003548614837378339,1.7743074186891694e-06,0.002165651491500306,1.1338384863150568,-0.12730958205218723,回撤预警，仓位减半
2022-04-15,6275.0725,趋势下行|波动偏高|价格偏弱,0.75,0.2162792820175702,-0.013308126097544393,-0.00287827195737619,0.030797868584238525,1.5398934292119263e-05,-0.002893670891668309,1.1305575308913538,-0.12983486091204055,回撤预警，仓位减半
2022-04-18,6326.0246,趋势下行|波动偏高|价格偏弱,0.75,0.24452597058934553,0.008119762759713156,0.0019854928697740823,0.028246688571775314,1.4123344285887656e-05,0.001971369525488195,1.132786277554564,-0.12811944387470042,回撤预警，仓位减半
2022-04-19,6345.7861,趋势下行|波动偏高|价格偏弱,0.75,0.2558076127677125,0.00312384178841163,0.0007991025105576007,0.011281642178366996,5.640821089183498e-06,0.0007934616894684172,1.1336851000681591,-0.12742764005562257,回撤预警，仓位减半
2022-04-20,6234.2514,趋势下行|波动偏高|价格偏弱,0.75,0.2597321099181412,-0.017576183351027286,-0.0045650991860704225,0.003924497150428696,1.962248575214348e-06,-0.004567061434645637,1.1285074905686054,-0.13141273162966238,回撤预警，仓位减半
2022-04-21,5981.3843,趋势下行|波动偏高|价格偏弱,0.75,0.2624152640535068,-0.04056094048436998,-0.01064380990746452,0.002683154135365573,1.3415770676827864e-06,-0.010645151484532203,1.1164943573800734,-0.14065897467900057,回撤预警，仓位减半
2022-04-22,5891.8083,趋势下行|波动偏高|价格偏弱,0.75,0.22793165641717847,-0.014975797492229326,-0.0034134583285720574,0.03448360763632832,1.724180381816416e-05,-0.0034307001323902217,1.1126640000403967,-0.14360711604833765,回撤预警，仓位减半
2022-04-25,5431.6079,趋势下行|波动偏高|价格偏弱,0.75,0.2314091275160073,-0.07810851551297071,-0.018075023426427073,0.0034774710988288438,1.738735549414422e-06,-0.018076762161976487,1.092550637545473,-0.15908792652874104,回撤预警，仓位减半
2022-04-26,5266.5515,趋势下行|波动偏高|价格偏弱,0.75,0.0,-0.03038812871599228,-0.0,0.2314091275160073,0.00011570456375800366,-0.00011570456375800366,1.0924242244505722,-0.15918522389336087,回撤硬止损
2022-04-27,5540.7173,趋势下行|波动偏高|价格偏弱,0.75,0.0,0.05205793582384999,0.0,0.0,0.0,0.0,1.0924242244505722,-0.15918522389336087,冷静期
2022-04-28,5493.9075,趋势下行|波动偏高|价格偏弱,0.75,0.0,-0.00844832852237376,-0.0,0.0,0.0,-0.0,1.0924242244505722,-0.15918522389336087,冷静期
2022-04-29,5734.4931,趋势下行|波动偏高|价格偏弱,0.75,0.0,0.0437913452310581,0.0,0.0,0.0,0.0,1.0924242244505722,-0.15918522389336087,冷静期
2022-05-05,5836.9281,趋势下行|波动偏高|价格偏弱,0.75,0.0,0.017862956361391458,0.0,0.0,0.0,0.0,1.0924242244505722,-0.15918522389336087,冷静期
2022-05-06,5764.6919,趋势下行|波动偏高|价格中性,0.5,0.0,-0.012375722085732122,-0.0,0.0,0.0,-0.0,1.0924242244505722,-0.15918522389336087,回撤硬止损
2022-05-09,5840.8902,趋势下行|波动偏高|价格中性,0.5,0.0,0.013218104509626905,0.0,0.0,0.0,0.0,1.0924242244505722,-0.15918522389336087,冷静期
2022-05-10,5950.6674,趋势下行|波动偏高|价格中性,0.5,0.0,0.018794600864094457,0.0,0.0,0.0,0.0,1.0924242244505722,-0.15918522389336087,冷静期
2022-05-11,6003.0282,趋势下行|波动偏高|价格中性,0.5,0.0,0.008799147470416324,0.0,0.0,0.0,0.0,1.0924242244505722,-0.15918522389336087,冷静期
2022-05-12,6034.5727,趋势下行|波动偏高|价格中性,0.5,0.0,0.005254764586979599,0.0,0.0,0.0,0.0,1.0924242244505722,-0.15918522389336087,冷静期
2022-05-13,6071.6673,趋势下行|波动偏高|价格中性,0.5,0.16656330889213294,0.006147013524254952,0.0010238669124045963,0.16656330889213294,8.328165444606648e-05,0.0009405852579585298,1.093451742571527,-0.15839436591028133,强制再入场，防止风控死锁
2022-05-16,6082.8819,趋势下行|波动偏高|价格中性,0.5,0.0,0.0018470379627026912,0.0,0.16656330889213294,8.328165444606648e-05,-8.328165444606648e-05,1.0933606781013487,-0.15846445621987948,回撤硬止损
2022-05-17,6118.4572,趋势下行|波动偏高|价格中性,0.5,0.0,0.005848428522013505,0.0,0.0,0.0,0.0,1.0933606781013487,-0.15846445621987948,冷静期
2022-05-18,6127.8036,趋势下行|波动偏高|价格中性,0.5,0.0,0.0015275746310687843,0.0,0.0,0.0,0.0,1.0933606781013487,-0.15846445621987948,冷静期
2022-05-19,6180.1862,趋势下行|波动偏高|价格偏强,0.75,0.0,0.008548348383750515,0.0,0.0,0.0,0.0,1.0933606781013487,-0.15846445621987948,冷静期
2022-05-20,6263.4432,趋势下行|波动偏高|价格偏强,0.75,0.0,0.013471600580577947,0.0,0.0,0.0,0.0,1.0933606781013487,-0.15846445621987948,冷静期
2022-05-23,6343.4672,趋势下行|波动偏高|价格偏强,0.75,0.0,0.01277635917573261,0.0,0.0,0.0,0.0,1.0933606781013487,-0.15846445621987948,回撤硬止损
2022-05-24,6081.6423,趋势上行|波动偏高|价格偏强,0.5,0.0,-0.041274730639420554,-0.0,0.0,0.0,-0.0,1.0933606781013487,-0.15846445621987948,冷静期
2022-05-25,6188.2694,趋势上行|波动偏高|价格中性,1.0,0.0,0.01753261614876611,0.0,0.0,0.0,0.0,1.0933606781013487,-0.15846445621987948,冷静期
2022-05-26,6227.0994,趋势上行|波动偏高|价格偏强,0.5,0.0,0.006274775303092062,0.0,0.0,0.0,0.0,1.0933606781013487,-0.15846445621987948,冷静期
2022-05-27,6210.0937,趋势上行|波动偏高|价格偏强,0.5,0.0,-0.002730918346991462,-0.0,0.0,0.0,-0.0,1.0933606781013487,-0.15846445621987948,冷静期
2022-05-30,6282.3554,趋势上行|波动偏高|价格偏强,0.5,0.2523145134754988,0.011636169032360977,0.002935974328118826,0.2523145134754988,0.0001261572567377494,0.0028098170713810764,1.0964328215998547,-0.15609989528279222,强制再入场，防止风控死锁
2022-05-31,6353.3468,趋势上行|波动偏高|价格偏强,0.5,0.0,0.011300124790775135,0.0,0.2523145134754988,0.0001261572567377494,-0.0001261572567377494,1.0962944986428844,-0.15620635940496397,回撤硬止损
2022-06-01,6373.3182,趋势上行|波动偏高|价格偏强,0.75,0.0,0.003143445593116301,0.0,0.0,0.0,0.0,1.0962944986428844,-0.15620635940496397,冷静期
2022-06-02,6442.9338,趋势上行|波动偏高|价格偏强,0.75,0.0,0.010922975727149398,0.0,0.0,0.0,0.0,1.0962944986428844,-0.15620635940496397,冷静期
2022-06-06,6604.9759,趋势上行|波动偏低|价格偏强,1.0,0.0,0.025150359297499092,0.0,0.0,0.0,0.0,1.0962944986428844,-0.15620635940496397,冷静期
2022-06-07,6597.8349,趋势上行|波动偏低|价格偏强,1.0,0.0,-0.0010811545883158136,-0.0,0.0,0.0,-0.0,1.0962944986428844,-0.15620635940496397,冷静期
2022-06-08,6608.8922,趋势上行|波动偏低|价格偏强,1.0,0.36732489271012675,0.0016758982556535074,0.0006155991469510132,0.36732489271012675,0.00018366244635506336,0.0004319367005959498,1.0967680284715098,-0.1558418939638615,回撤预警，仓位减半
2022-06-09,6490.3753,趋势上行|波动偏低|价格偏强,1.0,0.3762314934965233,-0.017932944949533347,-0.006746938661153866,0.008906600786396546,4.453300393198273e-06,-0.006751391961547064,1.0893633176204054,-0.1615411362152287,回撤预警，仓位减半
2022-06-10,6627.7477,趋势上行|波动偏高|价格偏强,0.75,0.2621693125020585,0.021165555711393225,0.005548959189579979,0.1140621809944648,5.7031090497232405e-05,0.005491928099082747,1.095346022634555,-0.156936380421284,回撤预警，仓位减半
2022-06-13,6674.8036,趋势上行|波动偏高|价格偏强,0.75,0.2525485759251145,0.007099832722962551,0.0017930526434907202,0.009620736576944011,4.810368288472006e-06,0.0017882422752022481,1.0973047666982048,-0.1554287784160684,回撤预警，仓位减半
2022-06-14,6665.253,趋势上行|波动偏高|价格偏强,0.75,0.25243720888973736,-0.0014308435981548184,-0.0003611981642759513,0.000111367035377119,5.56835176885595e-08,-0.0003612538477936399,1.0969083611290327,-0.15573388301960134,回撤预警，仓位减半
2022-06-15,6653.7617,趋势上行|波动偏高|价格偏强,0.75,0.2514750274488213,-0.001724060587047438,-0.00043355818345118535,0.0009621814409160878,4.810907204580439e-07,-0.0004340392741716434,1.0964322598201355,-0.15610032767222315,回撤预警，仓位减半
2022-06-16,6696.7629,趋势上行|波动偏高|价格偏强,0.75,0.25030436265966455,0.0064626901200863784,0.001617639531575132,0.001170664789156728,5.85332394578364e-07,0.0016170541991805535,1.0982052502099946,-0.15473569616339855,回撤预警，仓位减半
2022-06-17,6774.7375,趋势上行|波动偏高|价格偏强,0.75,0.2504388013260918,0.011643625609023767,0.002916015640613698,0.0001344386664272612,6.721933321363061e-08,0.0029159484212804843,1.1014075600755864,-0.15227094905106142,回撤预警，仓位减半
2022-06-20,6848.7548,趋势上行|波动偏高|价格偏强,0.75,0.2493742619392341,0.010925486042817179,0.002724535018254937,0.0010645393868577158,5.322696934288579e-07,0.0027240027485615085,1.1044077972965187,-0.14996173278624103,回撤预警，仓位减半
2022-06-21,6779.1447,趋势上行|波动偏高|价格偏强,0.75,0.33902734331268247,-0.010163905999379552,-0.0034458420486494844,0.08965308137344838,4.4826540686724194e-05,-0.0034906685893362085,1.1005526756886777,-0.15292893466533797,回撤预警，仓位减半
2022-06-22,6691.8118,趋势上行|波动偏高|价格偏强,0.75,0.3338419879330067,-0.012882583845717166,-0.004300747400767857,0.005185355379675793,2.592677689837897e-06,-0.004303340078457695,1.0958166232509328,-0.1565741695300945,回撤预警，仓位减半
2022-06-23,6845.4548,趋势上行|波动偏低|价格中性,0.5,0.2125,0.02295985072383533,0.0048789682788150076,0.12134198793300668,6.0670993966503336e-05,0.004818297284848504,1.1010965935114345,-0.15251029314117026,回撤预警，仓位减半
2022-06-24,6931.6542,趋势上行|波动偏低|价格偏强,1.0,0.4227161138551986,0.012592209359120865,0.0053229298051386325,0.2102161138551986,0.0001051080569275993,0.005217821748211033,1.1068419192639396,-0.14808824291733724,回撤预警，仓位减半
2022-06-27,7002.934,趋势上行|波动偏低|价格偏强,1.0,0.41829321234818023,0.010283230805137489,0.004301405646798724,0.004422901507018351,2.2114507535091755e-06,0.004299194196045215,1.1116004476191788,-0.14442570883574468,回撤预警，仓位减半
2022-06-28,7079.7247,趋势上行|波动偏低|价格偏强,1.0,0.5,0.010965503887370609,0.0054827519436853045,0.08170678765181977,4.085339382590988e-05,0.005441898549859395,1.1176496644831007,-0.1397697603413609,回撤预警，仓位减半
2022-06-29,6900.9926,趋势上行|波动偏低|价格偏强,1.0,0.5,-0.025245628548240084,-0.012622814274120042,0.0,0.0,-0.012622814274120042,1.103541780344798,-0.15062828688955365,回撤预警，仓位减半
2022-06-30,6995.5297,趋势上行|波动偏低|价格偏强,1.0,0.49112705823677066,0.013699058306481993,0.006727978206676499,0.008872941763229336,4.4364708816146685e-06,0.006723541735794884,1.1109614895621396,-0.14491750072725196,回撤预警，仓位减半
2022-07-01,6994.5009,趋势上行|波动偏低|价格偏强,1.0,0.485152037397191,-0.00014706534660269277,-7.134905253482046e-05,0.005975020839579681,2.9875104197898404e-06,-7.43365629546103e-05,1.1108789045034306,-0.14498106462129057,回撤预警，仓位减半
2022-07-04,7076.3219,趋势上行|波动偏低|价格偏强,1.0,0.4865833120763294,0.011697903991977565,0.005692004868767359,0.0014312746791383946,7.156373395691972e-07,0.00569128923142779,1.1172012376500513,-0.14011490456170284,回撤预警，仓位减半
2022-07-05,7036.002,趋势上行|波动偏低|价格偏强,1.0,0.5,-0.0056978612010286644,-0.0028489306005143322,0.013416687923670623,6.708343961835311e-06,-0.0028556389444761676,1.114010914287001,-0.14257042592801095,回撤预警，仓位减半
2022-07-06,6953.9802,趋势上行|波动偏低|价格偏强,1.0,0.5,-0.011657444099646419,-0.0058287220498232095,0.0,0.0,-0.0058287220498232095,1.1075176543071525,-0.14756814459257495,回撤预警，仓位减半
2022-07-07,7041.8666,趋势上行|波动偏低|价格中性,0.5,0.2475665458078004,0.01263828735089012,0.0031288171443862836,0.2524334541921996,0.00012621672709609979,0.003002600417290184,1.1108430872781316,-0.14500863234781702,回撤预警，仓位减半
2022-07-08,7000.785,趋势上行|波动偏低|价格偏强,1.0,0.5,-0.005833907731225718,-0.002916953865612859,0.2524334541921996,0.00012621672709609979,-0.0030431705927089587,1.1074626022618128,-0.14761051693487615,回撤预警，仓位减半
2022-07-11,6893.6346,趋势上行|波动偏低|价格偏强,1.0,0.5,-0.015305483599339142,-0.007652741799669571,0.0,0.0,-0.007652741799669571,1.098987476913913,-0.15413363356152743,回撤预警，仓位减半
2022-07-12,6779.5552,趋势上行|波动偏低|价格中性,0.5,0.26013278252861793,-0.016548512739564147,-0.004304810665653104,0.23986721747138207,0.00011993360873569104,-0.004424744274388795,1.0941247383678132,-0.15787637592332404,回撤预警，仓位减半
2022-07-13,6834.9024,趋势上行|波动偏低|价格偏弱,0.75,0.37130261910515194,0.008163839421205799,0.0030312549590476006,0.11116983657653401,5.5584918288267e-05,0.0029756700407593335,1.0973804925726278,-0.1553704938845435,回撤预警，仓位减半
2022-07-14,6920.8735,趋势上行|波动偏低|价格中性,0.5,0.24603392398218396,0.012578248374109924,0.00309467580430479,0.12526869512296798,6.2634347561484e-05,0.003032041456743306,1.1007077957199294,-0.15280954220641285,回撤预警，仓位减半
2022-07-15,6852.8163,趋势上行|波动偏低|价格中性,0.5,0.24252870463031803,-0.009833614210691621,-0.002384933716353326,0.003505219351865929,1.7526096759329647e-06,-0.002386686326029259,1.098080751474931,-0.15483152008757117,回撤预警，仓位减半
2022-07-18,6953.9319,趋势上行|波动偏低|价格中性,0.5,0.24208788794166583,0.014755334970820488,0.0035720878789577333,0.00044081668865220136,2.2040834432610067e-07,0.003571867470613407,1.1020029503912308,-0.1518126902869843,回撤预警，仓位减半
2022-07-19,7009.3239,趋势上行|波动偏低|价格中性,0.5,0.23889974124337454,0.00796556549539984,0.0019029715357081743,0.0031881466982912887,1.5940733491456445e-06,0.0019013774623590286,1.104098273964558,-0.1501999660524369,回撤预警，仓位减半
2022-07-20,7110.1043,趋势上行|波动偏低|价格中性,0.5,0.24189736792659092,0.014378048644606123,0.0034780121230507093,0.0029976266832163756,1.4988133416081878e-06,0.0034765133097091013,1.1079366863092224,-0.1472456249238272,回撤预警，仓位减半
2022-07-21,7075.2943,趋势上行|波动偏低|价格偏强,1.0,0.49039063740931066,-0.00489584941813026,-0.002400878716816901,0.24849326948271974,0.00012424663474135987,-0.002525125351558261,1.1051390072947016,-0.14939893661498416,回撤预警，仓位减半
2022-07-22,7034.5975,趋势上行|波动偏低|价格偏强,1.0,0.5,-0.0057519586146401736,-0.0028759793073200868,0.009609362590689341,4.804681295344671e-06,-0.0028807839886154313,1.1019553405372926,-0.151849334539083,回撤预警，仓位减半
2022-07-25,6948.9088,趋势上行|波动偏低|价格中性,0.5,0.2633485117208564,-0.01218103807644999,-0.003207858248648188,0.23665148827914362,0.0001183257441395718,-0.00332618399278776,1.0982900343228306,-0.15467043970601135,回撤预警，仓位减半
2022-07-26,7027.4189,趋势下行|波动偏低|价格中性,0.75,0.3914221732662814,0.011298191163481519,0.004422362539187833,0.12807366154542504,6.403683077271251e-05,0.0043583257084151205,1.103076740014716,-0.15098621815129876,回撤预警，仓位减半
2022-07-27,7099.4335,趋势下行|波动偏低|价格中性,0.75,0.39092090630988,0.010247660061932562,0.004006024558966238,0.0005012669564014027,2.5063347820070137e-07,0.004005773925488038,1.107495416057679,-0.1475852608815893,回撤预警，仓位减半
2022-07-28,7150.198,趋势上行|波动偏低|价格偏强,1.0,0.5,0.007150500106804403,0.0035752500534022014,0.10907909369011998,5.453954684505999e-05,0.0035207105065571415,1.1113945868049573,-0.144584155353631,回撤预警，仓位减半
2022-07-29,7117.4341,趋势上行|波动偏低|价格偏强,1.0,0.5,-0.004582236743653767,-0.0022911183718268835,0.0,0.0,-0.0022911183718268835,1.1088482502487795,-0.14654401431085207,回撤预警，仓位减半
2022-08-01,7180.4544,趋势上行|波动偏低|价格偏强,1.0,0.5,0.008854356656424756,0.004427178328212378,0.0,0.0,0.004427178328212378,1.113757319191557,-0.14276561246692598,回撤预警，仓位减半
2022-08-02,6957.9819,趋势上行|波动偏低|价格偏强,1.0,0.5,-0.030983067032637868,-0.015491533516318934,0.0,0.0,-0.015491533516318934,1.0965035103522556,-0.15604548771273574,回撤预警，仓位减半
2022-08-03,6916.6704,趋势下行|波动偏低|价格中性,0.75,0.3773097441235743,-0.005937281900661451,-0.002240194314728101,0.12269025587642568,6.134512793821284e-05,-0.0023015394426663138,1.0939798642741578,-0.15798788231058103,回撤预警，仓位减半
2022-08-04,6960.3118,趋势下行|波动偏低|价格中性,0.75,0.383167130187849,0.006309596594338274,0.002417630019695622,0.005857386064274661,2.9286930321373304e-06,0.0024147013266634845,1.096621498903764,-0.15595467453292955,回撤预警，仓位减半
2022-08-05,7090.0027,趋势下行|波动偏低|价格中性,0.75,0.3911052044860449,0.01863291526681321,0.007287430135598128,0.00793807429819593,3.969037149097965e-06,0.007283461098449031,1.1046086989307524,-0.14980710323956237,回撤预警，仓位减半
2022-08-08,7176.105,趋势上行|波动偏低|价格偏强,1.0,0.49636695861769786,0.012144184373864775,0.00602797186254783,0.10526175413165295,5.2630877065826476e-05,0.005975340985482003,1.1112091125623933,-0.14472691077798405,回撤预警，仓位减半
2022-08-09,7207.3961,趋势上行|波动偏低|价格偏强,1.0,0.5,0.004360457379037896,0.002180228689518948,0.003633041382302138,1.816520691151069e-06,0.002178412168827797,1.1136297840153115,-0.1428637734727518,回撤预警，仓位减半
2022-08-10,7212.0752,趋势上行|波动偏低|价格偏强,1.0,0.5,0.0006492081099858105,0.00032460405499290523,0.0,0.0,0.00032460405499290523,1.1139912727589638,-0.14258554357793973,回撤预警，仓位减半
2022-08-11,7294.4863,趋势上行|波动偏低|价格偏强,1.0,0.5,0.01142682206086798,0.00571341103043399,0.0,0.0,0.00571341103043399,1.120355962784552,-0.13768678236496434,回撤预警，仓位减半
2022-08-12,7228.8345,趋势上行|波动偏低|价格偏强,1.0,0.5,-0.009000195119977072,-0.004500097559988536,0.0,0.0,-0.004500097559988536,1.1153142516501067,-0.1415672759715897,回撤预警，仓位减半
2022-08-15,7283.5,趋势上行|波动偏低|价格偏强,1.0,0.5,0.007562145737324499,0.0037810728686622497,0.0,0.0,0.0037810728686622497,1.1195313361070531,-0.13832147928919414,回撤预警，仓位减半
2022-08-16,7324.6198,趋势上行|波动偏低|价格偏强,1.0,0.5,0.005645609940275964,0.002822804970137982,0.0,0.0,0.002822804970137982,1.1226915547268412,-0.13588912887827054,回撤预警，仓位减半
2022-08-17,7328.6735,趋势上行|波动偏低|价格偏强,1.0,0.5,0.0005534348690698909,0.00027671743453494546,0.0,0.0,0.00027671743453494546,1.1230022230536392,-0.13565001433486013,回撤预警，仓位减半
2022-08-18,7351.4373,趋势上行|波动偏低|价格偏强,1.0,0.5,0.003106128278193898,0.001553064139096949,0.0,0.0,0.001553064139096949,1.1247463175343901,-0.13430762336849444,回撤预警，仓位减半
2022-08-19,7234.4052,趋势上行|波动偏低|价格偏强,1.0,0.5,-0.015919621595629985,-0.007959810797814992,0.0,0.0,-0.007959810797814992,1.1157935496512774,-0.14119837089559195,回撤预警，仓位减半
2022-08-22,7288.5766,趋势上行|波动偏低|价格中性,0.5,0.27858694254515726,0.0074880240327153125,0.0020860657209788177,0.22141305745484274,0.00011070652872742138,0.001975359192251396,1.117997642696236,-0.13950192920322002,回撤预警，仓位减半
2022-08-23,7306.0209,趋势上行|波动偏低|价格偏强,1.0,0.5,0.002393375408855647,0.0011966877044278235,0.22141305745484274,0.00011070652872742138,0.0010859811757004021,1.1192117670906816,-0.13856744449660807,回撤预警，仓位减半
2022-08-24,7039.4103,趋势上行|波动偏低|价格偏强,1.0,0.5,-0.036491902178927615,-0.018245951089463808,0.0,0.0,-0.018245951089463808,1.0987906839295927,-0.15428510077119484,回撤预警，仓位减半
2022-08-25,7016.3057,趋势下行|波动偏高|价格偏弱,0.75,0.35256505628671775,-0.003282178338148478,-0.001157181390532364,0.14743494371328225,7.371747185664112e-05,-0.001230898862389005,1.0974381837267402,-0.15532609027856092,回撤预警，仓位减半
2022-08-26,6980.1803,趋势下行|波动偏高|价格偏弱,0.75,0.3551358527334221,-0.005148777938794757,-0.0018285156438289075,0.0025707964467043265,1.2853982233521633e-06,-0.0018298010420522597,1.095430090194569,-0.15687167547876357,回撤预警，仓位减半
2022-08-29,7021.3148,趋势下行|波动偏高|价格偏弱,0.75,0.3549127658682234,0.00589304261954382,0.002091516055481618,0.00022308686519867393,1.1154343259933697e-07,0.0020914045120490185,1.0977210776278363,-0.1551083530966234,回撤预警，仓位减半
2022-08-30,6976.7218,趋势下行|波动偏高|价格偏弱,0.75,0.35736520966519736,-0.006351089684798028,-0.0022696584968103194,0.0024524437969739576,1.2262218984869788e-06,-0.0022708847187088064,1.0952282796072468,-0.15702700462654096,回撤预警，仓位减半
2022-08-31,6750.7429,趋势上行|波动偏低|价格偏弱,0.75,0.4134148503368228,-0.032390412930038304,-0.013390677713819675,0.056049640671625434,2.8024820335812718e-05,-0.013418702534155488,1.0805317371162022,-0.16833860849578353,回撤预警，仓位减半
2022-09-01,6717.1001,趋势下行|波动偏高|价格偏弱,0.75,0.3529114074715991,-0.004983570030492546,-0.0017587587136944044,0.06050344286522369,3.0251721432611843e-05,-0.0017890104351270162,1.0785986545630153,-0.1698264594036769,回撤预警，仓位减半
2022-09-02,6776.8268,趋势下行|波动偏高|价格偏弱,0.75,0.35519092414108594,0.008891738862131904,0.003158264943661839,0.0022795166694868363,1.139758334743418e-06,0.0031571251853270955,1.082003925540196,-0.1672054976104681,回撤预警，仓位减半
2022-09-05,6791.0921,趋势下行|波动偏低|价格偏弱,0.5,0.24753390769548447,0.002105011743844587,0.0005210617826987368,0.10765701644560147,5.382850822280073e-05,0.0004672332744759361,1.082509473777322,-0.16681638830815115,回撤预警，仓位减半
2022-09-06,6919.6464,趋势下行|波动偏低|价格偏弱,0.5,0.25506445281064055,0.018929841932198155,0.004828329774228041,0.007530545115156079,3.7652725575780395e-06,0.004824564501670463,1.08773211055723,-0.16279664023180906,回撤预警，仓位减半
2022-09-07,6963.5196,趋势下行|波动偏高|价格偏弱,0.75,0.35975402619743857,0.006340381785982618,0.0022809778751361532,0.10468957338679802,5.2344786693399015e-05,0.0022286330884427543,1.0901562663301794,-0.16093082112247437,回撤预警，仓位减半
2022-09-08,6897.0996,趋势下行|波动偏高|价格中性,0.5,0.2378018505421262,-0.009538280038732139,-0.002268220644199526,0.12195217565531238,6.0976087827656186e-05,-0.002329196732027182,1.0876170779172443,-0.16288517831186056,回撤预警，仓位减半
2022-09-09,6913.579,趋势下行|波动偏高|价格偏弱,0.75,0.3634447080116006,0.002389323187387271,0.0008683868681853136,0.12564285746947443,6.282142873473722e-05,0.0008055654394505765,1.0884932246465706,-0.1622108275426567,回撤预警，仓位减半
2022-09-13,6904.0775,趋势下行|波动偏高|价格中性,0.5,0.243005906485301,-0.0013743243550119466,-0.0003339689356945047,0.12043880152629963,6.021940076314981e-05,-0.0003941883364576545,1.0880641533131017,-0.16254107426284992,回撤预警，仓位减半
2022-09-14,6829.5579,趋势下行|波动偏低|价格中性,0.75,0.36982211083793703,-0.010793563658577199,-0.003991698495678666,0.12681620435263605,6.340810217631803e-05,-0.0040551065978549836,1.0836519371861122,-0.16593705947803927,回撤预警，仓位减半
2022-09-15,6619.1888,趋势下行|波动偏低|价格偏弱,0.5,0.24706731258383616,-0.03080274054049681,-0.007610350325557728,0.12275479825410088,6.137739912705044e-05,-0.007671727724684778,1.075338454575693,-0.17233576326297384,回撤预警，仓位减半
2022-09-16,6481.2442,趋势下行|波动偏高|价格偏弱,0.75,0.0,-0.020840106570158556,-0.0,0.24706731258383616,0.00012353365629191808,-0.00012353365629191808,1.075205614084648,-0.17243800765231998,回撤硬止损
2022-09-19,6399.8014,趋势下行|波动偏高|价格偏弱,0.75,0.0,-0.012565920599010849,-0.0,0.0,0.0,-0.0,1.075205614084648,-0.17243800765231998,冷静期
2022-09-20,6482.1313,趋势下行|波动偏高|价格偏弱,0.75,0.0,0.012864446074842162,0.0,0.0,0.0,0.0,1.075205614084648,-0.17243800765231998,冷静期
2022-09-21,6480.6023,趋势下行|波动偏高|价格偏弱,0.75,0.0,-0.0002358792084325989,-0.0,0.0,0.0,-0.0,1.075205614084648,-0.17243800765231998,冷静期
2022-09-22,6487.2748,趋势下行|波动偏高|价格偏弱,0.75,0.0,0.0010296110903149636,0.0,0.0,0.0,0.0,1.075205614084648,-0.17243800765231998,冷静期
2022-09-23,6363.6835,趋势下行|波动偏低|价格偏弱,0.5,0.0,-0.019051343408483357,-0.0,0.0,0.0,-0.0,1.075205614084648,-0.17243800765231998,回撤硬止损
2022-09-26,6283.5925,趋势下行|波动偏高|价格偏弱,0.75,0.0,-0.012585635347829638,-0.0,0.0,0.0,-0.0,1.075205614084648,-0.17243800765231998,冷静期
2022-09-27,6409.776,趋势下行|波动偏高|价格偏弱,0.75,0.0,0.020081426349655818,0.0,0.0,0.0,0.0,1.075205614084648,-0.17243800765231998,冷静期
2022-09-28,6211.1091,趋势下行|波动偏高|价格偏弱,0.75,0.0,-0.03099435924125904,-0.0,0.0,0.0,-0.0,1.075205614084648,-0.17243800765231998,冷静期
2022-09-29,6228.7788,趋势下行|波动偏高|价格偏弱,0.75,0.0,0.002844854230623639,0.0,0.0,0.0,0.0,1.075205614084648,-0.17243800765231998,冷静期
2022-09-30,6124.8639,趋势下行|波动偏高|价格偏弱,0.75,0.4971718580509544,-0.01668302942464417,-0.008294332736969086,0.4971718580509544,0.00024858592902547716,-0.008542918665994563,1.066020219974302,-0.17950780244401465,强制再入场，防止风控死锁
2022-10-10,5984.5008,趋势下行|波动偏高|价格偏弱,0.5,0.0,-0.022916933713416965,-0.0,0.4971718580509544,0.00024858592902547716,-0.00024858592902547716,1.06575522234756,-0.17971176525920218,回撤硬止损
2022-10-11,6017.7194,趋势下行|波动偏高|价格偏弱,0.5,0.0,0.005550772087790534,0.0,0.0,0.0,0.0,1.06575522234756,-0.17971176525920218,冷静期
2022-10-12,6192.6534,趋势下行|波动偏高|价格偏弱,0.5,0.0,0.029069816714950125,0.0,0.0,0.0,0.0,1.06575522234756,-0.17971176525920218,冷静期
2022-10-13,6252.2225,趋势下行|波动偏高|价格偏弱,0.5,0.0,0.009619317625623847,0.0,0.0,0.0,0.0,1.06575522234756,-0.17971176525920218,冷静期
2022-10-14,6406.4573,趋势下行|波动偏高|价格中性,0.5,0.0,0.02466879577622194,0.0,0.0,0.0,0.0,1.06575522234756,-0.17971176525920218,冷静期
2022-10-17,6472.4511,趋势下行|波动偏高|价格中性,0.5,0.0,0.010301137884740186,0.0,0.0,0.0,0.0,1.06575522234756,-0.17971176525920218,回撤硬止损
2022-10-18,6508.5038,趋势下行|波动偏高|价格中性,0.5,0.0,0.005570177270246335,0.0,0.0,0.0,0.0,1.06575522234756,-0.17971176525920218,冷静期
2022-10-19,6461.1462,趋势下行|波动偏高|价格中性,0.5,0.0,-0.007276265245477864,-0.0,0.0,0.0,-0.0,1.06575522234756,-0.17971176525920218,冷静期
2022-10-20,6429.7042,趋势下行|波动偏高|价格中性,0.5,0.0,-0.004866319229860472,-0.0,0.0,0.0,-0.0,1.06575522234756,-0.17971176525920218,冷静期
2022-10-21,6432.3255,趋势下行|波动偏高|价格中性,0.5,0.0,0.00040768593989115587,0.0,0.0,0.0,0.0,1.06575522234756,-0.17971176525920218,冷静期
2022-10-24,6378.4323,趋势下行|波动偏高|价格中性,0.5,0.3028473408083431,-0.008378493905508932,-0.002537404599262289,0.3028473408083431,0.00015142367040417155,-0.002688828269666461,1.0628895895771673,-0.18191737945404796,强制再入场，防止风控死锁
2022-10-25,6355.7784,趋势下行|波动偏高|价格中性,0.5,0.0,-0.00355164073780323,-0.0,0.3028473408083431,0.00015142367040417155,-0.00015142367040417155,1.062728642934279,-0.18204125652714487,回撤硬止损
2022-10-26,6491.6916,趋势下行|波动偏高|价格中性,0.5,0.0,0.021384194263286416,0.0,0.0,0.0,0.0,1.062728642934279,-0.18204125652714487,冷静期
2022-10-27,6461.6098,趋势上行|波动偏高|价格偏强,0.5,0.0,-0.004633892343253065,-0.0,0.0,0.0,-0.0,1.062728642934279,-0.18204125652714487,冷静期
2022-10-28,6239.9316,趋势下行|波动偏高|价格偏强,0.75,0.0,-0.034306961710996564,-0.0,0.0,0.0,-0.0,1.062728642934279,-0.18204125652714487,冷静期
2022-10-31,6292.6191,趋势下行|波动偏高|价格中性,0.5,0.0,0.008443602170254527,0.0,0.0,0.0,0.0,1.062728642934279,-0.18204125652714487,冷静期
2022-11-01,6439.8223,趋势上行|波动偏高|价格中性,1.0,0.0,0.02339299386482807,0.0,0.0,0.0,0.0,1.062728642934279,-0.18204125652714487,回撤硬止损
2022-11-02,6524.5136,趋势上行|波动偏高|价格偏强,0.5,0.0,0.013151185864243464,0.0,0.0,0.0,0.0,1.062728642934279,-0.18204125652714487,冷静期
2022-11-03,6566.8413,趋势上行|波动偏高|价格偏强,0.5,0.0,0.006487487435078654,0.0,0.0,0.0,0.0,1.062728642934279,-0.18204125652714487,冷静期
2022-11-04,6709.6446,趋势上行|波动偏高|价格偏强,0.5,0.0,0.02174611711722041,0.0,0.0,0.0,0.0,1.062728642934279,-0.18204125652714487,冷静期
2022-11-07,6713.6375,趋势上行|波动偏高|价格偏强,0.5,0.0,0.0005950985839100476,0.0,0.0,0.0,0.0,1.062728642934279,-0.18204125652714487,冷静期
2022-11-08,6694.9562,趋势上行|波动偏高|价格偏强,0.5,0.1630874740574574,-0.0027825899149306332,-0.00045380556056379227,0.1630874740574574,8.15437370287287e-05,-0.000535349297592521,1.0621597119017527,-0.18247915016592275,回撤预警，仓位减半
2022-11-09,6676.0079,趋势上行|波动偏高|价格偏强,0.5,0.16170396500776227,-0.0028302350954887423,-0.00045766023684465227,0.0013835090496951419,6.917545248475709e-07,-0.00045835199136949986,1.0616728688826502,-0.18285386247543023,回撤预警，仓位减半
2022-11-10,6603.3086,趋势上行|波动偏高|价格偏强,0.5,0.17316811729483458,-0.010889636604534125,-0.0018857378688320896,0.011464152287072316,5.7320761435361576e-06,-0.0018914699449756258,1.0596647465597626,-0.18439946983521083,回撤预警，仓位减半
2022-11-11,6643.4817,趋势上行|波动偏高|价格偏强,0.5,0.1694494009423764,0.006083783514222008,0.0010308934719480247,0.0037187163524581845,1.8593581762290922e-06,0.0010290341137717957,1.0607551777331339,-0.183560189066461,回撤预警，仓位减半
2022-11-14,6599.6655,趋势上行|波动偏低|价格偏强,1.0,0.3624776125538921,-0.006595367004623487,-0.002390672885752636,0.1930282116115157,9.651410580575785e-05,-0.002487186991558394,1.058116881253848,-0.18559082754360523,回撤预警，仓位减半
2022-11-15,6752.5127,趋势上行|波动偏低|价格中性,0.5,0.18157982820639865,0.02315984044948949,0.004205359850105904,0.18089778434749346,9.044889217374673e-05,0.004114910957932157,1.0624709380032924,-0.18223960631562386,回撤预警，仓位减半
2022-11-16,6702.041,趋势上行|波动偏高|价格偏强,0.5,0.17041650289192245,-0.007474506490006361,-0.001273779256869862,0.011163325314476197,5.581662657238098e-06,-0.0012793609195271,1.0611116542070778,-0.1832858170048407,回撤预警，仓位减半
2022-11-17,6714.5035,趋势上行|波动偏高|价格偏强,0.5,0.17033377959149612,0.0018595081707197814,0.0003167370548999694,8.272330042632947e-05,4.136165021316473e-08,0.0003166956932497562,1.061447703698022,-0.1830271671404703,回撤预警，仓位减半
2022-11-18,6658.4005,趋势上行|波动偏高|价格偏强,0.5,0.1714286066273534,-0.008355494937190788,-0.0014323708547645225,0.001094827035857282,5.47413517928641e-07,-0.0014329182682824512,1.0599267358925668,-0.18419782243736516,回撤预警，仓位减半
2022-11-21,6689.3254,趋势上行|波动偏高|价格中性,1.0,0.338139215659658,0.00464449382400467,0.0015704854987850646,0.16671060903230459,8.33553045161523e-05,0.0014871301942689123,1.0615029849452255,-0.18298461838656144,回撤预警，仓位减半
2022-11-22,6583.2332,趋势上行|波动偏高|价格中性,1.0,0.3428193321188102,-0.01585992512787615,-0.005437088939792838,0.004680116459152228,2.340058229576114e-06,-0.005439428998022414,1.0557290148274272,-0.18742871554513985,回撤预警，仓位减半
2022-11-23,6567.9934,趋势上行|波动偏高|价格中性,1.0,0.3302058548256557,-0.002314941539667714,-0.0007644072499773971,0.01261347729315454,6.30673864657727e-06,-0.0007707139886239744,1.0549153497075034,-0.1880549756008234,回撤预警，仓位减半
2022-11-24,6586.8576,趋势上行|波动偏高|价格中性,1.0,0.34745392672392206,0.002872140523161981,0.0009979365028755301,0.01724807189826638,8.62403594913319e-06,0.0009893124669263969,1.0559589906145213,-0.18725170826572635,回撤预警，仓位减半
2022-11-25,6512.1619,趋势上行|波动偏高|价格中性,1.0,0.34870548893823267,-0.011340111557899824,-0.0039543591454115614,0.0012515622143106087,6.257811071553043e-07,-0.003954984926518717,1.051782688723619,-0.19046611550858916,回撤预警，仓位减半
2022-11-28,6492.712,趋势上行|波动偏低|价格偏弱,0.75,0.31472585348409726,-0.0029867040007097723,-0.0009399929657277509,0.033979635454135404,1.6989817727067702e-05,-0.0009569827834548186,1.0507761507985747,-0.19124082549867072,回撤预警，仓位减半
2022-11-29,6594.3225,趋势上行|波动偏低|价格偏弱,0.75,0.31590182011404794,0.015649931800455708,0.004943841940424677,0.0011759666299506755,5.879833149753377e-07,0.004943253957109702,1.0559704041640463,-0.1872429235089682,回撤预警，仓位减半
2022-11-30,6590.3067,趋势上行|波动偏低|价格中性,0.5,0.2125,-0.000608978405287286,-0.00012940791112354827,0.10340182011404794,5.170091005702397e-05,-0.00018110882118057225,1.0557791586089464,-0.18739012098499774,回撤预警，仓位减半
2022-12-01,6658.4265,趋势上行|波动偏低|价格中性,0.5,0.2125,0.010336362646066188,0.002196477062289065,0.0,0.0,0.002196477062289065,1.058098153313674,-0.18560524202515172,回撤预警，仓位减半
2022-12-02,6680.5415,趋势上行|波动偏低|价格中性,0.5,0.2125,0.0033213552781576894,0.000705787996608509,0.0,0.0,0.000705787996608509,1.0588449462895164,-0.1850304519804722,回撤预警，仓位减半
2022-12-05,6714.367,趋势下行|波动偏低|价格中性,0.75,0.31875,0.005063287160180119,0.0016139227823074127,0.10624999999999998,5.312499999999999e-05,0.0015607977823074127,1.0604975891334925,-0.18375844931727525,回撤预警，仓位减半
2022-12-06,6703.5524,趋势上行|波动偏低|价格偏强,1.0,0.425,-0.0016106656070483671,-0.000684532882995556,0.10625000000000001,5.3125e-05,-0.000737657882995556,1.0597153047269705,-0.18436055633156478,回撤预警，仓位减半
2022-12-07,6705.2873,趋势上行|波动偏低|价格偏强,1.0,0.425,0.0002588030787975537,0.00010999130848896033,0.0,0.0,0.00010999130848896033,1.0598318641999633,-0.18427084308190034,回撤预警，仓位减半
2022-12-08,6662.3441,趋势上行|波动偏低|价格偏强,1.0,0.425,-0.006404378825050405,-0.002721861000646422,0.0,0.0,-0.002721861000646422,1.056947149181555,-0.18649114446120596,回撤预警，仓位减半
2022-12-09,6680.3752,趋势上行|波动偏低|价格中性,0.5,0.2125,0.002706419802003257,0.0005751142079256921,0.2125,0.00010625,0.0004688642079256921,1.0574427138694753,-0.18610971927601327,回撤预警，仓位减半
2022-12-12,6655.6737,趋势上行|波动偏低|价格中性,0.5,0.2125,-0.0036976216545442364,-0.0007857446015906502,0.0,0.0,-0.0007857446015906502,1.056611833965561,-0.18674922917037917,回撤预警，仓位减半
2022-12-13,6593.6675,趋势上行|波动偏低|价格中性,0.5,0.2125,-0.009316292053199726,-0.001979712061304942,0.0,0.0,-0.001979712061304942,1.054520046773742,-0.18835923153025613,回撤预警，仓位减半
2022-12-14,6570.0183,趋势下行|波动偏低|价格中性,0.75,0.31875,-0.0035866534064691313,-0.0011432457733120355,0.10624999999999998,5.312499999999999e-05,-0.0011963707733120355,1.0532584498099102,-0.18933025482408172,回撤预警，仓位减半
2022-12-15,6597.5505,趋势下行|波动偏低|价格偏弱,0.5,0.2125,0.0041905819349088436,0.0008904986611681292,0.10624999999999998,5.312499999999999e-05,0.0008373736611681292,1.054140420694184,-0.18865142133156543,回撤预警，仓位减半
2022-12-16,6519.4361,趋势下行|波动偏低|价格中性,0.75,0.31875,-0.011839909372425517,-0.0037739711124606334,0.10624999999999998,5.312499999999999e-05,-0.003827096112460633,1.0501061239881577,-0.1917565303228378,回撤预警，仓位减半
2022-12-19,6390.77,趋势下行|波动偏低|价格偏弱,0.5,0.0,-0.019735771319240203,-0.0,0.31875,0.000159375,-0.000159375,1.049938763324647,-0.1918853441258176,回撤硬止损
2022-12-20,6341.5833,趋势下行|波动偏低|价格偏弱,0.5,0.0,-0.007696521702392656,-0.0,0.0,0.0,-0.0,1.049938763324647,-0.1918853441258176,冷静期
2022-12-21,6289.1361,趋势下行|波动偏低|价格偏弱,0.5,0.0,-0.008270363648775314,-0.0,0.0,0.0,-0.0,1.049938763324647,-0.1918853441258176,冷静期
2022-12-22,6186.9277,趋势下行|波动偏低|价格偏弱,0.5,0.0,-0.01625158024486062,-0.0,0.0,0.0,-0.0,1.049938763324647,-0.1918853441258176,冷静期
2022-12-23,6160.7451,趋势下行|波动偏低|价格偏弱,0.5,0.0,-0.004231922736061766,-0.0,0.0,0.0,-0.0,1.049938763324647,-0.1918853441258176,冷静期
2022-12-26,6275.5244,趋势下行|波动偏低|价格偏弱,0.5,0.0,0.018630749712400974,0.0,0.0,0.0,0.0,1.049938763324647,-0.1918853441258176,回撤硬止损
2022-12-27,6325.6279,趋势下行|波动偏低|价格偏弱,0.5,0.0,0.007983954297110296,0.0,0.0,0.0,0.0,1.049938763324647,-0.1918853441258176,冷静期
2022-12-28,6268.4658,趋势下行|波动偏低|价格偏弱,0.5,0.0,-0.009036589079164825,-0.0,0.0,0.0,-0.0,1.049938763324647,-0.1918853441258176,冷静期
2022-12-29,6261.8292,趋势下行|波动偏低|价格偏弱,0.5,0.0,-0.001058727958601846,-0.0,0.0,0.0,-0.0,1.049938763324647,-0.1918853441258176,冷静期
2022-12-30,6281.6209,趋势下行|波动偏低|价格偏弱,0.5,0.0,0.003160689850818743,0.0,0.0,0.0,0.0,1.049938763324647,-0.1918853441258176,冷静期
2023-01-03,6423.7013,趋势下行|波动偏低|价格偏弱,0.5,0.425,0.022618429583994848,0.00961283257319781,0.425,0.0002125,0.009400332573197811,1.0598085368813908,-0.18428879760332506,强制再入场，防止风控死锁
2023-01-04,6421.2767,趋势下行|波动偏低|价格中性,0.75,0.43124999999999997,-0.000377445943820498,-0.00016277356327258977,0.006249999999999978,3.1249999999999887e-06,-0.00016589856327258975,1.059632716167778,-0.184424122919848,回撤预警，仓位减半
2023-01-05,6485.4688,趋势下行|波动偏低|价格中性,0.75,0.43124999999999997,0.009996781481165451,0.0043111120137526,0.0,0.0,0.0043111120137526,1.0642009115006144,-0.18090808395804092,回撤预警，仓位减半
2023-01-06,6500.3203,趋势下行|波动偏低|价格中性,0.75,0.43124999999999997,0.002289965530325455,0.0009875476349528525,0.0,0.0,0.0009875476349528525,1.0652518605938814,-0.1800991916735447,回撤预警，仓位减半
2023-01-09,6535.7493,趋势下行|波动偏低|价格中性,0.75,0.43124999999999997,0.005450346808294926,0.0023504620610771865,0.0,0.0,0.0023504620610771865,1.0677556946776994,-0.1781720459297268,回撤预警，仓位减半
2023-01-10,6540.2008,趋势下行|波动偏低|价格偏强,0.75,0.43124999999999997,0.0006811001762261348,0.0002937244509975206,0.0,0.0,0.0002937244509975206,1.0680693206329182,-0.17793065496510296,回撤预警，仓位减半
2023-01-11,6486.9049,趋势下行|波动偏低|价格偏强,0.75,0.43124999999999997,-0.008148969982695209,-0.0035142433050373086,0.0,0.0,-0.0035142433050373086,1.064315865173568,-0.18081960665716834,回撤预警，仓位减半
2023-01-12,6489.5702,趋势下行|波动偏低|价格中性,0.75,0.43124999999999997,0.000410873913073706,0.0001771893750130357,0.0,0.0,0.0001771893750130357,1.0645044506365346,-0.18067445659524894,回撤预警，仓位减半
2023-01-13,6517.5132,趋势下行|波动偏低|价格偏强,0.75,0.43124999999999997,0.004305832148945754,0.0018568901142328564,0.0,0.0,0.0018568901142328564,1.0664811184274785,-0.1791530590933622,回撤预警，仓位减半
2023-01-16,6591.8056,趋势下行|波动偏低|价格偏强,0.75,0.43124999999999997,0.011398887538885072,0.004915770251144187,0.0,0.0,0.004915770251144187,1.0717236945828512,-0.17511796412051073,回撤预警，仓位减半
2023-01-17,6597.4946,趋势上行|波动偏低|价格偏强,1.0,0.5,0.0008630412280361544,0.0004315206140180772,0.06875000000000003,3.4375000000000016e-05,0.00039714561401807717,1.0721493249475942,-0.17479036583787877,回撤预警，仓位减半
2023-01-18,6613.005,趋势上行|波动偏低|价格偏强,1.0,0.5,0.002350953042083548,0.001175476521041774,0.0,0.0,0.001175476521041774,1.0734096113061207,-0.1738203512879839,回撤预警，仓位减半
2023-01-19,6676.0803,趋势上行|波动偏低|价格偏强,1.0,0.5,0.009538069304347863,0.004769034652173931,0.0,0.0,0.004769034652173931,1.0785287389384162,-0.1698802719143554,回撤预警，仓位减半
2023-01-20,6736.8515,趋势上行|波动偏低|价格偏强,1.0,0.5,0.009102826399496777,0.004551413199748389,0.0,0.0,0.004551413199748389,1.0834375688771285,-0.16610205402657474,回撤预警，仓位减半
2023-01-30,6786.453,趋势上行|波动偏低|价格偏强,1.0,0.5,0.007362712388717663,0.0036813561943588313,0.0,0.0,0.0036813561943588313,1.0874260884825153,-0.16303217865770248,回撤预警，仓位减半
2023-01-31,6805.2756,趋势上行|波动偏低|价格偏强,1.0,0.5,0.0027735549041596474,0.0013867774520798237,0.0,0.0,0.0013867774520798237,1.0889341064628262,-0.16187149055494865,回撤预警，仓位减半
2023-02-01,6916.7204,趋势上行|波动偏低|价格偏强,1.0,0.5,0.016376236107175535,0.008188118053587767,0.0,0.0,0.008188118053587767,1.097850427479122,-0.1550087953755348,回撤预警，仓位减半
2023-02-02,6933.2257,趋势上行|波动偏低|价格偏强,1.0,0.5,0.002386289895424998,0.001193144947712499,0.0,0.0,0.001193144947712499,1.0991603221700128,-0.1540005983888757,回撤预警，仓位减半
2023-02-03,6925.076,趋势上行|波动偏低|价格偏强,1.0,0.5,-0.0011754557478201866,-0.0005877278739100933,0.0,0.0,-0.0005877278739100933,1.0985143150107775,-0.15449781581851385,回撤预警，仓位减半
2023-02-06,6891.413,趋势上行|波动偏低|价格偏强,1.0,0.5,-0.004861029684006368,-0.002430514842003184,0.0,0.0,-0.002430514842003184,1.0958443596639909,-0.15655282142611304,回撤预警，仓位减半
2023-02-07,6924.3213,趋势上行|波动偏低|价格偏强,1.0,0.5,0.004775261619061277,0.0023876308095306387,0.0,0.0,0.0023876308095306387,1.098460831419575,-0.15453898095633833,回撤预警，仓位减半
2023-02-08,6877.7247,趋势上行|波动偏低|价格偏强,1.0,0.5,-0.006729410433337302,-0.003364705216668651,0.0,0.0,-0.003364705216668651,1.0947648345297913,-0.1573837080576045,回撤预警，仓位减半
2023-02-09,6999.1821,趋势上行|波动偏低|价格偏强,1.0,0.5,0.017659532083335705,0.008829766041667853,0.0,0.0,0.008829766041667853,1.1044313518893347,-0.1499436033368554,回撤预警，仓位减半
2023-02-10,6975.3945,趋势上行|波动偏低|价格偏强,1.0,0.5,-0.0033986256765629053,-0.0016993128382814526,0.0,0.0,-0.0016993128382814526,1.1025545775140686,-0.1513881150849683,回撤预警，仓位减半
2023-02-13,7052.1766,趋势上行|波动偏低|价格偏强,1.0,0.5,0.011007563801588516,0.005503781900794258,0.0,0.0,0.005503781900794258,1.1086227974424285,-0.14671754035197404,回撤预警，仓位减半
2023-02-14,7061.449,趋势上行|波动偏低|价格偏强,1.0,0.5,0.0013148281056942768,0.0006574140528471384,0.0,0.0,0.0006574140528471384,1.1093516216487738,-0.14615658047195346,回撤预警，仓位减半
2023-02-15,7063.6048,趋势上行|波动偏低|价格偏强,1.0,0.5,0.0003052914493895109,0.00015264572469475546,0.0,0.0,0.00015264572469475546,1.1095209594310016,-0.14602624492440386,回撤预警，仓位减半
2023-02-16,6925.2034,趋势上行|波动偏低|价格偏强,1.0,0.5,-0.019593593344859772,-0.009796796672429886,0.0,0.0,-0.009796796672429886,1.0986512081876567,-0.1543924521664709,回撤预警，仓位减半
2023-02-17,6868.5477,趋势上行|波动偏低|价格中性,0.5,0.2875,-0.008181088226231759,-0.0023520628650416306,0.21250000000000002,0.00010625,-0.0024583128650416306,1.0959503797883754,-0.1564712200800864,回撤预警，仓位减半
2023-02-20,6959.3609,趋势上行|波动偏低|价格中性,0.5,0.2875,0.013221601416555595,0.0038012104072597335,0.0,0.0,0.0038012104072597335,1.1001163177778672,-0.1532647897030318,回撤预警，仓位减半
2023-02-21,6990.4751,趋势上行|波动偏低|价格中性,0.5,0.2875,0.004470841568225081,0.0012853669508647108,0.0,0.0,0.0012853669508647108,1.1015303709348458,-0.1521764242475826,回撤预警，仓位减半
2023-02-22,6998.4298,趋势上行|波动偏低|价格中性,0.5,0.2875,0.0011379341012172084,0.0003271560540999474,0.0,0.0,0.0003271560540999474,1.1018907432644722,-0.15189905363196643,回撤预警，仓位减半
2023-02-23,6966.7866,趋势上行|波动偏低|价格偏强,1.0,0.5,-0.0045214713734785805,-0.0022607356867392903,0.21250000000000002,0.00010625,-0.0023669856867392903,1.0992825836468147,-0.15390649643292964,回撤预警，仓位减半
2023-02-24,6944.824,趋势上行|波动偏低|价格中性,0.5,0.2875,-0.0031524720450029076,-0.0009063357129383358,0.21250000000000002,0.00010625,-0.0010125857129383358,1.098169465808132,-0.15476323862645158,回撤预警，仓位减半
2023-02-27,6894.2959,趋势上行|波动偏低|价格中性,0.5,0.2875,-0.00727564874214226,-0.0020917490133658995,0.0,0.0,-0.0020917490133658995,1.0958723709115192,-0.15653126178811527,回撤预警，仓位减半
2023-02-28,6955.5737,趋势上行|波动偏低|价格偏弱,0.75,0.43124999999999997,0.008888188277500486,0.003833031194672084,0.14375,7.1875e-05,0.0037611561946720843,1.099994118067943,-0.15335884411837764,回撤预警，仓位减半
2023-03-01,7002.7711,趋势上行|波动偏低|价格中性,0.5,0.2875,0.006785550989129696,0.0019508459093747876,0.14375,7.1875e-05,0.0018789709093747875,1.1020609750162758,-0.15176803001579675,回撤预警，仓位减半
2023-03-02,6972.3062,趋势上行|波动偏低|价格中性,0.5,0.2875,-0.004350406369844073,-0.001250741831330171,0.0,0.0,-0.001250741831330171,1.1006825812541465,-0.15282894922332746,回撤预警，仓位减半
2023-03-03,6967.94,趋势上行|波动偏低|价格中性,0.5,0.2875,-0.0006262203458592408,-0.00018003834943453172,0.0,0.0,-0.00018003834943453172,1.1004844161789662,-0.15298147250099803,回撤预警，仓位减半
2023-03-06,6997.0444,趋势上行|波动偏低|价格中性,0.5,0.2875,0.004176901638073938,0.001200859220946257,0.0,0.0,0.001200859220946257,1.1018059430376423,-0.15196432249193847,回撤预警，仓位减半
2023-03-07,6855.3435,趋势上行|波动偏低|价格中性,0.5,0.2875,-0.020251536491607824,-0.005822316741337249,0.0,0.0,-0.005822316741337249,1.0953908798497893,-0.15690185481434504,回撤预警，仓位减半
2023-03-08,6891.4556,趋势下行|波动偏低|价格偏弱,0.5,0.2875,0.005267730201995002,0.0015144724330735631,0.0,0.0,0.0015144724330735631,1.097049819140762,-0.15562500591508588,回撤预警，仓位减半
2023-03-09,6892.8565,趋势上行|波动偏低|价格偏弱,0.75,0.43124999999999997,0.00020328071184261276,8.766480698212674e-05,0.14375,7.1875e-05,1.5789806982126746e-05,1.097067141345656,-0.15561167339690873,回撤预警，仓位减半
2023-03-10,6798.2987,趋势下行|波动偏低|价格偏弱,0.5,0.2875,-0.013718231331233954,-0.003943991507729762,0.14375,7.1875e-05,-0.004015866507729762,1.0926614661559952,-0.1590026241972321,回撤预警，仓位减半
2023-03-13,6832.621,趋势下行|波动偏低|价格偏弱,0.5,0.2875,0.005048660189055809,0.001451489804353545,0.0,0.0,0.001451489804353545,1.0942474531337307,-0.15778192508076616,回撤预警，仓位减半
2023-03-14,6769.8491,趋势下行|波动偏低|价格偏弱,0.5,0.2875,-0.00918708940536872,-0.002641288204043507,0.0,0.0,-0.002641288204043507,1.091357230243464,-0.1600064657472826,回撤预警，仓位减半
2023-03-15,6803.4738,趋势下行|波动偏低|价格偏弱,0.5,0.2875,0.0049668315354325365,0.0014279640664368542,0.0,0.0,0.0014279640664368542,1.0929156491518977,-0.15880698516433045,回撤预警，仓位减半
2023-03-16,6689.7826,趋势下行|波动偏低|价格偏弱,0.5,0.2875,-0.016710757378091246,-0.004804342746201232,0.0,0.0,-0.004804342746201232,1.087664907780685,-0.1628483647233112,回撤预警，仓位减半
2023-03-17,6736.3672,趋势下行|波动偏低|价格偏弱,0.5,0.2875,0.006963544674829958,0.0020020190940136127,0.0,0.0,0.0020020190940136127,1.0898424336939505,-0.16117237116490257,回撤预警，仓位减半
2023-03-20,6721.4545,趋势下行|波动偏低|价格偏弱,0.5,0.2875,-0.0022137599624912907,-0.000636455989216246,0.0,0.0,-0.000636455989216246,1.089148796949724,-0.16170624803319478,回撤预警，仓位减半
2023-03-21,6809.3913,趋势下行|波动偏低|价格偏弱,0.5,0.2875,0.013083001603298783,0.0037613629609483997,0.0,0.0,0.0037613629609483997,1.0932454808935321,-0.15855312096415242,回撤预警，仓位减半
2023-03-22,6840.3262,趋势下行|波动偏低|价格中性,1.0,0.5,0.004542975816355321,0.0022714879081776607,0.21250000000000002,0.00010625,0.0021652379081776607,1.0956126174517067,-0.15673118828394628,回撤预警，仓位减半
2023-03-23,6868.8345,趋势下行|波动偏低|价格中性,1.0,0.5,0.004167681359991127,0.0020838406799955633,0.0,0.0,0.0020838406799955633,1.097895699593469,-0.1549739504299208,回撤预警，仓位减半
2023-03-24,6867.9521,趋势下行|波动偏低|价格中性,1.0,0.5,-0.00012846429769119982,-6.423214884559991e-05,0.0,0.0,-6.423214884559991e-05,1.097825179393476,-0.15502822826891505,回撤预警，仓位减半
2023-03-27,6886.6891,趋势下行|波动偏低|价格中性,1.0,0.5,0.0027281786080015635,0.0013640893040007818,0.0,0.0,0.0013640893040007818,1.0993227109783492,-0.15387561131291416,回撤预警，仓位减半
2023-03-28,6825.3831,趋势下行|波动偏低|价格中性,1.0,0.5,-0.008902100720649564,-0.004451050360324782,0.0,0.0,-0.004451050360324782,1.094429570229536,-0.15764175357805932,回撤预警，仓位减半
2023-03-29,6806.2811,趋势下行|波动偏低|价格中性,1.0,0.5,-0.002798670744210696,-0.001399335372105348,0.0,0.0,-0.001399335372105348,1.0928980962196357,-0.15882049526826214,回撤预警，仓位减半
2023-03-30,6807.6446,趋势下行|波动偏低|价格中性,1.0,0.5,0.00020032966314009748,0.00010016483157004874,0.0,0.0,0.00010016483157004874,1.0930075661733667,-0.15873623866485054,回撤预警，仓位减半
2023-03-31,6875.8083,趋势下行|波动偏低|价格中性,1.0,0.5,0.01001281706157231,0.005006408530786155,0.0,0.0,0.005006408530786155,1.0984796085768709,-0.154524528593461,回撤预警，仓位减半
2023-04-03,6962.2048,趋势下行|波动偏低|价格中性,0.75,0.43124999999999997,0.012565286324227598,0.005418779727323152,0.06875000000000003,3.4375000000000016e-05,0.005384404727323152,1.1043942673741602,-0.14997214646838386,回撤预警，仓位减半
2023-04-04,6953.3625,趋势下行|波动偏低|价格偏强,0.75,0.43124999999999997,-0.0012700430760095305,-0.00054770607652911,0.0,0.0,-0.00054770607652911,1.1037893839230355,-0.15043771188898214,回撤预警，仓位减半
2023-04-06,6983.0265,趋势上行|波动偏低|价格偏强,1.0,0.5,0.004266137426317096,0.002133068713158548,0.06875000000000003,3.4375000000000016e-05,0.002098693713158548,1.106105899763726,-0.14865474085598684,回撤预警，仓位减半
2023-04-07,7042.8904,趋势上行|波动偏低|价格偏强,1.0,0.5,0.008572772851427768,0.004286386425713884,0.0,0.0,0.004286386425713884,1.1108470970778754,-0.14500554609359606,回撤预警，仓位减半
2023-04-10,6968.5725,趋势上行|波动偏低|价格偏强,1.0,0.5,-0.010552187493930054,-0.005276093746965027,0.0,0.0,-0.005276093746965027,1.1049861636551486,-0.14951657698554144,回撤预警，仓位减半
2023-04-11,6984.1419,趋势上行|波动偏低|价格偏强,1.0,0.5,0.0022342308987959303,0.0011171154493979651,0.0,0.0,0.0011171154493979651,1.1062205607699387,-0.14856648881423518,回撤预警，仓位减半
2023-04-12,7021.0163,趋势上行|波动偏低|价格偏强,1.0,0.5,0.005279732360535361,0.0026398661802676804,0.0,0.0,0.0026398661802676804,1.1091408350162322,-0.14631881828330917,回撤预警，仓位减半
2023-04-13,6966.8182,趋势上行|波动偏低|价格偏强,1.0,0.5,-0.007719409510557718,-0.003859704755278859,0.0,0.0,-0.003859704755278859,1.104859878861046,-0.1496137755998732,回撤预警，仓位减半
2023-04-14,7020.0943,趋势上行|波动偏低|价格偏强,1.0,0.5,0.007647120747316105,0.0038235603736580526,0.0,0.0,0.0038235603736580526,1.1090843773123038,-0.14636227252995215,回撤预警，仓位减半
2023-04-17,7012.773,趋势上行|波动偏低|价格偏强,1.0,0.5,-0.001042906218510442,-0.000521453109255221,0.0,0.0,-0.000521453109255221,1.1085060418153279,-0.14680740457711894,回撤预警，仓位减半
2023-04-18,6997.0715,趋势上行|波动偏低|价格偏强,1.0,0.5,-0.0022389859189795303,-0.0011194929594897651,0.0,0.0,-0.0011194929594897651,1.1072650771059638,-0.14776254768078367,回撤预警，仓位减半
2023-04-19,6965.5757,趋势上行|波动偏低|价格偏强,1.0,0.5,-0.004501283143955259,-0.0022506415719776296,0.0,0.0,-0.0022506415719776296,1.1047730202922301,-0.14968062872016952,回撤预警，仓位减半
2023-04-20,6963.8986,趋势上行|波动偏低|价格中性,0.5,0.2875,-0.00024076976150011475,-6.922130643128298e-05,0.21250000000000002,0.00010625,-0.00017547130643128298,1.1045791643270495,-0.14982983537113181,回撤预警，仓位减半
2023-04-21,6773.5121,趋势上行|波动偏低|价格中性,0.5,0.2875,-0.027339068377589593,-0.007859982158557008,0.0,0.0,-0.007859982158557008,1.0958971918027252,-0.15651215769685212,回撤预警，仓位减半
2023-04-24,6725.2706,趋势下行|波动偏低|价格偏弱,0.5,0.2875,-0.00712208072972953,-0.0020475982097972398,0.0,0.0,-0.0020475982097972398,1.0936532346746681,-0.15823928189273773,回撤预警，仓位减半
2023-04-25,6603.2389,趋势下行|波动偏低|价格偏弱,0.5,0.2875,-0.01814524756817959,-0.005216758675851632,0.0,0.0,-0.005216758675851632,1.0879479096743059,-0.16263054442191482,回撤预警，仓位减半
2023-04-26,6624.4004,趋势下行|波动偏低|价格偏弱,0.5,0.0,0.0032047151890870484,0.0,0.2875,0.00014375,-0.00014375,1.0877915171622903,-0.16275091628115412,回撤硬止损
2023-04-27,6633.4926,趋势下行|波动偏低|价格偏弱,0.5,0.0,0.0013725317690638228,0.0,0.0,0.0,0.0,1.0877915171622903,-0.16275091628115412,冷静期
2023-04-28,6723.3045,趋势下行|波动偏低|价格偏弱,0.5,0.0,0.01353915733621247,0.0,0.0,0.0,0.0,1.0877915171622903,-0.16275091628115412,冷静期
2023-05-04,6733.9694,趋势下行|波动偏低|价格偏弱,0.5,0.0,0.0015862586619421748,0.0,0.0,0.0,0.0,1.0877915171622903,-0.16275091628115412,冷静期
2023-05-05,6653.6532,趋势下行|波动偏低|价格偏弱,0.5,0.0,-0.011927021824601702,-0.0,0.0,0.0,-0.0,1.0877915171622903,-0.16275091628115412,冷静期
2023-05-08,6702.4999,趋势下行|波动偏低|价格偏弱,0.5,0.0,0.007341335433593166,0.0,0.0,0.0,0.0,1.0877915171622903,-0.16275091628115412,回撤硬止损
2023-05-09,6611.6367,趋势下行|波动偏低|价格偏弱,0.5,0.0,-0.01355661340629033,-0.0,0.0,0.0,-0.0,1.0877915171622903,-0.16275091628115412,冷静期
2023-05-10,6627.3114,趋势下行|波动偏低|价格偏弱,0.5,0.0,0.002370774546641252,0.0,0.0,0.0,0.0,1.0877915171622903,-0.16275091628115412,冷静期
2023-05-11,6622.5211,趋势下行|波动偏低|价格偏弱,0.5,0.0,-0.0007228119686664147,-0.0,0.0,0.0,-0.0,1.0877915171622903,-0.16275091628115412,冷静期
2023-05-12,6535.9439,趋势下行|波动偏低|价格偏弱,0.5,0.0,-0.013073148230512976,-0.0,0.0,0.0,-0.0,1.0877915171622903,-0.16275091628115412,冷静期
2023-05-15,6585.9102,趋势下行|波动偏低|价格偏弱,0.5,0.425,0.007644848359239953,0.00324906055267698,0.425,0.0002125,0.00303656055267698,1.0910946619728419,-0.16020855874076856,强制再入场，防止风控死锁
2023-05-16,6516.2886,趋势下行|波动偏低|价格偏弱,0.5,0.0,-0.010571295065638808,-0.0,0.425,0.0002125,-0.0002125,1.0908628043571726,-0.16038701442203618,回撤硬止损
2023-05-17,6554.9802,趋势下行|波动偏低|价格偏弱,0.5,0.0,0.0059376743995041,0.0,0.0,0.0,0.0,1.0908628043571726,-0.16038701442203618,冷静期
2023-05-18,6583.7382,趋势下行|波动偏低|价格偏弱,0.5,0.0,0.004387198606641052,0.0,0.0,0.0,0.0,1.0908628043571726,-0.16038701442203618,冷静期
2023-05-19,6602.3174,趋势下行|波动偏低|价格中性,1.0,0.0,0.0028219834136176125,0.0,0.0,0.0,0.0,1.0908628043571726,-0.16038701442203618,冷静期
2023-05-22,6595.9844,趋势下行|波动偏低|价格中性,1.0,0.0,-0.0009592086560393787,-0.0,0.0,0.0,-0.0,1.0908628043571726,-0.16038701442203618,冷静期
2023-05-23,6528.4533,趋势下行|波动偏低|价格中性,1.0,0.0,-0.01023821402609748,-0.0,0.0,0.0,-0.0,1.0908628043571726,-0.16038701442203618,回撤硬止损
2023-05-24,6513.1817,趋势下行|波动偏低|价格偏弱,0.5,0.0,-0.0023392370747294944,-0.0,0.0,0.0,-0.0,1.0908628043571726,-0.16038701442203618,冷静期
2023-05-25,6501.0001,趋势下行|波动偏低|价格偏弱,0.5,0.0,-0.0018702994267763007,-0.0,0.0,0.0,-0.0,1.0908628043571726,-0.16038701442203618,冷静期
2023-05-26,6546.4083,趋势下行|波动偏低|价格偏弱,0.5,0.0,0.006984802230659781,0.0,0.0,0.0,0.0,1.0908628043571726,-0.16038701442203618,冷静期
2023-05-29,6534.1166,趋势下行|波动偏低|价格偏弱,0.5,0.0,-0.0018776250176756326,-0.0,0.0,0.0,-0.0,1.0908628043571726,-0.16038701442203618,冷静期
2023-05-30,6564.4686,趋势下行|波动偏低|价格偏弱,0.5,0.425,0.004645157388222909,0.0019741918899947365,0.425,0.0002125,0.0017616918899947365,1.0927845685127056,-0.15890787503460924,强制再入场，防止风控死锁
2023-05-31,6561.6487,趋势下行|波动偏低|价格中性,1.0,0.0,-0.00042957018638190014,-0.0,0.425,0.0002125,-0.0002125,1.0925523517918967,-0.1590866071111643,回撤硬止损
2023-06-01,6574.7576,趋势下行|波动偏低|价格中性,1.0,0.0,0.001997805825843857,0.0,0.0,0.0,0.0,1.0925523517918967,-0.1590866071111643,冷静期
2023-06-02,6626.2794,趋势下行|波动偏低|价格中性,1.0,0.0,0.007836304109523518,0.0,0.0,0.0,0.0,1.0925523517918967,-0.1590866071111643,冷静期
2023-06-05,6632.9556,趋势下行|波动偏低|价格偏强,0.75,0.0,0.0010075337300143872,0.0,0.0,0.0,0.0,1.0925523517918967,-0.1590866071111643,冷静期
2023-06-06,6489.8113,趋势下行|波动偏低|价格偏强,0.75,0.0,-0.021580771624643447,-0.0,0.0,0.0,-0.0,1.0925523517918967,-0.1590866071111643,冷静期
2023-06-07,6488.5574,趋势下行|波动偏低|价格偏弱,0.5,0.0,-0.00019321054835608198,-0.0,0.0,0.0,-0.0,1.0925523517918967,-0.1590866071111643,回撤硬止损
2023-06-08,6442.4819,趋势下行|波动偏低|价格偏弱,0.5,0.0,-0.0071010391308243825,-0.0,0.0,0.0,-0.0,1.0925523517918967,-0.1590866071111643,冷静期
2023-06-09,6495.5639,趋势下行|波动偏低|价格偏弱,0.5,0.0,0.008239371227414694,0.0,0.0,0.0,0.0,1.0925523517918967,-0.1590866071111643,冷静期
2023-06-12,6530.1606,趋势下行|波动偏低|价格偏弱,0.5,0.0,0.005326204242252164,0.0,0.0,0.0,0.0,1.0925523517918967,-0.1590866071111643,冷静期
2023-06-13,6554.9567,趋势下行|波动偏低|价格中性,1.0,0.0,0.0037971654173405422,0.0,0.0,0.0,0.0,1.0925523517918967,-0.1590866071111643,冷静期
2023-06-14,6578.1228,趋势上行|波动偏低|价格中性,0.5,0.425,0.003534134710607706,0.001502007252008275,0.425,0.0002125,0.001289507252008275,1.093961205972731,-0.15800224319272327,强制再入场，防止风控死锁
2023-06-15,6613.9549,趋势上行|波动偏低|价格中性,0.5,0.0,0.0054471619167704155,0.0,0.425,0.0002125,-0.0002125,1.0937287392164619,-0.15818116771604485,回撤硬止损
2023-06-16,6669.0051,趋势上行|波动偏低|价格偏强,1.0,0.0,0.008323340698921378,0.0,0.0,0.0,0.0,1.0937287392164619,-0.15818116771604485,冷静期
2023-06-19,6693.299,趋势上行|波动偏低|价格偏强,1.0,0.0,0.003642807230721745,0.0,0.0,0.0,0.0,1.0937287392164619,-0.15818116771604485,冷静期
2023-06-20,6693.9147,趋势上行|波动偏低|价格偏强,1.0,0.0,9.198752364114604e-05,0.0,0.0,0.0,0.0,1.0937287392164619,-0.15818116771604485,冷静期
2023-06-21,6548.4066,趋势上行|波动偏低|价格偏强,1.0,0.0,-0.021737369913004678,-0.0,0.0,0.0,-0.0,1.0937287392164619,-0.15818116771604485,冷静期
2023-06-26,6420.9726,趋势上行|波动偏低|价格中性,0.5,0.0,-0.019460306572899766,-0.0,0.0,0.0,-0.0,1.0937287392164619,-0.15818116771604485,回撤硬止损
2023-06-27,6507.2728,趋势下行|波动偏低|价格偏弱,0.5,0.0,0.013440362601765399,0.0,0.0,0.0,0.0,1.0937287392164619,-0.15818116771604485,冷静期
2023-06-28,6475.505,趋势下行|波动偏低|价格中性,1.0,0.0,-0.004881891535267968,-0.0,0.0,0.0,-0.0,1.0937287392164619,-0.15818116771604485,冷静期
2023-06-29,6520.0393,趋势下行|波动偏低|价格偏弱,0.5,0.0,0.006877347789863597,0.0,0.0,0.0,0.0,1.0937287392164619,-0.15818116771604485,冷静期
2023-06-30,6602.0372,趋势下行|波动偏低|价格中性,1.0,0.0,0.012576289225741277,0.0,0.0,0.0,0.0,1.0937287392164619,-0.15818116771604485,冷静期
2023-07-03,6612.8844,趋势上行|波动偏高|价格中性,1.0,0.85,0.0016430080097094013,0.001396556808252991,0.85,0.000425,0.000971556808252991,1.0947913588194293,-0.15736329289822393,强制再入场，防止风控死锁
2023-07-04,6638.4471,趋势上行|波动偏高|价格中性,1.0,0.425,0.003865590029065169,0.0016428757623526968,0.425,0.0002125,0.0014303757623526968,1.0963573218439178,-0.15615800577591687,回撤预警，仓位减半
2023-07-05,6584.4232,趋势上行|波动偏高|价格偏强,0.75,0.31875,-0.008138032763716718,-0.002593997943434704,0.10625000000000001,5.3125e-05,-0.0026471229434347036,1.093455129223062,-0.15839175927946114,回撤预警，仓位减半
2023-07-06,6567.0789,趋势下行|波动偏高|价格中性,0.5,0.0,-0.0026341411347921007,-0.0,0.31875,0.000159375,-0.000159375,1.0932808598118422,-0.15852589059282596,回撤硬止损
2023-07-07,6521.4265,趋势上行|波动偏低|价格中性,0.5,0.0,-0.0069517057271842875,-0.0,0.0,0.0,-0.0,1.0932808598118422,-0.15852589059282596,冷静期
2023-07-10,6526.8519,趋势上行|波动偏低|价格中性,0.5,0.0,0.000831934546835722,0.0,0.0,0.0,0.0,1.0932808598118422,-0.15852589059282596,冷静期
2023-07-11,6579.3695,趋势上行|波动偏低|价格中性,0.5,0.0,0.008046390634357747,0.0,0.0,0.0,0.0,1.0932808598118422,-0.15852589059282596,冷静期
2023-07-12,6482.9867,趋势上行|波动偏低|价格中性,0.5,0.0,-0.014649245645802278,-0.0,0.0,0.0,-0.0,1.0932808598118422,-0.15852589059282596,冷静期
2023-07-13,6548.3129,趋势下行|波动偏低|价格偏弱,0.5,0.0,0.01007655931177509,0.0,0.0,0.0,0.0,1.0932808598118422,-0.15852589059282596,回撤硬止损
2023-07-14,6544.4593,趋势下行|波动偏低|价格中性,1.0,0.0,-0.0005884874560589948,-0.0,0.0,0.0,-0.0,1.0932808598118422,-0.15852589059282596,冷静期
2023-07-17,6516.56,趋势下行|波动偏低|价格中性,1.0,0.0,-0.00426304125689958,-0.0,0.0,0.0,-0.0,1.0932808598118422,-0.15852589059282596,冷静期
2023-07-18,6510.0341,趋势下行|波动偏低|价格中性,1.0,0.0,-0.0010014332715421181,-0.0,0.0,0.0,-0.0,1.0932808598118422,-0.15852589059282596,冷静期
2023-07-19,6492.3487,趋势下行|波动偏低|价格中性,1.0,0.0,-0.0027166370756799285,-0.0,0.0,0.0,-0.0,1.0932808598118422,-0.15852589059282596,冷静期
2023-07-20,6408.7598,趋势下行|波动偏低|价格偏弱,0.5,0.425,-0.012874986212616624,-0.005471869140362065,0.425,0.0002125,-0.005684369140362065,1.0870662478305793,-0.16330914005275377,强制再入场，防止风控死锁
2023-07-21,6401.4168,趋势下行|波动偏低|价格偏弱,0.5,0.0,-0.0011457755055821472,-0.0,0.425,0.0002125,-0.0002125,1.0868352462529154,-0.16348693686049243,回撤硬止损
2023-07-24,6393.7938,趋势下行|波动偏低|价格偏弱,0.5,0.0,-0.0011908301299798918,-0.0,0.0,0.0,-0.0,1.0868352462529154,-0.16348693686049243,冷静期
2023-07-25,6498.2688,趋势下行|波动偏低|价格偏弱,0.5,0.0,0.016340064016452827,0.0,0.0,0.0,0.0,1.0868352462529154,-0.16348693686049243,冷静期
2023-07-26,6457.2535,趋势下行|波动偏低|价格中性,1.0,0.0,-0.006311727209560858,-0.0,0.0,0.0,-0.0,1.0868352462529154,-0.16348693686049243,冷静期
2023-07-27,6407.5461,趋势下行|波动偏低|价格偏弱,0.5,0.0,-0.007697916769103141,-0.0,0.0,0.0,-0.0,1.0868352462529154,-0.16348693686049243,冷静期
2023-07-28,6465.3763,趋势下行|波动偏低|价格偏弱,0.5,0.0,0.009025327184146281,0.0,0.0,0.0,0.0,1.0868352462529154,-0.16348693686049243,回撤硬止损
2023-07-31,6515.8486,趋势下行|波动偏低|价格中性,1.0,0.0,0.007806552574519232,0.0,0.0,0.0,0.0,1.0868352462529154,-0.16348693686049243,冷静期
2023-08-01,6507.4124,趋势下行|波动偏低|价格中性,0.75,0.0,-0.0012947200768292921,-0.0,0.0,0.0,-0.0,1.0868352462529154,-0.16348693686049243,冷静期
2023-08-02,6496.0222,趋势下行|波动偏低|价格中性,0.75,0.0,-0.0017503424248938027,-0.0,0.0,0.0,-0.0,1.0868352462529154,-0.16348693686049243,冷静期
2023-08-03,6499.5448,趋势下行|波动偏低|价格中性,0.75,0.0,0.0005422703142854424,0.0,0.0,0.0,0.0,1.0868352462529154,-0.16348693686049243,冷静期
2023-08-04,6535.322,趋势下行|波动偏低|价格中性,0.75,0.6375,0.005504570104663431,0.003509163441722937,0.6375,0.00031875,0.003190413441722937,1.0903027000314989,-0.1608181143396754,强制再入场，防止风控死锁
2023-08-07,6503.9825,趋势上行|波动偏低|价格偏强,1.0,0.425,-0.0047954025830708735,-0.002038046097805121,0.21249999999999997,0.00010624999999999998,-0.002144296097805121,1.0879647682063949,-0.1626175687824456,回撤预警，仓位减半
2023-08-08,6471.3444,趋势下行|波动偏低|价格中性,0.75,0.0,-0.005018171558733409,-0.0,0.425,0.0002125,-0.0002125,1.087733575693151,-0.16279551254907942,回撤硬止损
2023-08-09,6420.9768,趋势下行|波动偏低|价格中性,0.75,0.0,-0.007783174080489341,-0.0,0.0,0.0,-0.0,1.087733575693151,-0.16279551254907942,冷静期
2023-08-10,6426.8142,趋势下行|波动偏低|价格偏弱,0.75,0.0,0.0009091140151760158,0.0,0.0,0.0,0.0,1.087733575693151,-0.16279551254907942,冷静期
2023-08-11,6304.6354,趋势下行|波动偏低|价格偏弱,0.75,0.0,-0.019010787646544958,-0.0,0.0,0.0,-0.0,1.087733575693151,-0.16279551254907942,冷静期
2023-08-14,6319.4073,趋势下行|波动偏低|价格偏弱,0.75,0.0,0.002343022088160618,0.0,0.0,0.0,0.0,1.087733575693151,-0.16279551254907942,冷静期
2023-08-15,6261.7333,趋势下行|波动偏低|价格偏弱,0.75,0.0,-0.009126488808531175,-0.0,0.0,0.0,-0.0,1.087733575693151,-0.16279551254907942,回撤硬止损
2023-08-16,6186.4029,趋势下行|波动偏低|价格偏弱,0.75,0.0,-0.012030279219972462,-0.0,0.0,0.0,-0.0,1.087733575693151,-0.16279551254907942,冷静期
2023-08-17,6247.6011,趋势下行|波动偏低|价格偏弱,0.75,0.0,0.009892372189338028,0.0,0.0,0.0,0.0,1.087733575693151,-0.16279551254907942,冷静期
2023-08-18,6117.1074,趋势下行|波动偏低|价格偏弱,0.75,0.0,-0.020887008935317586,-0.0,0.0,0.0,-0.0,1.087733575693151,-0.16279551254907942,冷静期
2023-08-21,6057.1708,趋势下行|波动偏低|价格偏弱,0.75,0.0,-0.009798193178690906,-0.0,0.0,0.0,-0.0,1.087733575693151,-0.16279551254907942,冷静期
2023-08-22,6099.1948,趋势下行|波动偏高|价格偏弱,0.75,0.6375,0.006937892522363764,0.004422906483006899,0.6375,0.00031875,0.0041041564830068995,1.0921978044996163,-0.15935949432430518,强制再入场，防止风控死锁
2023-08-23,5973.6711,趋势下行|波动偏低|价格偏弱,0.75,0.0,-0.020580372346854836,-0.0,0.6375,0.00031875,-0.00031875,1.0918496664494322,-0.15962744848548927,回撤硬止损
2023-08-24,5987.9663,趋势下行|波动偏高|价格偏弱,0.75,0.0,0.0023930343269149557,0.0,0.0,0.0,0.0,1.0918496664494322,-0.15962744848548927,冷静期
2023-08-25,5879.0268,趋势下行|波动偏高|价格偏弱,0.75,0.0,-0.018193071661074756,-0.0,0.0,0.0,-0.0,1.0918496664494322,-0.15962744848548927,冷静期
2023-08-28,5922.1617,趋势下行|波动偏高|价格偏弱,0.75,0.0,0.007337081708829851,0.0,0.0,0.0,0.0,1.0918496664494322,-0.15962744848548927,冷静期
2023-08-29,6108.7589,趋势下行|波动偏高|价格偏弱,0.75,0.0,0.031508291980612446,0.0,0.0,0.0,0.0,1.0918496664494322,-0.15962744848548927,冷静期
2023-08-30,6139.6265,趋势下行|波动偏高|价格中性,0.75,0.0,0.005053006757231859,0.0,0.0,0.0,0.0,1.0918496664494322,-0.15962744848548927,回撤硬止损
2023-08-31,6104.2953,趋势下行|波动偏高|价格中性,0.75,0.0,-0.005754617157900488,-0.0,0.0,0.0,-0.0,1.0918496664494322,-0.15962744848548927,冷静期
2023-09-01,6107.1996,趋势下行|波动偏高|价格中性,0.75,0.0,0.00047577973496792936,0.0,0.0,0.0,0.0,1.0918496664494322,-0.15962744848548927,冷静期
2023-09-04,6198.7623,趋势下行|波动偏高|价格中性,0.75,0.0,0.014992583507504875,0.0,0.0,0.0,0.0,1.0918496664494322,-0.15962744848548927,冷静期
2023-09-05,6167.6421,趋势下行|波动偏高|价格中性,0.75,0.0,-0.0050203893122342524,-0.0,0.0,0.0,-0.0,1.0918496664494322,-0.15962744848548927,冷静期
2023-09-06,6195.3828,趋势下行|波动偏高|价格中性,0.75,0.5449605661529601,0.0044977804402754895,0.0024511129751642407,0.5449605661529601,0.00027248028307648003,0.0021786326920877606,1.0942284058276042,-0.15779658537122643,强制再入场，防止风控死锁
2023-09-07,6083.4893,趋势下行|波动偏高|价格中性,0.75,0.0,-0.018060788753844204,-0.0,0.5449605661529601,0.00027248028307648003,-0.00027248028307648003,1.093930250161834,-0.15802606919605244,回撤硬止损
2023-09-08,6102.4883,趋势下行|波动偏高|价格中性,0.75,0.0,0.003123043217976962,0.0,0.0,0.0,0.0,1.093930250161834,-0.15802606919605244,冷静期
2023-09-11,6182.6433,趋势下行|波动偏高|价格中性,0.75,0.0,0.013134806010197453,0.0,0.0,0.0,0.0,1.093930250161834,-0.15802606919605244,冷静期
2023-09-12,6184.606,趋势下行|波动偏高|价格中性,0.75,0.0,0.0003174532161671628,0.0,0.0,0.0,0.0,1.093930250161834,-0.15802606919605244,冷静期
2023-09-13,6103.137,趋势下行|波动偏高|价格偏强,0.75,0.0,-0.01317286824738717,-0.0,0.0,0.0,-0.0,1.093930250161834,-0.15802606919605244,冷静期
2023-09-14,6068.7131,趋势下行|波动偏高|价格中性,0.75,0.0,-0.005640361669744576,-0.0,0.0,0.0,-0.0,1.093930250161834,-0.15802606919605244,回撤硬止损
2023-09-15,6079.0632,趋势下行|波动偏高|价格中性,0.75,0.0,0.001705485138191687,0.0,0.0,0.0,0.0,1.093930250161834,-0.15802606919605244,冷静期
2023-09-18,6083.9692,趋势下行|波动偏高|价格中性,0.75,0.0,0.0008070322414150954,0.0,0.0,0.0,0.0,1.093930250161834,-0.15802606919605244,冷静期
2023-09-19,6031.0416,趋势上行|波动偏高|价格中性,1.0,0.0,-0.008699518071196066,-0.0,0.0,0.0,-0.0,1.093930250161834,-0.15802606919605244,冷静期
2023-09-20,5982.5578,趋势下行|波动偏高|价格中性,0.75,0.0,-0.008039042542833719,-0.0,0.0,0.0,-0.0,1.093930250161834,-0.15802606919605244,冷静期
2023-09-21,5939.6638,趋势上行|波动偏高|价格偏弱,0.75,0.6215550435463647,-0.007169842972515772,-0.0044564520610026375,0.6215550435463647,0.0003107775217731823,-0.00476722958277582,1.0887152335117691,-0.16203995222690704,强制再入场，防止风控死锁
2023-09-22,6054.9279,趋势下行|波动偏高|价格偏弱,0.75,0.0,0.01940582899658394,0.0,0.6215550435463647,0.0003107775217731823,-0.0003107775217731823,1.0883768852895817,-0.16230037137389886,回撤硬止损
2023-09-25,6027.3938,趋势上行|波动偏高|价格中性,1.0,0.0,-0.004547386930899733,-0.0,0.0,0.0,-0.0,1.0883768852895817,-0.16230037137389886,冷静期
2023-09-26,5996.1104,趋势上行|波动偏高|价格偏弱,0.75,0.0,-0.005190203434194074,-0.0,0.0,0.0,-0.0,1.0883768852895817,-0.16230037137389886,冷静期
2023-09-27,6034.0605,趋势下行|波动偏低|价格偏弱,0.5,0.0,0.006329119623948332,0.0,0.0,0.0,0.0,1.0883768852895817,-0.16230037137389886,冷静期
2023-09-28,6078.9449,趋势下行|波动偏低|价格中性,0.75,0.0,0.007438506789913868,0.0,0.0,0.0,0.0,1.0883768852895817,-0.16230037137389886,冷静期
2023-10-09,6059.9651,趋势下行|波动偏高|价格中性,0.5,0.0,-0.0031222194496285383,-0.0,0.0,0.0,-0.0,1.0883768852895817,-0.16230037137389886,回撤硬止损
2023-10-10,6043.4816,趋势下行|波动偏高|价格中性,0.5,0.0,-0.0027200651700123313,-0.0,0.0,0.0,-0.0,1.0883768852895817,-0.16230037137389886,冷静期
2023-10-11,6059.4014,趋势下行|波动偏低|价格中性,1.0,0.0,0.0026342100553429226,0.0,0.0,0.0,0.0,1.0883768852895817,-0.16230037137389886,冷静期
2023-10-12,6104.4558,趋势下行|波动偏低|价格中性,1.0,0.0,0.007435453937743697,0.0,0.0,0.0,0.0,1.0883768852895817,-0.16230037137389886,冷静期
2023-10-13,6081.8658,趋势下行|波动偏低|价格中性,1.0,0.0,-0.0037005755697339104,-0.0,0.0,0.0,-0.0,1.0883768852895817,-0.16230037137389886,冷静期
2023-10-16,6024.3594,趋势下行|波动偏低|价格中性,1.0,0.85,-0.009455387851537211,-0.00803707967380663,0.85,0.000425,-0.00846207967380663,1.0791669533711317,-0.16938905237405122,强制再入场，防止风控死锁
2023-10-17,6011.3698,趋势下行|波动偏低|价格中性,1.0,0.0,-0.0021561794603423,-0.0,0.85,0.000425,-0.000425,1.078708307415949,-0.16974206202679232,回撤硬止损
2023-10-18,5908.0077,趋势下行|波动偏低|价格偏弱,0.5,0.0,-0.017194433787786623,-0.0,0.0,0.0,-0.0,1.078708307415949,-0.16974206202679232,冷静期
2023-10-19,5842.8915,趋势下行|波动偏低|价格偏弱,0.5,0.0,-0.011021685025901395,-0.0,0.0,0.0,-0.0,1.078708307415949,-0.16974206202679232,冷静期
2023-10-20,5774.32,趋势下行|波动偏低|价格偏弱,0.5,0.0,-0.011735884535935659,-0.0,0.0,0.0,-0.0,1.078708307415949,-0.16974206202679232,冷静期
2023-10-23,5638.1362,趋势下行|波动偏低|价格偏弱,0.5,0.0,-0.023584387425705455,-0.0,0.0,0.0,-0.0,1.078708307415949,-0.16974206202679232,冷静期
2023-10-24,5719.3227,趋势下行|波动偏高|价格偏弱,0.75,0.0,0.014399527985861749,0.0,0.0,0.0,0.0,1.078708307415949,-0.16974206202679232,回撤硬止损
2023-10-25,5778.9048,趋势下行|波动偏高|价格偏弱,0.75,0.0,0.010417684597513688,0.0,0.0,0.0,0.0,1.078708307415949,-0.16974206202679232,冷静期
2023-10-26,5811.6917,趋势下行|波动偏高|价格偏弱,0.75,0.0,0.005673549078019091,0.0,0.0,0.0,0.0,1.078708307415949,-0.16974206202679232,冷静期
2023-10-27,5916.6783,趋势下行|波动偏高|价格偏弱,0.75,0.0,0.018064722875784867,0.0,0.0,0.0,0.0,1.078708307415949,-0.16974206202679232,冷静期
2023-10-30,6006.5591,趋势下行|波动偏高|价格中性,0.5,0.0,0.015191091258079936,0.0,0.0,0.0,0.0,1.078708307415949,-0.16974206202679232,冷静期
2023-10-31,5969.3413,趋势下行|波动偏高|价格中性,0.5,0.425,-0.006196193091648872,-0.0026333820639507705,0.425,0.0002125,-0.0028458820639507706,1.0756384307916391,-0.17210487820092302,强制再入场，防止风控死锁
2023-11-01,5958.4178,趋势下行|波动偏高|价格中性,0.5,0.0,-0.0018299338990719338,-0.0,0.425,0.0002125,-0.0002125,1.0754098576250959,-0.17228080591430528,回撤硬止损
2023-11-02,5885.2468,趋势下行|波动偏高|价格中性,0.5,0.0,-0.012280273464542968,-0.0,0.0,0.0,-0.0,1.0754098576250959,-0.17228080591430528,冷静期
2023-11-03,5973.167,趋势下行|波动偏高|价格中性,0.5,0.0,0.014939084627682897,0.0,0.0,0.0,0.0,1.0754098576250959,-0.17228080591430528,冷静期
2023-11-06,6096.5695,趋势下行|波动偏高|价格中性,0.5,0.0,0.020659475953041184,0.0,0.0,0.0,0.0,1.0754098576250959,-0.17228080591430528,冷静期
2023-11-07,6116.7569,趋势上行|波动偏高|价格偏强,0.75,0.0,0.0033112720194530265,0.0,0.0,0.0,0.0,1.0754098576250959,-0.17228080591430528,冷静期
2023-11-08,6138.9377,趋势上行|波动偏高|价格偏强,0.75,0.286181240628965,0.003626235333956229,0.0010377605266841828,0.286181240628965,0.0001430906203144825,0.0008946699063697003,1.0763719944617263,-0.1715402704604324,回撤预警，仓位减半
2023-11-09,6100.6929,趋势上行|波动偏高|价格偏强,0.75,0.28595416199733087,-0.006229872637410927,-0.0017814580093809432,0.00022707863163412556,1.1353931581706278e-07,-0.0017815715486967601,1.0744543607405792,-0.1730162307438211,回撤预警，仓位减半
2023-11-10,6088.5583,趋势下行|波动偏高|价格偏强,0.5,0.19082199196192523,-0.001989052751696474,-0.0003795550081960698,0.09513217003540564,4.756608501770282e-05,-0.0004271210932137726,1.0739954386194115,-0.17336945295541584,回撤预警，仓位减半
2023-11-13,6144.6346,趋势上行|波动偏高|价格偏强,0.75,0.28670839033289514,0.009210111365772766,0.0026406162044674123,0.0958863983709699,4.794319918548495e-05,0.0025926730052819274,1.0767799576009158,-0.171226270250752,回撤预警，仓位减半
2023-11-14,6181.9796,趋势上行|波动偏高|价格偏强,0.75,0.28799264349402914,0.006077660012525188,0.0017503213732650831,0.001284253161134008,6.42126580567004e-07,0.0017496792466845162,1.0786639771459758,-0.1697761820556125,回撤预警，仓位减半
2023-11-15,6207.2678,趋势上行|波动偏高|价格偏强,0.75,0.2874465278866835,0.004090631421688862,0.0011758377990286311,0.0005461156073456319,2.7305780367281596e-07,0.0011755647412249584,1.0799320164851383,-0.16880020020791175,回撤预警，仓位减半
2023-11-16,6145.1505,趋势上行|波动偏高|价格偏强,0.75,0.30664592168429095,-0.010007188670029699,-0.0030686635931898507,0.019199393797607434,9.599696898803718e-06,-0.0030782632900886544,1.0766077014030007,-0.17135885203834078,回撤预警，仓位减半
2023-11-17,6199.2278,趋势上行|波动偏高|价格偏强,0.75,0.3081991825010306,0.008799996029389412,0.002712151582270132,0.0015532608167396766,7.766304083698383e-07,0.0027113749518617625,1.0795267885575661,-0.16911209518567571,回撤预警，仓位减半
2023-11-20,6253.2756,趋势上行|波动偏高|价格偏强,0.75,0.31875,0.008718472968520352,0.002779013258715862,0.010550817498969356,5.275408749484678e-06,0.0027737378499663773,1.0825211128710408,-0.16680742995501296,回撤预警，仓位减半
2023-11-21,6212.125,趋势上行|波动偏高|价格偏强,0.75,0.31875,-0.00658064710917261,-0.0020975812660487692,0.0,0.0,-0.0020975812660487692,1.0802504368645802,-0.16855511908095044,回撤预警，仓位减半
2023-11-22,6132.9704,趋势上行|波动偏高|价格偏强,0.75,0.43124999999999997,-0.012741952230516884,-0.005494966899410406,0.11249999999999999,5.625e-05,-0.005551216899410406,1.0742537323838621,-0.17317064995483644,回撤预警，仓位减半
2023-11-23,6197.5257,趋势上行|波动偏高|价格中性,1.0,0.425,0.010525943513440161,0.004473525993212068,0.006249999999999978,3.1249999999999887e-06,0.004470400993212068,1.079056077336073,-0.16947439120717755,回撤预警，仓位减半
2023-11-24,6115.4072,趋势上行|波动偏高|价格偏强,0.75,0.43124999999999997,-0.013250207256099045,-0.005714151879192712,0.006249999999999978,3.1249999999999887e-06,-0.005717276879192712,1.0728868149737671,-0.17422273606790606,回撤预警，仓位减半
2023-11-27,6111.3644,趋势上行|波动偏高|价格中性,1.0,0.5,-0.0006610843510141962,-0.0003305421755070981,0.06875000000000003,3.4375000000000016e-05,-0.0003649171755070981,1.072495300147608,-0.17452407637465817,回撤预警，仓位减半
2023-11-28,6143.3015,趋势上行|波动偏高|价格中性,1.0,0.5,0.005225854311681877,0.0026129271558409384,0.0,0.0,0.0026129271558409384,1.0752976522418756,-0.17236716791732465,回撤预警，仓位减半
2023-11-29,6113.366,趋势上行|波动偏高|价格中性,1.0,0.5,-0.004872868440528255,-0.0024364342202641276,0.0,0.0,-0.0024364342202641276,1.0726777602449837,-0.17438364087122504,回撤预警，仓位减半
2023-11-30,6080.547,趋势上行|波动偏高|价格中性,1.0,0.5,-0.005368400975829135,-0.0026842004879145676,0.0,0.0,-0.0026842004879145676,1.069798478077559,-0.17659976070522887,回撤预警，仓位减半
2023-12-01,6130.051,趋势上行|波动偏高|价格偏弱,0.5,0.2875,0.008141372807413783,0.0023406446821314622,0.21250000000000002,0.00010625,0.002234394682131462,1.0721888301079279,-0.1747599595892827,回撤预警，仓位减半
2023-12-04,6114.3926,趋势上行|波动偏低|价格中性,0.5,0.2875,-0.002554367002819413,-0.0007343805133105812,0.0,0.0,-0.0007343805133105812,1.0714014355245074,-0.17536599979376388,回撤预警，仓位减半
2023-12-05,5992.6003,趋势上行|波动偏低|价格中性,0.5,0.2875,-0.01991895319250514,-0.005726699042845227,0.0,0.0,-0.005726699042845227,1.0652658419491863,-0.1800884305334426,回撤预警，仓位减半
2023-12-06,6023.8036,趋势下行|波动偏低|价格偏弱,0.5,0.0,0.005206971671379401,0.0,0.2875,0.00014375,-0.00014375,1.065112709984406,-0.18020629282155343,回撤硬止损
2023-12-07,6020.8304,趋势下行|波动偏低|价格偏弱,0.5,0.0,-0.0004935751889387774,-0.0,0.0,0.0,-0.0,1.065112709984406,-0.18020629282155343,冷静期
2023-12-08,6003.1435,趋势下行|波动偏低|价格偏弱,0.5,0.0,-0.0029376180401958774,-0.0,0.0,0.0,-0.0,1.065112709984406,-0.18020629282155343,冷静期
2023-12-11,6075.0796,趋势下行|波动偏低|价格偏弱,0.5,0.0,0.011983071868929995,0.0,0.0,0.0,0.0,1.065112709984406,-0.18020629282155343,冷静期
2023-12-12,6078.9899,趋势下行|波动偏低|价格中性,0.75,0.0,0.0006436623480619019,0.0,0.0,0.0,0.0,1.065112709984406,-0.18020629282155343,冷静期
2023-12-13,6019.5531,趋势下行|波动偏低|价格中性,0.75,0.31875,-0.009777413843046423,-0.0031165506624710473,0.31875,0.000159375,-0.0032759256624710475,1.061623479924344,-0.1828918760648316,回撤预警，仓位减半
2023-12-14,5991.8623,趋势下行|波动偏低|价格偏弱,0.5,0.0,-0.0046001421600551096,-0.0,0.31875,0.000159375,-0.000159375,1.0614542836822312,-0.18302210267208363,回撤硬止损
2023-12-15,5951.6003,趋势下行|波动偏低|价格偏弱,0.5,0.0,-0.006719446807046947,-0.0,0.0,0.0,-0.0,1.0614542836822312,-0.18302210267208363,冷静期
2023-12-18,5857.0052,趋势下行|波动偏低|价格偏弱,0.5,0.0,-0.01589406129978188,-0.0,0.0,0.0,-0.0,1.0614542836822312,-0.18302210267208363,冷静期
2023-12-19,5863.5419,趋势下行|波动偏低|价格偏弱,0.5,0.0,0.0011160481810739142,0.0,0.0,0.0,0.0,1.0614542836822312,-0.18302210267208363,冷静期
2023-12-20,5761.3123,趋势下行|波动偏低|价格偏弱,0.5,0.0,-0.01743478630211559,-0.0,0.0,0.0,-0.0,1.0614542836822312,-0.18302210267208363,冷静期
2023-12-21,5798.912,趋势下行|波动偏高|价格偏弱,0.75,0.0,0.006526238822360142,0.0,0.0,0.0,0.0,1.0614542836822312,-0.18302210267208363,回撤硬止损
2023-12-22,5733.9089,趋势下行|波动偏低|价格偏弱,0.5,0.0,-0.011209533788407167,-0.0,0.0,0.0,-0.0,1.0614542836822312,-0.18302210267208363,冷静期
2023-12-25,5735.7256,趋势下行|波动偏低|价格偏弱,0.5,0.0,0.0003168344722044303,0.0,0.0,0.0,0.0,1.0614542836822312,-0.18302210267208363,冷静期
2023-12-26,5651.5883,趋势下行|波动偏低|价格偏弱,0.5,0.0,-0.014668989743860772,-0.0,0.0,0.0,-0.0,1.0614542836822312,-0.18302210267208363,冷静期
2023-12-27,5696.1606,趋势下行|波动偏低|价格偏弱,0.5,0.0,0.007886685588898823,0.0,0.0,0.0,0.0,1.0614542836822312,-0.18302210267208363,冷静期
2023-12-28,5805.5271,趋势下行|波动偏高|价格偏弱,0.75,0.6375,0.019200038004546505,0.012240024227898397,0.6375,0.00031875,0.011921274227898397,1.0741081712783846,-0.17328268511990563,强制再入场，防止风控死锁
2023-12-29,5887.235,趋势下行|波动偏高|价格中性,0.75,0.0,0.014074157021848999,0.0,0.6375,0.00031875,-0.00031875,1.0737657992987897,-0.17354620126402365,回撤硬止损
2024-01-02,5854.7494,趋势下行|波动偏高|价格中性,0.75,0.0,-0.0055179723588407725,-0.0,0.0,0.0,-0.0,1.0737657992987897,-0.17354620126402365,冷静期
2024-01-03,5824.0428,趋势下行|波动偏高|价格中性,0.75,0.0,-0.0052447334466612094,-0.0,0.0,0.0,-0.0,1.0737657992987897,-0.17354620126402365,冷静期
2024-01-04,5783.0155,趋势下行|波动偏高|价格中性,0.75,0.0,-0.007044470895715249,-0.0,0.0,0.0,-0.0,1.0737657992987897,-0.17354620126402365,冷静期
2024-01-05,5675.8091,趋势下行|波动偏高|价格中性,0.75,0.0,-0.01853814847980262,-0.0,0.0,0.0,-0.0,1.0737657992987897,-0.17354620126402365,冷静期
2024-01-08,5543.5745,趋势下行|波动偏高|价格偏弱,0.75,0.0,-0.02329792945291287,-0.0,0.0,0.0,-0.0,1.0737657992987897,-0.17354620126402365,回撤硬止损
2024-01-09,5553.3035,趋势下行|波动偏高|价格偏弱,0.75,0.0,0.0017550048258574424,0.0,0.0,0.0,0.0,1.0737657992987897,-0.17354620126402365,冷静期
2024-01-10,5512.0686,趋势下行|波动偏高|价格偏弱,0.75,0.0,-0.007425291990614258,-0.0,0.0,0.0,-0.0,1.0737657992987897,-0.17354620126402365,冷静期
2024-01-11,5611.1149,趋势下行|波动偏高|价格偏弱,0.75,0.0,0.017968988992626,0.0,0.0,0.0,0.0,1.0737657992987897,-0.17354620126402365,冷静期
2024-01-12,5574.4926,趋势下行|波动偏高|价格偏弱,0.75,0.0,-0.006526742127487051,-0.0,0.0,0.0,-0.0,1.0737657992987897,-0.17354620126402365,冷静期
2024-01-15,5559.376,趋势下行|波动偏高|价格偏弱,0.75,0.597229487539677,-0.00271174456308354,-0.001619533815748888,0.597229487539677,0.0002986147437698385,-0.0019181485595187264,1.071706156977604,-0.17513146242757793,强制再入场，防止风控死锁
2024-01-16,5539.4741,趋势下行|波动偏高|价格偏弱,0.75,0.0,-0.003579880187992268,-0.0,0.597229487539677,0.0002986147437698385,-0.0002986147437698385,1.0713861297181417,-0.17537778033456886,回撤硬止损
2024-01-17,5389.1216,趋势下行|波动偏高|价格偏弱,0.75,0.0,-0.027142016965112203,-0.0,0.0,0.0,-0.0,1.0713861297181417,-0.17537778033456886,冷静期
2024-01-18,5373.4239,趋势下行|波动偏高|价格偏弱,0.75,0.0,-0.002912849470681933,-0.0,0.0,0.0,-0.0,1.0713861297181417,-0.17537778033456886,冷静期
2024-01-19,5306.9862,趋势下行|波动偏高|价格偏弱,0.75,0.0,-0.012364127832907301,-0.0,0.0,0.0,-0.0,1.0713861297181417,-0.17537778033456886,冷静期
2024-01-22,5000.8336,趋势下行|波动偏高|价格偏弱,0.75,0.0,-0.057688599227938564,-0.0,0.0,0.0,-0.0,1.0713861297181417,-0.17537778033456886,冷静期
2024-01-23,5079.6315,趋势下行|波动偏高|价格偏弱,0.75,0.0,0.015756953000795715,0.0,0.0,0.0,0.0,1.0713861297181417,-0.17537778033456886,回撤硬止损
2024-01-24,5143.4078,趋势下行|波动偏高|价格偏弱,0.75,0.0,0.012555300517370194,0.0,0.0,0.0,0.0,1.0713861297181417,-0.17537778033456886,冷静期
2024-01-25,5316.195,趋势下行|波动偏高|价格偏弱,0.75,0.0,0.03359391413607127,0.0,0.0,0.0,0.0,1.0713861297181417,-0.17537778033456886,冷静期
2024-01-26,5269.7646,趋势下行|波动偏高|价格偏弱,0.75,0.0,-0.00873376540928228,-0.0,0.0,0.0,-0.0,1.0713861297181417,-0.17537778033456886,冷静期
2024-01-29,5131.2465,趋势下行|波动偏高|价格偏弱,0.75,0.0,-0.026285443566113065,-0.0,0.0,0.0,-0.0,1.0713861297181417,-0.17537778033456886,冷静期
2024-01-30,4984.6598,趋势下行|波动偏高|价格偏弱,0.75,0.3745710489352847,-0.028567464065505255,-0.010700544980437356,0.3745710489352847,0.00018728552446764236,-0.010887830504904997,1.0597210591324644,-0.18435612729286466,强制再入场，防止风控死锁
2024-01-31,4785.032,趋势下行|波动偏高|价格偏弱,0.75,0.0,-0.04004843018574711,-0.0,0.3745710489352847,0.00018728552446764236,-0.00018728552446764236,1.0595225887181152,-0.18450888558334355,回撤硬止损
2024-02-01,4750.4439,趋势下行|波动偏高|价格偏弱,0.5,0.0,-0.007228394710839914,-0.0,0.0,0.0,-0.0,1.0595225887181152,-0.18450888558334355,冷静期
2024-02-02,4574.6692,趋势下行|波动偏高|价格偏弱,0.5,0.0,-0.03700174208982865,-0.0,0.0,0.0,-0.0,1.0595225887181152,-0.18450888558334355,冷静期
2024-02-05,4293.0695,趋势下行|波动偏高|价格偏弱,0.5,0.0,-0.06155629788488326,-0.0,0.0,0.0,-0.0,1.0595225887181152,-0.18450888558334355,冷静期
2024-02-06,4592.4444,趋势下行|波动偏高|价格偏弱,0.5,0.0,0.06973446388417437,0.0,0.0,0.0,0.0,1.0595225887181152,-0.18450888558334355,冷静期
2024-02-07,4797.8456,趋势下行|波动偏高|价格偏弱,0.5,0.0,0.04472589804244542,0.0,0.0,0.0,0.0,1.0595225887181152,-0.18450888558334355,回撤硬止损
2024-02-08,4993.1046,趋势下行|波动偏高|价格偏弱,0.5,0.0,0.0406972246043098,0.0,0.0,0.0,0.0,1.0595225887181152,-0.18450888558334355,冷静期
2024-02-19,5029.5861,趋势下行|波动偏高|价格中性,0.5,0.0,0.007306376077120591,0.0,0.0,0.0,0.0,1.0595225887181152,-0.18450888558334355,冷静期
2024-02-20,5046.0121,趋势下行|波动偏高|价格中性,0.5,0.0,0.0032658750985492535,0.0,0.0,0.0,0.0,1.0595225887181152,-0.18450888558334355,冷静期
2024-02-21,5073.4821,趋势下行|波动偏高|价格中性,0.5,0.0,0.005443902918901067,0.0,0.0,0.0,0.0,1.0595225887181152,-0.18450888558334355,冷静期
2024-02-22,5151.5343,趋势下行|波动偏高|价格中性,0.5,0.1401028749593255,0.015384345201493899,0.0021553909920959988,0.1401028749593255,7.005143747966275e-05,0.002085339554616336,1.0617320530813785,-0.18280830970601247,强制再入场，防止风控死锁
2024-02-23,5225.6697,趋势下行|波动偏高|价格中性,0.5,0.0,0.014390935919809333,0.0,0.1401028749593255,7.005143747966275e-05,-7.005143747966275e-05,1.061657677224842,-0.1828655551586139,回撤硬止损
2024-02-26,5255.3962,趋势下行|波动偏高|价格偏强,0.75,0.0,0.005688553181996792,0.0,0.0,0.0,0.0,1.061657677224842,-0.1828655551586139,冷静期
2024-02-27,5394.0342,趋势下行|波动偏高|价格偏强,0.75,0.0,0.02638012334826434,0.0,0.0,0.0,0.0,1.061657677224842,-0.1828655551586139,冷静期
2024-02-28,5152.0519,趋势上行|波动偏高|价格偏强,0.5,0.0,-0.044861098581836845,-0.0,0.0,0.0,-0.0,1.061657677224842,-0.1828655551586139,冷静期
2024-02-29,5344.6052,趋势上行|波动偏高|价格中性,1.0,0.0,0.037374099434052566,0.0,0.0,0.0,0.0,1.061657677224842,-0.1828655551586139,冷静期
2024-03-01,5401.9394,趋势上行|波动偏高|价格偏强,0.5,0.0,0.010727490217612434,0.0,0.0,0.0,0.0,1.061657677224842,-0.1828655551586139,回撤硬止损
2024-03-04,5428.3356,趋势上行|波动偏高|价格偏强,0.5,0.0,0.004886430232815986,0.0,0.0,0.0,0.0,1.061657677224842,-0.1828655551586139,冷静期
2024-03-05,5375.1317,趋势上行|波动偏高|价格偏强,0.5,0.0,-0.009801144203390844,-0.0,0.0,0.0,-0.0,1.061657677224842,-0.1828655551586139,冷静期
2024-03-06,5381.4587,趋势上行|波动偏高|价格偏强,0.5,0.0,0.001177087437690183,0.0,0.0,0.0,0.0,1.061657677224842,-0.1828655551586139,冷静期
2024-03-07,5303.2766,趋势上行|波动偏高|价格偏强,0.5,0.0,-0.014528049801812992,-0.0,0.0,0.0,-0.0,1.061657677224842,-0.1828655551586139,冷静期
2024-03-08,5370.3719,趋势上行|波动偏高|价格中性,1.0,0.31121189138552696,0.012651668970085295,0.0039373498293638265,0.31121189138552696,0.00015560594569276348,0.003781743883671063,1.0656725946522396,-0.1797753619696979,强制再入场，防止风控死锁
2024-03-11,5466.6455,趋势上行|波动偏高|价格偏强,0.5,0.07809279869793403,0.017926803169813876,0.0013999542312377608,0.23311909268759293,0.00011655954634379646,0.0012833946848939644,1.0670402731960535,-0.17872269002883068,回撤预警，仓位减半
2024-03-12,5496.3553,趋势上行|波动偏高|价格偏强,0.5,0.08261018551680739,0.00543474055524551,0.00044896492550454837,0.004517386818873356,2.2586934094366783e-06,0.0004467062320951117,1.0675169267359867,-0.17835582033618824,回撤预警，仓位减半
2024-03-13,5521.7838,趋势上行|波动偏高|价格偏强,0.5,0.1004742634738121,0.0046264294449813725,0.00046483709099806066,0.017864077957004704,8.932038978502351e-06,0.0004559050520195583,1.0680036130960022,-0.1779812286037169,回撤预警，仓位减半
2024-03-14,5486.6461,趋势上行|波动偏高|价格偏强,0.5,0.12105519179358787,-0.006363468993480059,-0.0007703309594782781,0.020580928319775774,1.0290464159887886e-05,-0.000780621423638166,1.0671699065950964,-0.17862291406730169,回撤预警，仓位减半
2024-03-15,5555.6442,趋势上行|波动偏高|价格偏强,0.5,0.1312641392780892,0.012575642522305142,0.0016507308915593229,0.010208947484501324,5.104473742250662e-06,0.0016456264178170722,1.0689260695856886,-0.17727123423570124,回撤预警，仓位减半
2024-03-18,5648.0117,趋势上行|波动偏高|价格偏强,0.5,0.14492577598023604,0.016625884717383466,0.002409519244024746,0.013661636702146845,6.830818351073423e-06,0.0024026884256736726,1.0714943658809828,-0.17529447335273074,回撤预警，仓位减半
2024-03-19,5607.4754,趋势上行|波动偏高|价格偏强,0.5,0.14334503757595252,-0.007177092072950142,-0.001028800532883109,0.0015807384042835215,7.903692021417608e-07,-0.0010295909020852508,1.0703911650302362,-0.17614358265986618,回撤预警，仓位减半
2024-03-20,5659.1539,趋势上行|波动偏高|价格偏强,0.5,0.14125974627143617,0.00921600119725885,0.001301849990762037,0.0020852913045163457,1.0426456522581729e-06,0.0013008073451097788,1.0717835377198481,-0.17507190418087426,回撤预警，仓位减半
2024-03-21,5658.2794,趋势上行|波动偏高|价格偏强,0.5,0.14108584826876072,-0.0001545284004380587,-2.180177045741825e-05,0.00017389800267544886,8.694900133772443e-08,-2.1888719458755973e-05,1.0717600777506704,-0.1750899608005374,回撤预警，仓位减半
2024-03-22,5595.8848,趋势上行|波动偏高|价格偏强,0.5,0.14203957071146706,-0.011027133089256846,-0.001566289250176256,0.000953722442706334,4.76861221353167e-07,-0.0015667661113976093,1.0700808803813018,-0.17638240189490673,回撤预警，仓位减半
2024-03-25,5466.0615,趋势上行|波动偏高|价格偏强,0.5,0.140402668287788,-0.023199780667393255,-0.003257311109393452,0.0016369024236790597,8.184512118395298e-07,-0.0032581295606052916,1.066594418232693,-0.1790658547379277,回撤预警，仓位减半
2024-03-26,5447.7484,趋势上行|波动偏高|价格中性,1.0,0.26536059497142767,-0.0033503282024908154,-0.0008890450851625166,0.12495792668363967,6.247896334181984e-05,-0.0009515240485043364,1.0655795279937441,-0.1798469933193828,回撤预警，仓位减半
2024-03-27,5266.2306,趋势上行|波动偏高|价格中性,1.0,0.2791198065235413,-0.03331978400470925,-0.009300211664800632,0.013759211552113626,6.879605776056813e-06,-0.00930709127057669,1.0556620820706484,-0.18748023220839716,回撤预警，仓位减半
2024-03-28,5382.2363,趋势上行|波动偏高|价格偏弱,0.75,0.0,0.022028222615241955,0.0,0.2791198065235413,0.00013955990326177065,-0.00013955990326177065,1.0555147539725975,-0.18759362738858842,回撤硬止损
2024-03-29,5441.2603,趋势上行|波动偏高|价格偏弱,0.75,0.0,0.01096644530452906,0.0,0.0,0.0,0.0,1.0555147539725975,-0.18759362738858842,冷静期
2024-04-01,5559.0557,趋势上行|波动偏高|价格中性,1.0,0.0,0.02164855079621897,0.0,0.0,0.0,0.0,1.0555147539725975,-0.18759362738858842,冷静期
2024-04-02,5531.0522,趋势上行|波动偏高|价格中性,1.0,0.0,-0.005037456271575036,-0.0,0.0,0.0,-0.0,1.0555147539725975,-0.18759362738858842,冷静期
2024-04-03,5500.9264,趋势上行|波动偏高|价格中性,1.0,0.0,-0.005446667091661084,-0.0,0.0,0.0,-0.0,1.0555147539725975,-0.18759362738858842,冷静期
2024-04-08,5399.9148,趋势上行|波动偏高|价格中性,1.0,0.32272989024717696,-0.018362652516129008,-0.005926176831177362,0.32272989024717696,0.00016136494512358846,-0.006087541776300951,1.0490892638122873,-0.1925391851211935,回撤预警，仓位减半
2024-04-09,5468.9109,趋势上行|波动偏高|价格偏弱,0.75,0.23829074484694682,0.012777257152279509,0.003044702123917663,0.08443914540023015,4.221957270011507e-05,0.0030024825512175476,1.0522391360215535,-0.1901147981137279,回撤预警，仓位减半
2024-04-10,5367.0518,趋势上行|波动偏高|价格中性,1.0,0.31761425673477883,-0.018625116017157994,-0.0059156023803886605,0.07932351188783202,3.966175594391601e-05,-0.005955264136332576,1.0459727740319587,-0.1949378784110678,回撤预警，仓位减半
2024-04-11,5379.9153,趋势下行|波动偏高|价格偏弱,0.75,0.2373106443070276,0.002396753465282231,0.0005687751090912274,0.08030361242775122,4.015180621387561e-05,0.0005286233028773518,1.0465256996144872,-0.19451230381333207,回撤预警，仓位减半
2024-04-12,5338.7692,趋势下行|波动偏高|价格偏弱,0.75,0.23809975289794452,-0.007648094385426463,-0.0018210093833101976,0.0007891085909169093,3.945542954584547e-07,-0.001821403937605656,1.0446195535844038,-0.19597942227485932,回撤预警，仓位减半
2024-04-15,5287.5115,趋势下行|波动偏高|价格偏弱,0.75,0.2379371522730034,-0.009601033137001003,-0.0022844424834967594,0.0001626006249411116,8.13003124705558e-08,-0.00228452378380923,1.042233095369208,-0.19781622640734442,回撤预警，仓位减半
2024-04-16,5066.6599,趋势下行|波动偏高|价格偏弱,0.75,0.23683306348193178,-0.0417685332693839,-0.009892169691335178,0.001104088791071628,5.52044395535814e-07,-0.009892721735730713,1.0319225733729511,-0.2057520072604151,回撤预警，仓位减半
2024-04-17,5287.4563,趋势下行|波动偏高|价格偏弱,0.75,0.0,0.04357829504206512,0.0,0.23683306348193178,0.00011841653174096589,-0.00011841653174096589,1.031800376680787,-0.20584605935305755,回撤硬止损
2024-04-18,5286.7192,趋势下行|波动偏高|价格偏弱,0.75,0.0,-0.00013940540747359176,-0.0,0.0,0.0,-0.0,1.031800376680787,-0.20584605935305755,冷静期
2024-04-19,5264.3891,趋势下行|波动偏高|价格偏弱,0.75,0.0,-0.004223810487229862,-0.0,0.0,0.0,-0.0,1.031800376680787,-0.20584605935305755,冷静期
2024-04-22,5246.0818,趋势下行|波动偏高|价格偏弱,0.75,0.0,-0.0034775734947100068,-0.0,0.0,0.0,-0.0,1.031800376680787,-0.20584605935305755,冷静期
2024-04-23,5218.4277,趋势下行|波动偏高|价格偏弱,0.75,0.0,-0.005271381776776662,-0.0,0.0,0.0,-0.0,1.031800376680787,-0.20584605935305755,冷静期
2024-04-24,5305.6068,趋势下行|波动偏高|价格偏弱,0.75,0.0,0.016706008976611786,0.0,0.0,0.0,0.0,1.031800376680787,-0.20584605935305755,回撤硬止损
2024-04-25,5313.986,趋势下行|波动偏高|价格中性,0.5,0.0,0.0015793104004617753,0.0,0.0,0.0,0.0,1.031800376680787,-0.20584605935305755,冷静期
2024-04-26,5415.9379,趋势下行|波动偏高|价格中性,0.5,0.0,0.019185579337243297,0.0,0.0,0.0,0.0,1.031800376680787,-0.20584605935305755,冷静期
2024-04-29,5545.2346,趋势上行|波动偏高|价格中性,1.0,0.0,0.02387337196019179,0.0,0.0,0.0,0.0,1.031800376680787,-0.20584605935305755,冷静期
2024-04-30,5497.4303,趋势上行|波动偏高|价格偏强,0.5,0.0,-0.008620789461278977,-0.0,0.0,0.0,-0.0,1.031800376680787,-0.20584605935305755,冷静期
2024-05-06,5606.8416,趋势上行|波动偏高|价格偏强,0.75,0.26409823227951645,0.019902262335185883,0.005256152301085793,0.26409823227951645,0.00013204911613975823,0.005124103184946035,1.0370874282771656,-0.20177673261645113,回撤预警，仓位减半
2024-05-07,5625.3358,趋势上行|波动偏高|价格偏强,0.75,0.26553608489033415,0.003298505882527447,0.0008758723380340748,0.0014378526108176914,7.189263054088457e-07,0.000875153411728666,1.0379950388782833,-0.2010781648006792,回撤预警，仓位减半
2024-05-08,5536.6589,趋势上行|波动偏高|价格偏强,0.75,0.2661105088123093,-0.015763841155935876,-0.004194923790842518,0.0005744239219751535,2.8721196098757674e-07,-0.004195211002803506,1.0336404306703257,-0.20442981047408726,回撤预警，仓位减半
2024-05-09,5626.8251,趋势上行|波动偏高|价格偏强,0.75,0.26138117655577486,0.016285308816838873,0.004256673179119479,0.004729332256534435,2.3646661282672177e-06,0.004254308512991211,1.0380378559538983,-0.2010452094441052,回撤预警，仓位减半
2024-05-10,5574.232,趋势上行|波动偏高|价格偏强,0.75,0.2647047446291845,-0.009346851744156726,-0.0024741560040238537,0.0033235680734096107,1.6617840367048053e-06,-0.0024758177880605586,1.0354678633654473,-0.20302327592641978,回撤预警，仓位减半
2024-05-13,5520.8038,趋势上行|波动偏高|价格偏强,0.75,0.2647464397145804,-0.00958485402114595,-0.0025375559772823695,4.169508539592082e-05,2.0847542697960408e-08,-0.0025375768248250673,1.03284028411252,-0.20504566559135395,回撤预警，仓位减半
2024-05-14,5551.6751,趋势上行|波动偏高|价格偏强,0.75,0.2706413511056831,0.005591812554541553,0.0015133757048908473,0.0058949113911027085,2.947455695551354e-06,0.001510428249195296,1.0344003152545505,-0.20384494410784282,回撤预警，仓位减半
2024-05-15,5497.2349,趋势上行|波动偏高|价格偏强,0.75,0.2703148167063328,-0.009806085374124307,-0.002650730170513063,0.00032653439935032,1.6326719967516002e-07,-0.002650893437712738,1.0316582302468742,-0.2059554663209091,回撤预警，仓位减半
2024-05-16,5488.946,趋势上行|波动偏高|价格中性,1.0,0.3591256589396043,-0.0015078307823448434,-0.0005415007232790109,0.08881084223327151,4.440542111663576e-05,-0.0005859061443956467,1.0310537753508562,-0.20642070189211548,回撤预警，仓位减半
2024-05-17,5563.231,趋势上行|波动偏高|价格中性,1.0,0.36259898868843543,0.013533563638629342,0.004907256488717582,0.003473329748831133,1.7366648744155665e-06,0.004905519823843166,1.0361116300852882,-0.20252778291345575,回撤预警，仓位减半
2024-05-20,5596.7772,趋势上行|波动偏高|价格偏强,0.75,0.3287076322580633,0.006029985093195078,0.0019821021225355714,0.03389135643037211,1.6945678215186056e-05,0.001965156444320385,1.0381477515321855,-0.20096062524688174,回撤预警，仓位减半
2024-05-21,5536.7447,趋势上行|波动偏高|价格偏强,0.75,0.41552913162875416,-0.010726262249639018,-0.004457074438214788,0.08682149937069084,4.341074968534542e-05,-0.004500485187900134,1.0334755829535631,-0.2045566901175071,回撤预警，仓位减半
2024-05-22,5539.6597,趋势上行|波动偏高|价格中性,1.0,0.5,0.0005264826460211758,0.0002632413230105879,0.08447086837124584,4.2235434185622925e-05,0.00022100588882496497,1.0337039871433527,-0.20438089246179658,回撤预警，仓位减半
2024-05-23,5412.8237,趋势上行|波动偏高|价格中性,1.0,0.5,-0.022895991246538183,-0.011447995623269092,0.0,0.0,-0.011447995623269092,1.0218701484227797,-0.2134891365226833,回撤预警，仓位减半
2024-05-24,5350.1073,趋势上行|波动偏高|价格偏弱,0.75,0.3679315462686736,-0.011586632684896125,-0.004263087679800984,0.13206845373132642,6.60342268656632e-05,-0.004329121906666647,1.0174463479774738,-0.21689403793159434,回撤预警，仓位减半
2024-05-27,5404.6158,趋势上行|波动偏高|价格偏弱,0.75,0.3612494492148364,0.010188300335583822,0.0036805178846649887,0.006682097053837155,3.3410485269185775e-06,0.00367717683613807,1.0211876781202698,-0.21401441882763483,回撤预警，仓位减半
2024-05-28,5348.0293,趋势上行|波动偏高|价格偏弱,0.75,0.3698500856821723,-0.010470031930854273,-0.003872342206721533,0.008600636467335887,4.300318233667944e-06,-0.003876642524955201,1.0172288985413085,-0.21706140395560924,回撤预警，仓位减半
2024-05-29,5351.2524,趋势上行|波动偏高|价格偏弱,0.75,0.36312529047395947,0.000602670594942456,0.0002188449348485933,0.0067247952082128415,3.3623976041064208e-06,0.00021548253724448688,1.0174480936053245,-0.21689269436042702,回撤预警，仓位减半
2024-05-30,5334.2958,趋势下行|波动偏高|价格偏弱,0.75,0.3843439807908273,-0.0031687161682002474,-0.0012178769860823398,0.02121869031686785,1.0609345158433925e-05,-0.0012284863312407737,1.0161981725295834,-0.21785473098129993,回撤预警，仓位减半
2024-05-31,5355.2099,趋势下行|波动偏高|价格偏弱,0.75,0.43055850151507885,0.003920686213164215,0.0016880847808508135,0.04621452072425153,2.3107260362125764e-05,0.0016649775204886877,1.0178901196432069,-0.21655247669062727,回撤预警，仓位减半
2024-06-03,5284.6236,趋势下行|波动偏高|价格偏弱,0.75,0.0,-0.013180865235553174,-0.0,0.43055850151507885,0.00021527925075753943,-0.00021527925075753943,1.0176709890208966,-0.2167211366864531,回撤硬止损
2024-06-04,5313.708,趋势下行|波动偏低|价格偏弱,0.5,0.0,0.005503589697476219,0.0,0.0,0.0,0.0,1.0176709890208966,-0.2167211366864531,冷静期
2024-06-05,5244.0851,趋势下行|波动偏低|价格偏弱,0.5,0.0,-0.013102507702718924,-0.0,0.0,0.0,-0.0,1.0176709890208966,-0.2167211366864531,冷静期
2024-06-06,5130.8693,趋势下行|波动偏低|价格偏弱,0.5,0.0,-0.021589237749021217,-0.0,0.0,0.0,-0.0,1.0176709890208966,-0.2167211366864531,冷静期
2024-06-07,5153.5867,趋势下行|波动偏低|价格偏弱,0.5,0.0,0.0044275928057648795,0.0,0.0,0.0,0.0,1.0176709890208966,-0.2167211366864531,冷静期
2024-06-11,5198.923,趋势下行|波动偏低|价格偏弱,0.5,0.0,0.008797038381056055,0.0,0.0,0.0,0.0,1.0176709890208966,-0.2167211366864531,回撤硬止损
2024-06-12,5216.4621,趋势下行|波动偏低|价格偏弱,0.5,0.0,0.003373602571147938,0.0,0.0,0.0,0.0,1.0176709890208966,-0.2167211366864531,冷静期
2024-06-13,5180.2357,趋势下行|波动偏低|价格偏弱,0.5,0.0,-0.006944630154602227,-0.0,0.0,0.0,-0.0,1.0176709890208966,-0.2167211366864531,冷静期
2024-06-14,5180.6513,趋势下行|波动偏低|价格偏弱,0.5,0.0,8.022800970231003e-05,0.0,0.0,0.0,0.0,1.0176709890208966,-0.2167211366864531,冷静期
2024-06-17,5183.9678,趋势下行|波动偏低|价格偏弱,0.5,0.0,0.0006401704743186354,0.0,0.0,0.0,0.0,1.0176709890208966,-0.2167211366864531,冷静期
2024-06-18,5227.2542,趋势下行|波动偏低|价格偏弱,0.5,0.425,0.008350051865677166,0.0035487720429127957,0.425,0.0002125,0.0033362720429127956,1.0210662162904505,-0.21410790531297563,强制再入场，防止风控死锁
2024-06-19,5159.9945,趋势下行|波动偏低|价格中性,1.0,0.0,-0.012867118649022347,-0.0,0.425,0.0002125,-0.0002125,1.0208492397194888,-0.2142749073830965,回撤硬止损
2024-06-20,5056.1383,趋势下行|波动偏低|价格偏弱,0.5,0.0,-0.020127191996037963,-0.0,0.0,0.0,-0.0,1.0208492397194888,-0.2142749073830965,冷静期
2024-06-21,5055.3329,趋势下行|波动偏低|价格偏弱,0.5,0.0,-0.00015929152887284026,-0.0,0.0,0.0,-0.0,1.0208492397194888,-0.2142749073830965,冷静期
2024-06-24,4887.777,趋势下行|波动偏低|价格偏弱,0.5,0.0,-0.033144385011717126,-0.0,0.0,0.0,-0.0,1.0208492397194888,-0.2142749073830965,冷静期
2024-06-25,4847.6106,趋势下行|波动偏高|价格偏弱,0.75,0.0,-0.00821772351725536,-0.0,0.0,0.0,-0.0,1.0208492397194888,-0.2142749073830965,冷静期
2024-06-26,4986.3839,趋势下行|波动偏低|价格偏弱,0.5,0.0,0.028627154994668835,0.0,0.0,0.0,0.0,1.0208492397194888,-0.2142749073830965,回撤硬止损
2024-06-27,4864.0855,趋势下行|波动偏高|价格偏弱,0.75,0.0,-0.024526470976292014,-0.0,0.0,0.0,-0.0,1.0208492397194888,-0.2142749073830965,冷静期
2024-06-28,4895.9869,趋势下行|波动偏高|价格偏弱,0.75,0.0,0.006558560699642335,0.0,0.0,0.0,0.0,1.0208492397194888,-0.2142749073830965,冷静期
2024-07-01,4940.2471,趋势下行|波动偏高|价格偏弱,0.5,0.0,0.009040097717581741,0.0,0.0,0.0,0.0,1.0208492397194888,-0.2142749073830965,冷静期
2024-07-02,4905.6497,趋势下行|波动偏高|价格偏弱,0.5,0.0,-0.007003171966843413,-0.0,0.0,0.0,-0.0,1.0208492397194888,-0.2142749073830965,冷静期
2024-07-03,4867.1326,趋势下行|波动偏高|价格偏弱,0.5,0.3335853428479997,-0.007851579781573026,-0.00261917193333446,0.3335853428479997,0.00016679267142399984,-0.00278596460475846,1.0180051898708358,-0.2164639096801978,强制再入场，防止风控死锁
2024-07-04,4761.868,趋势下行|波动偏高|价格偏弱,0.5,0.0,-0.02162764170427567,-0.0,0.3335853428479997,0.00016679267142399984,-0.00016679267142399984,1.0178353940656937,-0.2165945977578594,回撤硬止损
2024-07-05,4810.7939,趋势下行|波动偏高|价格偏弱,0.5,0.0,0.010274518319281167,0.0,0.0,0.0,0.0,1.0178353940656937,-0.2165945977578594,冷静期
2024-07-08,4693.9648,趋势下行|波动偏高|价格偏弱,0.5,0.0,-0.02428478592691319,-0.0,0.0,0.0,-0.0,1.0178353940656937,-0.2165945977578594,冷静期
2024-07-09,4797.0634,趋势下行|波动偏高|价格偏弱,0.5,0.0,0.021964076083399675,0.0,0.0,0.0,0.0,1.0178353940656937,-0.2165945977578594,冷静期
2024-07-10,4777.6817,趋势下行|波动偏高|价格偏弱,0.5,0.0,-0.004040326004446815,-0.0,0.0,0.0,-0.0,1.0178353940656937,-0.2165945977578594,冷静期
2024-07-11,4893.5942,趋势下行|波动偏高|价格偏弱,0.5,0.0,0.024261243690637535,0.0,0.0,0.0,0.0,1.0178353940656937,-0.2165945977578594,回撤硬止损
2024-07-12,4878.0195,趋势下行|波动偏高|价格中性,0.75,0.0,-0.003182670929273046,-0.0,0.0,0.0,-0.0,1.0178353940656937,-0.2165945977578594,冷静期
2024-07-15,4827.6023,趋势下行|波动偏高|价格中性,0.75,0.0,-0.010335588039367405,-0.0,0.0,0.0,-0.0,1.0178353940656937,-0.2165945977578594,冷静期
2024-07-16,4836.7184,趋势下行|波动偏高|价格中性,0.75,0.0,0.001888328705121456,0.0,0.0,0.0,0.0,1.0178353940656937,-0.2165945977578594,冷静期
2024-07-17,4795.6236,趋势下行|波动偏高|价格中性,0.75,0.0,-0.008496421871490356,-0.0,0.0,0.0,-0.0,1.0178353940656937,-0.2165945977578594,冷静期
2024-07-18,4812.4263,趋势下行|波动偏高|价格偏弱,0.5,0.28524127151717166,0.0035037570504907745,0.0009994161161692434,0.28524127151717166,0.00014262063575858585,0.0008567954804106576,1.0187074708311312,-0.21592337954988894,强制再入场，防止风控死锁
2024-07-19,4821.4227,趋势下行|波动偏高|价格中性,0.75,0.0,0.0018694104468675032,0.0,0.28524127151717166,0.00014262063575858585,-0.00014262063575858585,1.0185621821239894,-0.21603520505598084,回撤硬止损
2024-07-22,4826.8713,趋势下行|波动偏高|价格中性,0.75,0.0,0.0011300813761878636,0.0,0.0,0.0,0.0,1.0185621821239894,-0.21603520505598084,冷静期
2024-07-23,4694.9525,趋势下行|波动偏高|价格中性,0.75,0.0,-0.027330084396490872,-0.0,0.0,0.0,-0.0,1.0185621821239894,-0.21603520505598084,冷静期
2024-07-24,4631.0111,趋势下行|波动偏高|价格偏弱,0.5,0.0,-0.013619179320770725,-0.0,0.0,0.0,-0.0,1.0185621821239894,-0.21603520505598084,冷静期
2024-07-25,4632.5667,趋势下行|波动偏高|价格偏弱,0.5,0.0,0.000335909365451581,0.0,0.0,0.0,0.0,1.0185621821239894,-0.21603520505598084,冷静期
2024-07-26,4702.08,趋势下行|波动偏高|价格偏弱,0.5,0.0,0.015005353295830526,0.0,0.0,0.0,0.0,1.0185621821239894,-0.21603520505598084,回撤硬止损
2024-07-29,4685.6457,趋势下行|波动偏高|价格偏弱,0.5,0.0,-0.0034951128011433408,-0.0,0.0,0.0,-0.0,1.0185621821239894,-0.21603520505598084,冷静期
2024-07-30,4702.4914,趋势下行|波动偏高|价格偏弱,0.5,0.0,0.00359517152566613,0.0,0.0,0.0,0.0,1.0185621821239894,-0.21603520505598084,冷静期
2024-07-31,4889.0807,趋势下行|波动偏高|价格偏弱,0.5,0.0,0.0396788179134151,0.0,0.0,0.0,0.0,1.0185621821239894,-0.21603520505598084,冷静期
2024-08-01,4878.289,趋势上行|波动偏高|价格偏强,0.5,0.0,-0.002207306580151336,-0.0,0.0,0.0,-0.0,1.0185621821239894,-0.21603520505598084,冷静期
2024-08-02,4809.8891,趋势上行|波动偏高|价格偏强,0.5,0.3057702950791076,-0.01402128902162203,-0.00428729368153082,0.3057702950791076,0.0001528851475395538,-0.0044401788290703735,1.0140395838868308,-0.21951614894122784,强制再入场，防止风控死锁
2024-08-05,4678.7753,趋势下行|波动偏高|价格中性,0.5,0.0,-0.02725921477066906,-0.0,0.3057702950791076,0.0001528851475395538,-0.0001528851475395538,1.0138845522954374,-0.21963547332994904,回撤硬止损
2024-08-06,4749.9466,趋势下行|波动偏高|价格偏弱,0.75,0.0,0.015211523408700467,0.0,0.0,0.0,0.0,1.0138845522954374,-0.21963547332994904,冷静期
2024-08-07,4743.41,趋势下行|波动偏高|价格中性,0.5,0.0,-0.0013761417865203462,-0.0,0.0,0.0,-0.0,1.0138845522954374,-0.21963547332994904,冷静期
2024-08-08,4739.4933,趋势下行|波动偏高|价格中性,0.5,0.0,-0.0008257139905679667,-0.0,0.0,0.0,-0.0,1.0138845522954374,-0.21963547332994904,冷静期
2024-08-09,4702.7453,趋势下行|波动偏高|价格中性,0.5,0.0,-0.007753571463008591,-0.0,0.0,0.0,-0.0,1.0138845522954374,-0.21963547332994904,冷静期
2024-08-12,4674.1017,趋势下行|波动偏高|价格中性,0.5,0.0,-0.006090825288794455,-0.0,0.0,0.0,-0.0,1.0138845522954374,-0.21963547332994904,回撤硬止损
2024-08-13,4697.5858,趋势下行|波动偏高|价格偏弱,0.75,0.0,0.005024302316742446,0.0,0.0,0.0,0.0,1.0138845522954374,-0.21963547332994904,冷静期
2024-08-14,4649.2784,趋势下行|波动偏高|价格中性,0.5,0.0,-0.01028345240655315,-0.0,0.0,0.0,-0.0,1.0138845522954374,-0.21963547332994904,冷静期
2024-08-15,4691.8503,趋势下行|波动偏高|价格偏弱,0.75,0.0,0.009156668269209245,0.0,0.0,0.0,0.0,1.0138845522954374,-0.21963547332994904,冷静期
2024-08-16,4655.6509,趋势下行|波动偏高|价格中性,0.5,0.0,-0.007715378301818454,-0.0,0.0,0.0,-0.0,1.0138845522954374,-0.21963547332994904,冷静期
2024-08-19,4663.6121,趋势下行|波动偏高|价格偏弱,0.75,0.48305441100640184,0.0017100079389544831,0.000826026877767929,0.48305441100640184,0.00024152720550320092,0.0005844996722647281,1.0144771674839683,-0.21917935051986348,强制再入场，防止风控死锁
2024-08-20,4579.3041,趋势下行|波动偏高|价格中性,0.5,0.0,-0.018077832845489028,-0.0,0.48305441100640184,0.00024152720550320092,-0.00024152720550320092,1.0142321436486592,-0.21936793994933146,回撤硬止损
2024-08-21,4548.2644,趋势下行|波动偏高|价格偏弱,0.75,0.0,-0.006778256984505626,-0.0,0.0,0.0,-0.0,1.0142321436486592,-0.21936793994933146,冷静期
2024-08-22,4491.8392,趋势下行|波动偏高|价格偏弱,0.75,0.0,-0.012405875085010343,-0.0,0.0,0.0,-0.0,1.0142321436486592,-0.21936793994933146,冷静期
2024-08-23,4495.3439,趋势下行|波动偏高|价格偏弱,0.75,0.0,0.0007802371910372585,0.0,0.0,0.0,0.0,1.0142321436486592,-0.21936793994933146,冷静期
2024-08-26,4512.893,趋势下行|波动偏高|价格偏弱,0.75,0.0,0.003903839259105535,0.0,0.0,0.0,0.0,1.0142321436486592,-0.21936793994933146,冷静期
2024-08-27,4459.6801,趋势下行|波动偏高|价格偏弱,0.75,0.0,-0.011791305488519366,-0.0,0.0,0.0,-0.0,1.0142321436486592,-0.21936793994933146,回撤硬止损
2024-08-28,4470.5501,趋势下行|波动偏高|价格偏弱,0.75,0.0,0.0024373945566187327,0.0,0.0,0.0,0.0,1.0142321436486592,-0.21936793994933146,冷静期
2024-08-29,4542.4637,趋势下行|波动偏低|价格偏弱,0.5,0.0,0.016086074060550182,0.0,0.0,0.0,0.0,1.0142321436486592,-0.21936793994933146,冷静期
2024-08-30,4629.3195,趋势下行|波动偏低|价格偏弱,0.5,0.0,0.019120857256382573,0.0,0.0,0.0,0.0,1.0142321436486592,-0.21936793994933146,冷静期
2024-09-02,4532.5145,趋势下行|波动偏低|价格中性,1.0,0.0,-0.020911280804878474,-0.0,0.0,0.0,-0.0,1.0142321436486592,-0.21936793994933146,冷静期
2024-09-03,4572.397,趋势下行|波动偏低|价格偏弱,0.5,0.425,0.008799199649554224,0.0037396598510605447,0.425,0.0002125,0.0035271598510605447,1.0178095025453917,-0.21661452588867014,强制再入场，防止风控死锁
2024-09-04,4550.7697,趋势下行|波动偏低|价格中性,1.0,0.0,-0.0047299698604473805,-0.0,0.425,0.0002125,-0.0002125,1.017593218026101,-0.21678099530191874,回撤硬止损
2024-09-05,4586.7813,趋势下行|波动偏低|价格中性,1.0,0.0,0.007913298710765293,0.0,0.0,0.0,0.0,1.017593218026101,-0.21678099530191874,冷静期
2024-09-06,4508.2281,趋势下行|波动偏低|价格中性,1.0,0.0,-0.017125996393156817,-0.0,0.0,0.0,-0.0,1.017593218026101,-0.21678099530191874,冷静期
2024-09-09,4475.5315,趋势下行|波动偏低|价格偏弱,0.5,0.0,-0.007252649882555917,-0.0,0.0,0.0,-0.0,1.017593218026101,-0.21678099530191874,冷静期
2024-09-10,4487.5755,趋势下行|波动偏低|价格偏弱,0.5,0.0,0.002691077026270472,0.0,0.0,0.0,0.0,1.017593218026101,-0.21678099530191874,冷静期
2024-09-11,4486.0066,趋势下行|波动偏低|价格偏弱,0.5,0.0,-0.00034960971687281184,-0.0,0.0,0.0,-0.0,1.017593218026101,-0.21678099530191874,回撤硬止损
2024-09-12,4468.7439,趋势下行|波动偏低|价格偏弱,0.5,0.0,-0.0038481218462762534,-0.0,0.0,0.0,-0.0,1.017593218026101,-0.21678099530191874,冷静期
2024-09-13,4413.1872,趋势下行|波动偏低|价格偏弱,0.5,0.0,-0.01243228550197295,-0.0,0.0,0.0,-0.0,1.017593218026101,-0.21678099530191874,冷静期
2024-09-18,4399.1332,趋势下行|波动偏低|价格偏弱,0.5,0.0,-0.003184546533625432,-0.0,0.0,0.0,-0.0,1.017593218026101,-0.21678099530191874,冷静期
2024-09-19,4482.2746,趋势下行|波动偏低|价格偏弱,0.5,0.0,0.018899495927970467,0.0,0.0,0.0,0.0,1.017593218026101,-0.21678099530191874,冷静期
2024-09-20,4463.3561,趋势下行|波动偏低|价格中性,1.0,0.8480070424271645,-0.004220736498384059,-0.0035792142748590525,0.8480070424271645,0.0004240035212135822,-0.004003217796072635,1.013519570746536,-0.2199163915597484,强制再入场，防止风控死锁
2024-09-23,4469.1326,趋势下行|波动偏低|价格中性,1.0,0.0,0.0012942054970697114,0.0,0.8480070424271645,0.0004240035212135822,-0.0004240035212135822,1.0130898348797206,-0.22024714975656812,回撤硬止损
2024-09-24,4642.5577,趋势下行|波动偏低|价格中性,1.0,0.0,0.038805091618897336,0.0,0.0,0.0,0.0,1.0130898348797206,-0.22024714975656812,冷静期
2024-09-25,4686.2584,趋势上行|波动偏高|价格偏强,0.5,0.0,0.009413065560821998,0.0,0.0,0.0,0.0,1.0130898348797206,-0.22024714975656812,冷静期
2024-09-26,4874.1321,趋势上行|波动偏高|价格偏强,0.5,0.0,0.04009034158253,0.0,0.0,0.0,0.0,1.0130898348797206,-0.22024714975656812,冷静期
2024-09-27,5136.4408,趋势上行|波动偏高|价格偏强,0.5,0.0,0.05381649381230358,0.0,0.0,0.0,0.0,1.0130898348797206,-0.22024714975656812,冷静期
2024-09-30,5708.8258,趋势上行|波动偏高|价格偏强,0.5,0.1673385935609631,0.11143611350490001,0.018647562505809814,0.1673385935609631,8.366929678048154e-05,0.018563893209029333,1.031896726385581,-0.2057719011152127,回撤预警，仓位减半
2024-10-08,6201.9854,趋势上行|波动偏高|价格偏强,0.75,0.16087956410660198,0.08638547002082286,0.013897656762093915,0.006459029454361109,3.2295147271805547e-06,0.013894427247366736,1.0462343403771412,-0.1947365565774437,回撤预警，仓位减半
2024-10-09,5727.38,趋势上行|波动偏高|价格偏强,0.75,0.14109368616498077,-0.07652475286381677,-0.010797159464420078,0.019785877941621205,9.892938970810602e-06,-0.010807052403390888,1.0349276310344584,-0.20343908080904627,回撤预警，仓位减半
2024-10-10,5654.5298,趋势上行|波动偏高|价格偏强,0.75,0.1235048049972252,-0.012719637949638374,-0.0015709364046053928,0.017588881167755574,8.794440583877787e-06,-0.0015797308451892707,1.0332927239331746,-0.20469743266316454,回撤预警，仓位减半
2024-10-11,5416.7576,趋势上行|波动偏高|价格偏强,0.75,0.12228148900750357,-0.042049862395278303,-0.005141919786255261,0.0012233159897216267,6.116579948608133e-07,-0.0051425314442501225,1.0279789836092335,-0.20878730112338695,回撤预警，仓位减半
2024-10-14,5615.7563,趋势上行|波动偏高|价格偏强,0.75,0.11749056926040287,0.03673760479885613,0.004316322101081314,0.004790919747100705,2.3954598735503527e-06,0.004313926641207764,1.032413609533227,-0.20537406758284127,回撤预警，仓位减半
2024-10-15,5507.1758,趋势上行|波动偏高|价格偏强,0.75,0.11626962317097503,-0.01933497363480674,-0.002248070098539717,0.0012209460894278407,6.104730447139203e-07,-0.002248680571584431,1.0300920411076302,-0.20716092747874493,回撤预警，仓位减半
2024-10-16,5524.2546,趋势上行|波动偏高|价格偏强,0.75,0.11604734436248654,0.0031011902688853343,0.0003598848950669286,0.0002222788084884908,1.111394042442454e-07,0.00035977375566268436,1.0304626411899378,-0.2068756847879878,回撤预警，仓位减半
2024-10-17,5505.6149,趋势上行|波动偏高|价格偏强,0.75,0.11652097693700134,-0.0033741565785184724,-0.00039316002086738224,0.00047363257451479845,2.3681628725739923e-07,-0.0003933968371546396,1.0300572604460876,-0.2071876973850627,回撤预警，仓位减半
2024-10-18,5749.4341,趋势上行|波动偏高|价格中性,1.0,0.1550359404881179,0.04428555291798575,0.006865852346676234,0.038514963551116554,1.925748177555828e-05,0.0068465948649006755,1.0371096451960113,-0.2017596327451493,回撤预警，仓位减半
2024-10-21,5860.5711,趋势上行|波动偏高|价格偏强,0.75,0.11479890386429988,0.019330076328729406,0.0022190715741513857,0.040237036623818015,2.0118518311909007e-05,0.0021989530558394767,1.0393902006195557,-0.20000433965027986,回撤预警，仓位减半
2024-10-22,5888.8148,趋势上行|波动偏高|价格偏强,0.75,0.11527790894278722,0.004819274353654812,0.0005555558701109292,0.0004790050784873462,2.395025392436731e-07,0.0005553163675716855,1.0399673910102534,-0.19956008896610133,回撤预警，仓位减半
2024-10-23,5903.5783,趋势上行|波动偏高|价格偏强,0.75,0.11638288524434624,0.002507040975375796,0.0002917766621400351,0.0011049763015590214,5.524881507795107e-07,0.0002912241739892556,1.040270254654676,-0.1993269815141825,回撤预警，仓位减半
2024-10-24,5861.6319,趋势上行|波动偏高|价格偏强,0.75,0.1166968028332884,-0.007105250048093703,-0.0008291599639436038,0.0003139175889421558,1.5695879447107792e-07,-0.0008293169227380748,1.03940754092827,-0.19999099319799252,回撤预警，仓位减半
2024-10-25,5974.9086,趋势上行|波动偏高|价格偏强,0.75,0.11587883240131866,0.019325113199277988,0.002239371553555645,0.000817970431969739,4.0898521598486947e-07,0.00223896256833966,1.0417347355056583,-0.19819980297742812,回撤预警，仓位减半
2024-10-28,6082.0877,趋势上行|波动偏高|价格偏强,0.75,0.11647787572672084,0.017938199088100015,0.0020894033241448907,0.0005990433254021849,2.995216627010924e-07,0.0020891038024821898,1.043911027502781,-0.1965247591369973,回撤预警，仓位减半
2024-10-29,5983.8364,趋势上行|波动偏高|价格偏强,0.75,0.11684501787151784,-0.01615420639199261,-0.0018875385345725642,0.0003671421447969947,1.8357107239849734e-07,-0.0018877221056449627,1.0419404135798376,-0.19804149711051278,回撤预警，仓位减半
2024-10-30,6019.3472,趋势上行|波动偏高|价格偏强,0.75,0.11614795116000397,0.005934453689275365,0.0006892746372632605,0.0006970667115138718,3.485333557569359e-07,0.0006889261039075036,1.042658233529469,-0.19748900696362148,回撤预警，仓位减半
2024-10-31,6116.6632,趋势上行|波动偏高|价格偏强,0.75,0.11607800509770703,0.01616720165269747,0.0018766565158574748,6.994606229693279e-05,3.497303114846639e-08,0.0018766215428263264,1.0446149084323155,-0.19598299754573456,回撤预警，仓位减半
2024-11-01,5930.2319,趋势上行|波动偏高|价格偏强,1.0,0.15647918947639194,-0.030479248881972176,-0.004769368160900232,0.04040118437868491,2.0200592189342454e-05,-0.004789568753089574,1.0396116535078765,-0.19983389225764225,回撤预警，仓位减半
2024-11-04,6053.1116,趋势上行|波动偏高|价格中性,1.0,0.15710271523061914,0.020720892887848175,0.003255308534683773,0.0006235257542271944,3.1176287711359716e-07,0.0032549967718066594,1.0429955860839772,-0.19722935416003184,回撤预警，仓位减半
2024-11-05,6266.5423,趋势上行|波动偏高|价格偏强,1.0,0.19258131629008102,0.03525966711071371,0.006790353104131324,0.03547860105946188,1.773930052973094e-05,0.0067726138036015935,1.050059392387385,-0.19179249860288994,回撤预警，仓位减半
2024-11-06,6293.1933,趋势上行|波动偏高|价格偏强,1.0,0.22621644748262323,0.004252903550974185,0.0009620767327876137,0.03363513119254222,1.6817565596271107e-05,0.0009452591671913425,1.0510519706541346,-0.19102853305320155,回撤预警，仓位减半
2024-11-07,6403.9175,趋势上行|波动偏高|价格偏强,1.0,0.29203747898261506,0.017594279203214658,0.005138188943023062,0.06582103149999183,3.2910515749995915e-05,0.0051052784272730654,1.056417883605858,-0.18689850847471856,回撤预警，仓位减半
2024-11-08,6423.1217,趋势上行|波动偏高|价格偏强,1.0,0.2951514780631707,0.002998820643770106,0.0008851063454550959,0.0031139990805556517,1.5569995402778259e-06,0.0008835493459148181,1.0573512809359304,-0.1861800931837192,回撤预警，仓位减半
2024-11-11,6579.0054,趋势上行|波动偏高|价格偏强,1.0,0.34394440908578366,0.024269149376385135,0.0083472382412754,0.04879293102261295,2.4396465511306475e-05,0.008322841775764095,1.0661514483485617,-0.1794067988653203,回撤预警，仓位减半
2024-11-12,6491.9723,趋势上行|波动偏高|价格偏强,1.0,0.3587191737264119,-0.013228914510390877,-0.0047454652824647555,0.014774764640628213,7.387382320314106e-06,-0.00475285266478507,1.0610841875962138,-0.1833069574480377,回撤预警，仓位减半
2024-11-13,6474.3941,趋势上行|波动偏高|价格偏强,1.0,0.3676013788444591,-0.002707682532779754,-0.0009953478325228947,0.008882205118047215,4.441102559023608e-06,-0.0009997889350819183,1.0600233273662647,-0.18412347811533958,回撤预警，仓位减半
2024-11-14,6272.1911,趋势上行|波动偏高|价格偏强,1.0,0.36475309015543567,-0.031231185015444196,-0.011391671243599409,0.002848288689023426,1.424144344511713e-06,-0.01139309538794392,1.0479463804841351,-0.19341883715395547,回撤预警，仓位减半
2024-11-15,6125.5126,趋势上行|波动偏高|价格中性,1.0,0.3293012133487567,-0.023385527905870118,-0.00770088271420424,0.03545187680667894,1.772593840333947e-05,-0.007718608652607579,1.0398576924842615,-0.19964452149652911,回撤预警，仓位减半
2024-11-18,5974.5576,趋势上行|波动偏高|价格中性,1.0,0.3468122880209341,-0.024643651863519134,-0.008546721287978428,0.017511074672177385,8.755537336088693e-06,-0.008555476825314516,1.0309612140945874,-0.20649194424487916,回撤预警，仓位减半
2024-11-19,6130.2848,趋势上行|波动偏高|价格偏弱,0.75,0.2521462035493615,0.026065059612112584,0.006572205826481981,0.0946660844715726,4.73330422357863e-05,0.006524872784246195,1.0376881048620465,-0.2013144051278024,回撤预警，仓位减半
2024-11-20,6250.8029,趋势上行|波动偏高|价格中性,1.0,0.32322369017237557,0.01965946182467726,0.006354403797775128,0.07107748662301405,3.553874331150703e-05,0.006318865054463621,1.044245115965292,-0.19626761863286102,回撤预警，仓位减半
2024-11-21,6262.1644,趋势上行|波动偏高|价格中性,1.0,0.3173294343889297,0.0018176065029982258,0.0005767800435380674,0.005894255783445879,2.9471278917229394e-06,0.0005738329156463445,1.0448443381848358,-0.19580641053706171,回撤预警，仓位减半
2024-11-22,6030.4882,趋势上行|波动偏高|价格中性,1.0,0.3194435711039839,-0.03699618617486311,-0.011818193828926111,0.0021141367150542267,1.0570683575271134e-06,-0.011819250897283638,1.0324950608032228,-0.20531137634091134,回撤预警，仓位减半
2024-11-25,6052.1287,趋势上行|波动偏高|价格偏弱,0.75,0.2228661823398995,0.003588515437274342,0.0007997587357731277,0.09657738876408442,4.828869438204221e-05,0.0007514700413910855,1.0332709499093007,-0.2047141916479973,回撤预警，仓位减半
2024-11-26,5981.5699,趋势下行|波动偏高|价格偏弱,0.75,0.22660475792925636,-0.011658509509224424,-0.002641873725153734,0.003738575589356863,1.8692877946784315e-06,-0.0026437430129484124,1.0305392470549954,-0.20681672294712483,回撤预警，仓位减半
2024-11-27,6118.6636,趋势下行|波动偏高|价格偏弱,0.75,0.2282334794001403,0.022919350988442,0.005230963221685162,0.0016287214708839426,8.143607354419713e-07,0.005230148860949721,1.0359291207241441,-0.20266825633412244,回撤预警，仓位减半
2024-11-28,6086.0852,趋势上行|波动偏高|价格中性,1.0,0.2964472670868589,-0.005324430648548706,-0.0015784129145557757,0.06821378768671862,3.410689384335931e-05,-0.001612519808399135,1.034258664496879,-0.20395396956464906,回撤预警，仓位减半
2024-11-29,6189.1276,趋势下行|波动偏高|价格中性,0.5,0.1499552471808822,0.016930817859730052,0.002538864977130315,0.1464920199059767,7.324600995298835e-05,0.0024656189671773267,1.03680875227703,-0.20199122337326136,回撤预警，仓位减半
2024-12-02,6313.6077,趋势上行|波动偏高|价格中性,1.0,0.31332268029195626,0.020112705383550367,0.006301766758696459,0.16336743311107405,8.168371655553702e-05,0.006220083042140922,1.0432577888150114,-0.197027542514286,回撤预警，仓位减半
2024-12-03,6303.2758,趋势上行|波动偏高|价格中性,1.0,0.3137424561224301,-0.0016364494740461755,-0.000513423677307506,0.00041977583047386746,2.0988791523693374e-07,-0.000513633565222743,1.042721936597496,-0.19743997612039998,回撤预警，仓位减半
2024-12-04,6204.9448,趋势上行|波动偏高|价格中性,1.0,0.338056415842598,-0.01559998374178706,-0.005273674590951334,0.024313959720167866,1.2156979860083933e-05,-0.005285831570811418,1.0372102840654513,-0.20168217323209392,回撤预警，仓位减半
2024-12-05,6285.6007,趋势下行|波动偏高|价格中性,0.5,0.1664090567595752,0.012998649077426094,0.0021630929321231986,0.17164735908302278,8.58236795415114e-05,0.0020772692525816874,1.039364849097002,-0.2000238521567611,回撤预警，仓位减半
2024-12-06,6349.6211,趋势下行|波动偏高|价格中性,0.5,0.1681058758982557,0.010185247688418997,0.0017121999839023597,0.0016968191386804998,8.484095693402499e-07,0.0017113515743330196,1.0411435677678105,-0.19865481171672084,回撤预警，仓位减半
2024-12-09,6303.2721,趋势下行|波动偏高|价格中性,0.5,0.1669073709198515,-0.00729949067354585,-0.0012183387973755137,0.0011985049784042079,5.992524892021039e-07,-0.0012189380498647158,1.0398744782576863,-0.19963160185779538,回撤预警，仓位减半
2024-12-10,6362.0203,趋势下行|波动偏高|价格中性,0.5,0.17441260611642134,0.009320270340225312,0.0016255726397482817,0.007505235196569843,3.7526175982849215e-06,0.0016218200221499968,1.0415609675070474,-0.19833354836459227,回撤预警，仓位减半
2024-12-11,6447.3744,趋势下行|波动偏高|价格偏强,0.75,0.262105811212014,0.013416194223712097,0.0035164624703839954,0.08769320509559264,4.384660254779632e-05,0.0034726158678361992,1.0451779086501312,-0.1955496687239312,回撤预警，仓位减半
2024-12-12,6490.1455,趋势下行|波动偏高|价格偏强,0.75,0.25847886752013993,0.006633878746052035,0.001714717465545456,0.0036269436918740516,1.8134718459370259e-06,0.0017129039936995191,1.0469681980639847,-0.19417172253875536,回撤预警，仓位减半
2024-12-13,6354.9883,趋势上行|波动偏高|价格偏强,1.0,0.3731739587226661,-0.02082498766784191,-0.007771343088359268,0.11469509120252619,5.7347545601263094e-05,-0.007828690633960531,1.0387718079377466,-0.20048030282709683,回撤预警，仓位减半
2024-12-16,6277.5162,趋势上行|波动偏高|价格偏强,1.0,0.3771961515960649,-0.01219075415134907,-0.004598305550942622,0.004022192873398778,2.011096436699389e-06,-0.004600316647379321,1.0339931286968622,-0.20415834659990895,回撤预警，仓位减半
2024-12-17,6143.9436,趋势上行|波动偏高|价格中性,1.0,0.395598018846636,-0.021277937920733736,-0.008417510086583976,0.01840186725057108,9.20093362528554e-06,-0.008426711020209261,1.0252799674044517,-0.21086467423095712,回撤预警，仓位减半
2024-12-18,6195.8677,趋势上行|波动偏高|价格中性,1.0,0.3991706190457861,0.008451265731020063,0.003373496973571717,0.003572600199150122,1.786300099575061e-06,0.0033717106734721418,1.0287369148138463,-0.20820393823024785,回撤预警，仓位减半
2024-12-19,6207.1862,趋势下行|波动偏低|价格中性,0.75,0.30916996885358783,0.0018267820663764311,0.0005647861545638941,0.09000065019219827,4.500032509609914e-05,0.0005197858294677949,1.029271637684417,-0.20779237385751137,回撤预警，仓位减半
2024-12-20,6271.7532,趋势下行|波动偏低|价格中性,0.75,0.3091686893990204,0.010401975697136301,0.003215965193444092,1.2794545674044144e-06,6.397272837022072e-10,0.003215964553716808,1.0325817387873564,-0.20524466221265292,回撤预警，仓位减半
2024-12-23,6096.3813,趋势上行|波动偏低|价格中性,0.5,0.2433171806153709,-0.027962181292465416,-0.006803679115938552,0.06585150878364954,3.2925754391824766e-05,-0.006836604870330377,1.0255223854429485,-0.21067809042569097,回撤预警，仓位减半
2024-12-24,6164.3605,趋势上行|波动偏低|价格偏弱,0.75,0.3266028014426893,0.011150746099165332,0.003641864914163537,0.08328562082731839,4.164281041365919e-05,0.0036002221037498778,1.0292144938029104,-0.20783635623986751,回撤预警，仓位减半
2024-12-25,6094.6866,趋势上行|波动偏低|价格偏弱,0.75,0.3288921421334125,-0.011302697173534826,-0.0037173682852891356,0.0022893406907232294,1.1446703453616148e-06,-0.003718512955634497,1.0253873463735774,-0.2107820270121723,回撤预警，仓位减半
2024-12-26,6160.4518,趋势下行|波动偏低|价格偏弱,0.5,0.22888627202125586,0.010790579453256788,0.0024698155040051074,0.10000587011215664,5.000293505607832e-05,0.002419812568949029,1.0278685915623735,-0.2088722674414959,回撤预警，仓位减半
2024-12-27,6171.5653,趋势上行|波动偏低|价格偏弱,0.75,0.33989378080934807,0.0018040072969973675,0.0006131708607840877,0.11100750878809221,5.55037543940461e-05,0.0005576671063900416,1.0284418000655793,-0.20843108152809509,回撤预警，仓位减半
2024-12-30,6145.928,趋势下行|波动偏低|价格偏弱,0.5,0.23491106965988232,-0.004154100095157487,-0.0009758440968276642,0.10498271114946575,5.249135557473288e-05,-0.001028335452402397,1.0273842169018392,-0.20924507990997965,回撤预警，仓位减半
2024-12-31,5957.7172,趋势下行|波动偏低|价格偏弱,0.5,0.24964409429359194,-0.030623658461342185,-0.007645015480538063,0.014733024633709624,7.366512316854812e-06,-0.007652381992854918,1.0195222804206763,-0.21529623862123792,回撤预警，仓位减半
2025-01-02,5797.089,趋势下行|波动偏低|价格偏弱,0.5,0.22301616822170545,-0.026961367014869397,-0.006012820761675254,0.026627926071886493,1.3313963035943247e-05,-0.006026134724711197,1.0133785018040165,-0.220024969206294,回撤预警，仓位减半
2025-01-03,5625.209,趋势下行|波动偏低|价格偏弱,0.5,0.21241217471391832,-0.029649363672008544,-0.006297885816455182,0.010603993507787124,5.301996753893562e-06,-0.006303187813209076,1.0069909867812774,-0.2249412983150001,回撤预警，仓位减半
2025-01-06,5608.0344,趋势下行|波动偏低|价格偏弱,0.5,0.0,-0.0030531487807831104,-0.0,0.21241217471391832,0.00010620608735695916,-0.00010620608735695916,1.0068840382085675,-0.2250236142671782,回撤硬止损
2025-01-07,5692.041,趋势下行|波动偏低|价格偏弱,0.5,0.0,0.014979687000493458,0.0,0.0,0.0,0.0,1.0068840382085675,-0.2250236142671782,冷静期
2025-01-08,5661.7793,趋势下行|波动偏高|价格偏弱,0.75,0.0,-0.005316493679507928,-0.0,0.0,0.0,-0.0,1.0068840382085675,-0.2250236142671782,冷静期
2025-01-09,5672.7796,趋势下行|波动偏低|价格偏弱,0.5,0.0,0.001942905121716798,0.0,0.0,0.0,0.0,1.0068840382085675,-0.2250236142671782,冷静期
2025-01-10,5544.9158,趋势下行|波动偏低|价格偏弱,0.5,0.0,-0.02253988503272719,-0.0,0.0,0.0,-0.0,1.0068840382085675,-0.2250236142671782,冷静期
2025-01-13,5559.4725,趋势下行|波动偏低|价格偏弱,0.5,0.0,0.002625233732133525,0.0,0.0,0.0,0.0,1.0068840382085675,-0.2250236142671782,回撤硬止损
2025-01-14,5811.0545,趋势下行|波动偏低|价格偏弱,0.5,0.0,0.04525285447495242,0.0,0.0,0.0,0.0,1.0068840382085675,-0.2250236142671782,冷静期
2025-01-15,5775.5709,趋势下行|波动偏高|价格中性,0.5,0.0,-0.006106223922009435,-0.0,0.0,0.0,-0.0,1.0068840382085675,-0.2250236142671782,冷静期
2025-01-16,5801.3051,趋势下行|波动偏高|价格中性,0.5,0.0,0.0044556980505598975,0.0,0.0,0.0,0.0,1.0068840382085675,-0.2250236142671782,冷静期
2025-01-17,5841.5718,趋势下行|波动偏高|价格中性,0.5,0.0,0.006940972644241761,0.0,0.0,0.0,0.0,1.0068840382085675,-0.2250236142671782,冷静期
2025-01-20,5879.1495,趋势下行|波动偏高|价格中性,0.5,0.25871070454505124,0.006432806321065909,0.0016642358555248205,0.25871070454505124,0.00012935535227252563,0.0015348805032522948,1.0084294848878497,-0.22383411812223608,强制再入场，防止风控死锁
2025-01-21,5908.0234,趋势下行|波动偏高|价格中性,0.5,0.0,0.004911237586320949,0.0,0.25871070454505124,0.00012935535227252563,-0.00012935535227252563,1.00829903913659,-0.2239345193333082,回撤硬止损
2025-01-22,5855.7393,趋势下行|波动偏高|价格中性,0.5,0.0,-0.00884967720337737,-0.0,0.0,0.0,-0.0,1.00829903913659,-0.2239345193333082,冷静期
2025-01-23,5829.0329,趋势下行|波动偏高|价格中性,0.5,0.0,-0.00456072216193093,-0.0,0.0,0.0,-0.0,1.00829903913659,-0.2239345193333082,冷静期
2025-01-24,5938.1301,趋势下行|波动偏高|价格中性,0.5,0.0,0.018716175027936544,0.0,0.0,0.0,0.0,1.00829903913659,-0.2239345193333082,冷静期
2025-01-27,5846.0686,趋势下行|波动偏高|价格偏强,0.5,0.0,-0.015503449478144748,-0.0,0.0,0.0,-0.0,1.00829903913659,-0.2239345193333082,冷静期
2025-02-05,5881.4366,趋势下行|波动偏高|价格中性,0.75,0.0,0.006049877690453398,0.0,0.0,0.0,0.0,1.00829903913659,-0.2239345193333082,回撤硬止损
2025-02-06,6041.8337,趋势下行|波动偏高|价格偏强,0.75,0.0,0.027271755339503212,0.0,0.0,0.0,0.0,1.00829903913659,-0.2239345193333082,冷静期
2025-02-07,6134.0545,趋势上行|波动偏高|价格偏强,0.75,0.0,0.015263710419570087,0.0,0.0,0.0,0.0,1.00829903913659,-0.2239345193333082,冷静期
2025-02-10,6210.5471,趋势上行|波动偏低|价格偏强,1.0,0.0,0.012470153305615295,0.0,0.0,0.0,0.0,1.00829903913659,-0.2239345193333082,冷静期
2025-02-11,6190.1739,趋势上行|波动偏低|价格偏强,1.0,0.0,-0.0032804195301892047,-0.0,0.0,0.0,-0.0,1.00829903913659,-0.2239345193333082,冷静期
2025-02-12,6284.6107,趋势上行|波动偏低|价格偏强,1.0,0.31857079754443657,0.015255920354676933,0.004860090714663834,0.31857079754443657,0.00015928539877221827,0.0047008053158916156,1.0130388566197717,-0.22028638659631028,回撤预警，仓位减半
2025-02-13,6212.4968,趋势上行|波动偏低|价格偏强,1.0,0.31836751423845466,-0.011474680523966274,-0.003653165515095551,0.00020328330598190503,1.0164165299095251e-07,-0.003653267156748542,1.0093379550363726,-0.22313488873182774,回撤预警，仓位减半
2025-02-14,6248.8345,趋势上行|波动偏低|价格偏强,1.0,0.3125359419289691,0.005849129773394912,0.0018280632831927566,0.005831572309485555,2.9157861547427777e-06,0.0018251474970380139,1.0111801456786729,-0.22171699531846034,回撤预警，仓位减半
2025-02-17,6281.5658,趋势上行|波动偏低|价格偏强,1.0,0.3127971642830319,0.005237984779401739,0.0016384267855545462,0.0002612223540627845,1.3061117703139224e-07,0.0016382961743775148,1.0128367582429447,-0.2204419372493075,回撤预警，仓位减半
2025-02-18,6142.138,趋势上行|波动偏低|价格偏强,1.0,0.34463272136819967,-0.022196344739396134,-0.007649586691964813,0.031835557085167776,1.5917778542583887e-05,-0.007665504470507396,1.0050728535447393,-0.22641764306434298,回撤预警，仓位减半
2025-02-19,6288.529,趋势上行|波动偏低|价格中性,0.5,0.15682658238707492,0.023833883250425236,0.003737786455176738,0.18780613898112475,9.390306949056238e-05,0.003643883385686176,1.0087352218171752,-0.2235987991664451,回撤预警，仓位减半
2025-02-20,6334.4143,趋势上行|波动偏低|价格偏强,1.0,0.37126250460987903,0.007296666676738006,0.002708978745709195,0.2144359222228041,0.00010721796111140205,0.002601760784597793,1.0113597095593418,-0.22157878896900163,回撤预警，仓位减半
2025-02-21,6449.2279,趋势上行|波动偏低|价格偏强,1.0,0.5,0.018125369538901204,0.009062684769450602,0.12873749539012097,6.436874769506049e-05,0.008998316021755541,1.0204602438376276,-0.21457430891410711,回撤预警，仓位减半
2025-02-24,6464.0235,趋势上行|波动偏低|价格偏强,1.0,0.4969339140579507,0.002294166096999062,0.0011400489380807958,0.0030660859420493236,1.5330429710246619e-06,0.0011385158951097711,1.0216220540455643,-0.2136800892803783,回撤预警，仓位减半
2025-02-25,6435.4284,趋势上行|波动偏低|价格偏强,1.0,0.4964715680585628,-0.004423730823379657,-0.002196256578552295,0.0004623459993878809,2.3117299969394045e-07,-0.002196487751551989,1.0193780737171378,-0.21540723133307538,回撤预警，仓位减半
2025-02-26,6524.4057,趋势上行|波动偏低|价格偏强,1.0,0.49020788534044013,0.013826165791853251,0.006777695495190714,0.006263682718122665,3.1318413590613324e-06,0.006774563653831653,1.0262839153648549,-0.21009195767940536,回撤预警，仓位减半
2025-02-27,6499.5301,趋势上行|波动偏低|价格偏强,1.0,0.48442000069514735,-0.0038126997528679096,-0.0018469480169346609,0.005787884645292785,2.8939423226463924e-06,-0.0018498419592573073,1.024385452316102,-0.21155316272004476,回撤预警，仓位减半
2025-02-28,6270.4186,趋势上行|波动偏低|价格偏强,1.0,0.4927972822814886,-0.03525047141484894,-0.01737133651237886,0.008377281586341268,4.188640793170634e-06,-0.01737552515317203,1.0065862171228401,-0.22525284057314154,回撤预警，仓位减半
2025-03-03,6273.6699,趋势上行|波动偏低|价格中性,0.5,0.20453529385691244,0.0005185140271177779,0.00010605441890546577,0.2882619884245762,0.0001441309942122881,-3.8076575306822315e-05,1.006547889766941,-0.22528234029170113,回撤预警，仓位减半
2025-03-04,6357.6277,趋势上行|波动偏低|价格中性,0.5,0.20956958515209662,0.013382565761070664,0.002804578754818231,0.005034291295184179,2.5171456475920897e-06,0.002802061609170639,1.0093682989666488,-0.223111533679486,回撤预警，仓位减半
2025-03-05,6398.237,趋势上行|波动偏低|价格中性,0.5,0.21597474662606872,0.006387492617725865,0.0013795370996892281,0.006405161473972104,3.202580736986052e-06,0.0013763345189522422,1.0107575273988527,-0.22204227526591325,回撤预警，仓位减半
2025-03-06,6534.9711,趋势上行|波动偏低|价格中性,0.5,0.215942776747889,0.02137059005472919,0.004614824557159042,3.1969878179716194e-05,1.5984939089858097e-08,0.004614808572219952,1.0154219799007287,-0.2184521492889857,回撤预警，仓位减半
2025-03-07,6507.7645,趋势上行|波动偏低|价格偏强,1.0,0.4442511449913944,-0.004163231877184481,-0.001849520528303878,0.2283083682435054,0.0001141541841217527,-0.0019636747124256305,1.0134280214363565,-0.2199868550399775,回撤预警，仓位减半
2025-03-10,6520.9725,趋势上行|波动偏低|价格偏强,1.0,0.44853478865180996,0.0020295755938923854,0.0009103352600593927,0.004283643660415559,2.1418218302077795e-06,0.0009081934382291849,1.0143484101155424,-0.21927845221999243,回撤预警，仓位减半
2025-03-11,6551.7341,趋势上行|波动偏低|价格偏强,1.0,0.4538157523669728,0.004717333189182993,0.002140800110414771,0.005280963715162845,2.6404818575814226e-06,0.0021381596285571895,1.0165172489353427,-0.21760914492538452,回撤预警，仓位减半
2025-03-12,6566.9679,趋势上行|波动偏低|价格偏强,1.0,0.4556985746115093,0.002325155411908364,0.0010595700069568783,0.0018828222445365084,9.414111222682542e-07,0.00105862859583461,1.0175933631632248,-0.216780883593083,回撤预警，仓位减半
2025-03-13,6466.8509,趋势上行|波动偏低|价格偏强,1.0,0.4653499889862001,-0.015245544294498425,-0.007094513869533468,0.009651414374690803,4.8257071873454016e-06,-0.007099339576720813,1.0103691223271116,-0.22234122206343498,回撤预警，仓位减半
2025-03-14,6571.1707,趋势上行|波动偏低|价格中性,0.5,0.22909889899350383,0.01613146825450995,0.003695701616256889,0.23625108999269628,0.00011812554499634812,0.0035775760712605407,1.0139837947222896,-0.21955908862788343,回撤预警，仓位减半
2025-03-17,6589.5655,趋势上行|波动偏低|价格偏强,1.0,0.44798326525535054,0.0027993185445631674,0.0012540478620832632,0.2188843662618467,0.00010944218313092335,0.0011446056789523398,1.0151444063320945,-0.21866579152864007,回撤预警，仓位减半
2025-03-18,6611.9263,趋势上行|波动偏低|价格偏强,1.0,0.44838022337624667,0.003393364858426562,0.0015215176932184074,0.00039695812089612925,1.9847906044806462e-07,0.0015213192141579593,1.0166887650225924,-0.21747713278461367,回撤预警，仓位减半
2025-03-19,6564.6767,趋势上行|波动偏低|价格偏强,1.0,0.4891459459080469,-0.007146117161045851,-0.0034954942383094993,0.04076572253180022,2.038286126590011e-05,-0.0035158770995753993,1.013114212276254,-0.22022838701335024,回撤预警，仓位减半
2025-03-20,6535.0624,趋势上行|波动偏低|价格偏强,1.0,0.5,-0.004511158942526516,-0.002255579471263258,0.010854054091953114,5.427027045976557e-06,-0.002261006498309235,1.010823554458768,-0.2219914556975101,回撤预警，仓位减半
2025-03-21,6405.611,趋势上行|波动偏低|价格中性,0.5,0.2569855100311269,-0.019808747350293032,-0.005090561040892789,0.2430144899688731,0.00012150724498443655,-0.005212068285877225,1.0055550730679559,-0.22604648935741056,回撤预警，仓位减半
2025-03-24,6360.3412,趋势下行|波动偏低|价格偏弱,0.5,0.2522395704962734,-0.007067210294224857,-0.0017826300892221198,0.004745939534853527,2.3729697674267637e-06,-0.0017850030589895466,1.003760154186547,-0.22742799874142328,回撤预警，仓位减半
2025-03-25,6310.7641,趋势下行|波动偏低|价格偏弱,0.5,0.2508426237067311,-0.007794723339684895,-0.0019552488535946526,0.001396946789542275,6.984733947711374e-07,-0.001955947326989424,1.0017968521960274,-0.22893910888219182,回撤预警，仓位减半
2025-03-26,6334.9077,趋势下行|波动偏低|价格偏弱,0.5,0.2494582320882983,0.00382578077985829,0.0009543725097008401,0.0013843916184328176,6.921958092164088e-07,0.0009536803138916237,1.0027522461324854,-0.22820376328952108,回撤预警，仓位减半
2025-03-27,6328.7665,趋势下行|波动偏低|价格偏弱,0.5,0.25749761799132403,-0.0009694221748487442,-0.0002496239008515205,0.008039385903025748,4.0196929515128736e-06,-0.00025364359380303334,1.0024979044490823,-0.228399524460684,回撤预警，仓位减半
2025-03-28,6268.3214,趋势下行|波动偏低|价格偏弱,0.5,0.25775433533120035,-0.009550850074813155,-0.00246177301288141,0.0002567173398763112,1.283586699381556e-07,-0.002461901371551348,1.0000298534831418,-0.23029912872970382,回撤预警，仓位减半
2025-03-31,6226.6488,趋势下行|波动偏低|价格偏弱,0.5,0.2125,-0.006648127519434444,-0.0014127270978798192,0.04525433533120035,2.2627167665600176e-05,-0.0014353542655454194,0.998594456367272,-0.23140392215847572,回撤预警，仓位减半
2025-04-01,6259.4838,趋势下行|波动偏低|价格偏弱,0.5,0.2875,0.005273302069003893,0.0015160743448386193,0.07499999999999998,3.749999999999999e-05,0.0014785743448386193,1.0000709525113547,-0.23026749571623562,回撤预警，仓位减半
2025-04-02,6277.2533,趋势下行|波动偏低|价格偏弱,0.5,0.2875,0.0028388123634093265,0.0008161585544801813,0.0,0.0,0.0008161585544801813,1.000887168974334,-0.229639271948203,回撤预警，仓位减半
2025-04-03,6203.257,趋势下行|波动偏低|价格偏弱,0.5,0.2875,-0.011788006069470058,-0.0033890517449726414,0.0,0.0,-0.0033890517449726414,0.9974951105678008,-0.23225006431786532,回撤预警，仓位减半
2025-04-07,5496.4427,趋势下行|波动偏低|价格偏弱,0.5,0.2875,-0.11394244990978131,-0.032758454349062126,0.0,0.0,-0.032758454349062126,0.9648187125248529,-0.25740036553740386,回撤预警，仓位减半
2025-04-08,5530.0189,趋势下行|波动偏高|价格偏弱,0.75,0.0,0.006108714641926527,0.0,0.2875,0.00014375,-0.00014375,0.9646800198349275,-0.25750711423485784,回撤硬止损
2025-04-09,5652.3303,趋势下行|波动偏高|价格偏弱,0.75,0.0,0.02211771825951625,0.0,0.0,0.0,0.0,0.9646800198349275,-0.25750711423485784,冷静期
2025-04-10,5784.5853,趋势下行|波动偏高|价格偏弱,0.75,0.0,0.02339831414310667,0.0,0.0,0.0,0.0,0.9646800198349275,-0.25750711423485784,冷静期
2025-04-11,5862.1876,趋势下行|波动偏高|价格偏弱,0.75,0.0,0.013415360993985326,0.0,0.0,0.0,0.0,0.9646800198349275,-0.25750711423485784,冷静期
2025-04-14,5938.5262,趋势下行|波动偏高|价格偏弱,0.75,0.0,0.013022203520064668,0.0,0.0,0.0,0.0,0.9646800198349275,-0.25750711423485784,冷静期
2025-04-15,5914.0286,趋势下行|波动偏高|价格中性,0.75,0.174655478340653,-0.004125198605674396,-0.0007204885357242564,0.174655478340653,8.73277391703265e-05,-0.000807816274894583,0.9639007356148392,-0.25810691207197234,回撤预警，仓位减半
2025-04-16,5835.348,趋势下行|波动偏高|价格中性,0.75,0.1749944247609276,-0.01330406146497154,-0.0023281365830467183,0.00033894642027459954,1.6947321013729977e-07,-0.0023283060562568555,0.9616564796944768,-0.25983426624169026,回撤预警，仓位减半
2025-04-17,5839.5639,趋势下行|波动偏高|价格偏弱,0.75,0.17508509608891792,0.0007224761916513334,0.0001264948134372292,9.067132799031596e-05,4.5335663995157984e-08,0.00012644947777323403,0.9617780806541314,-0.25974067267119083,回撤预警，仓位减半
2025-04-18,5831.6869,趋势下行|波动偏高|价格中性,0.75,0.1748601752508742,-0.0013489020986653388,-0.00023586925736889314,0.00022492083804373508,1.1246041902186755e-07,-0.000235981717787915,0.9615511186105279,-0.2599153603388624,回撤预警，仓位减半
2025-04-21,5952.6374,趋势下行|波动偏高|价格中性,0.75,0.17476980353591437,0.020740225268266688,0.0036247650954255757,9.037171495981933e-05,4.5185857479909667e-08,0.003624719909568096,0.9650364720942228,-0.2572327608107172,回撤预警，仓位减半
2025-04-22,5949.3123,趋势下行|波动偏高|价格中性,0.75,0.1725573437535382,-0.0005585927340375774,-9.638927842555098e-05,0.002212459782376164,1.106229891188082e-06,-9.749550831673906e-05,0.9649423853728318,-0.25730517728026303,回撤预警，仓位减半
2025-04-23,5984.5833,趋势下行|波动偏高|价格中性,0.75,0.17261050060203934,0.0059285843844507635,0.0010233359184614796,5.315684850112912e-05,2.657842425056456e-08,0.001023309340037229,0.9659298199283816,-0.2565451707313767,回撤预警，仓位减半
2025-04-24,5920.4776,趋势下行|波动偏高|价格中性,0.75,0.17235440363638696,-0.010711806785277722,-0.0018462270703447452,0.00025609696565237483,1.2804848282618742e-07,-0.0018463551188275713,0.9641463704609285,-0.25791785236101394,回撤预警，仓位减半
2025-04-25,5939.5021,趋势下行|波动偏高|价格中性,0.75,0.17221737822512845,0.0032133387346993114,0.000553392772239167,0.0001370254112585123,6.851270562925616e-08,0.0005533242595335378,0.9646798560374458,-0.25750724030615857,回撤预警，仓位减半
2025-04-28,5877.0566,趋势下行|波动偏高|价格中性,0.75,0.1720302159799275,-0.010513591703250613,-0.0018086554514349766,0.00018716224520096136,9.358112260048068e-08,-0.001808749032557577,0.9629349922811102,-0.25885022336693575,回撤预警，仓位减半
2025-04-29,5903.3812,趋势下行|波动偏高|价格中性,0.75,0.0,0.004479214986631286,0.0,0.1720302159799275,8.601510798996374e-05,-8.601510798996374e-05,0.9628521653237618,-0.25891397344500966,回撤硬止损
2025-04-30,5950.1169,趋势下行|波动偏高|价格中性,0.75,0.0,0.007916768105708627,0.0,0.0,0.0,0.0,0.9628521653237618,-0.25891397344500966,冷静期
2025-05-06,6102.9221,趋势下行|波动偏高|价格中性,0.5,0.0,0.025681041661551163,0.0,0.0,0.0,0.0,0.9628521653237618,-0.25891397344500966,冷静期
2025-05-07,6111.4946,趋势下行|波动偏高|价格偏强,0.75,0.0,0.001404654993056642,0.0,0.0,0.0,0.0,0.9628521653237618,-0.25891397344500966,冷静期
2025-05-08,6158.0774,趋势下行|波动偏高|价格偏强,0.75,0.0,0.007622161688566331,0.0,0.0,0.0,0.0,0.9628521653237618,-0.25891397344500966,冷静期
2025-05-09,6082.0817,趋势上行|波动偏低|价格偏强,1.0,0.5,-0.01234081598259884,-0.00617040799129942,0.5,0.00025,-0.0064204079912994205,0.9566702615870772,-0.2636720480921436,回撤预警，仓位减半
2025-05-12,6167.4606,趋势上行|波动偏低|价格偏强,1.0,0.5,0.014037775914782724,0.007018887957391362,0.0,0.0,0.007018887957391362,0.9633850229653252,-0.25850384469780685,回撤预警，仓位减半
2025-05-13,6151.0098,趋势上行|波动偏低|价格偏强,1.0,0.5,-0.0026673538862981294,-0.0013336769431490647,0.0,0.0,-0.0013336769431490647,0.9621001785728212,-0.2594927610235672,回撤预警，仓位减半
2025-05-14,6160.3697,趋势上行|波动偏低|价格偏强,1.0,0.5,0.0015216851060781966,0.0007608425530390983,0.0,0.0,0.0007608425530390983,0.9628321853289658,-0.2589293516053205,回撤预警，仓位减半
2025-05-15,6057.0357,趋势上行|波动偏低|价格偏强,1.0,0.0,-0.01677399328809759,-0.0,0.5,0.00025,-0.00025,0.9625914772826335,-0.2591146192674192,回撤硬止损
2025-05-16,6068.1165,趋势上行|波动偏低|价格中性,0.5,0.0,0.0018294097226470019,0.0,0.0,0.0,0.0,0.9625914772826335,-0.2591146192674192,冷静期
2025-05-19,6095.3369,趋势上行|波动偏低|价格中性,0.5,0.0,0.0044858070869271405,0.0,0.0,0.0,0.0,0.9625914772826335,-0.2591146192674192,冷静期
2025-05-20,6146.0166,趋势上行|波动偏低|价格中性,0.5,0.0,0.008314503501849035,0.0,0.0,0.0,0.0,0.9625914772826335,-0.2591146192674192,冷静期
2025-05-21,6132.1809,趋势上行|波动偏低|价格偏强,1.0,0.0,-0.002251165413383327,-0.0,0.0,0.0,-0.0,0.9625914772826335,-0.2591146192674192,冷静期
2025-05-22,6066.1031,趋势上行|波动偏低|价格偏强,1.0,0.0,-0.010775579043990735,-0.0,0.0,0.0,-0.0,0.9625914772826335,-0.2591146192674192,回撤硬止损
2025-05-23,5989.6752,趋势上行|波动偏低|价格中性,0.5,0.0,-0.012599175902565984,-0.0,0.0,0.0,-0.0,0.9625914772826335,-0.2591146192674192,冷静期
2025-05-26,6028.7861,趋势上行|波动偏低|价格中性,0.5,0.0,0.006529719674950085,0.0,0.0,0.0,0.0,0.9625914772826335,-0.2591146192674192,冷静期
2025-05-27,6008.4599,趋势上行|波动偏低|价格中性,0.5,0.0,-0.0033715244931314947,-0.0,0.0,0.0,-0.0,0.9625914772826335,-0.2591146192674192,冷静期
2025-05-28,5984.4557,趋势上行|波动偏低|价格中性,0.5,0.0,-0.003995067022083187,-0.0,0.0,0.0,-0.0,0.9625914772826335,-0.2591146192674192,冷静期
2025-05-29,6089.5778,趋势上行|波动偏低|价格偏弱,0.75,0.6375,0.017565858161503245,0.011198234577958318,0.6375,0.00031875,0.010879484577958318,0.973063976414604,-0.2510541681937044,强制再入场，防止风控死锁
2025-05-30,6026.5603,趋势上行|波动偏低|价格中性,0.5,0.2125,-0.010348418571809681,-0.0021990389465095573,0.42499999999999993,0.00021249999999999996,-0.0024115389465095573,0.9707173947380346,-0.2528602802359313,回撤预警，仓位减半
2025-06-03,6070.0368,趋势上行|波动偏低|价格偏弱,0.75,0.0,0.007214148342629123,0.0,0.2125,0.00010625,-0.00010625,0.9706142560148437,-0.2529396638311562,回撤硬止损
2025-06-04,6123.172,趋势上行|波动偏低|价格中性,0.5,0.0,0.008753686633333091,0.0,0.0,0.0,0.0,0.9706142560148437,-0.2529396638311562,冷静期
2025-06-05,6167.0149,趋势上行|波动偏低|价格中性,0.5,0.0,0.0071601614326692875,0.0,0.0,0.0,0.0,0.9706142560148437,-0.2529396638311562,冷静期
2025-06-06,6152.8446,趋势上行|波动偏低|价格偏强,1.0,0.0,-0.002297756731542755,-0.0,0.0,0.0,-0.0,0.9706142560148437,-0.2529396638311562,冷静期
2025-06-09,6218.9637,趋势下行|波动偏低|价格偏强,0.5,0.0,0.010746102705080585,0.0,0.0,0.0,0.0,0.9706142560148437,-0.2529396638311562,冷静期
2025-06-10,6161.6919,趋势上行|波动偏低|价格偏强,1.0,0.425,-0.00920921921444895,-0.003913918166140803,0.425,0.0002125,-0.004126418166140803,0.9666090957165089,-0.25602234717352657,回撤预警，仓位减半
2025-06-11,6186.5122,趋势下行|波动偏低|价格偏强,0.5,0.2125,0.004028163108902083,0.0008559846606416927,0.2125,0.00010625,0.0007497346606416927,0.9673337960588592,-0.2554645613404596,回撤预警，仓位减半
2025-06-12,6192.22,趋势上行|波动偏低|价格偏强,1.0,0.425,0.000922620018433129,0.00039211350783407983,0.2125,0.00010625,0.0002858635078340798,0.967610321491047,-0.2552517258282576,回撤预警，仓位减半
2025-06-13,6106.0083,趋势上行|波动偏低|价格偏强,1.0,0.425,-0.013922583499940244,-0.0059170979874746035,0.0,0.0,-0.0059170979874746035,0.9618848764050926,-0.25965847434253453,回撤预警，仓位减半
2025-06-16,6147.46,趋势上行|波动偏低|价格中性,0.5,0.2125,0.006788674034393205,0.0014425932323085561,0.2125,0.00010625,0.001336343232308556,0.9631702847499365,-0.2586691239551251,回撤预警，仓位减半
2025-06-17,6141.4684,趋势上行|波动偏低|价格中性,0.5,0.2125,-0.0009746464393424192,-0.00020711236836026408,0.0,0.0,-0.00020711236836026408,0.9629708002711277,-0.25882266274860133,回撤预警，仓位减半
2025-06-18,6135.3858,趋势上行|波动偏低|价格中性,0.5,0.2125,-0.0009904146050804252,-0.00021046310357959036,0.0,0.0,-0.00021046310357959036,0.962768130447846,-0.2589786532313022,回撤预警，仓位减半
2025-06-19,6048.2243,趋势下行|波动偏低|价格中性,1.0,0.425,-0.01420636009556242,-0.006037703040614029,0.2125,0.00010625,-0.006143953040614028,0.9568529282653747,-0.2635314535879416,回撤预警，仓位减半
2025-06-20,5999.5914,趋势下行|波动偏低|价格偏弱,0.5,0.2125,-0.008040855892199605,-0.0017086818770924161,0.2125,0.00010625,-0.0018149318770924162,0.9551163053841767,-0.26486809382930077,回撤预警，仓位减半
2025-06-23,6078.2224,趋势下行|波动偏低|价格偏弱,0.5,0.0,0.013106059189297303,0.0,0.2125,0.00010625,-0.00010625,0.9550148242767297,-0.26494620159433135,回撤硬止损
2025-06-24,6194.666,趋势上行|波动偏低|价格中性,0.5,0.0,0.0191575089453786,0.0,0.0,0.0,0.0,0.9550148242767297,-0.26494620159433135,冷静期
2025-06-25,6276.1634,趋势上行|波动偏低|价格偏强,1.0,0.0,0.013156060391310787,0.0,0.0,0.0,0.0,0.9550148242767297,-0.26494620159433135,冷静期
2025-06-26,6247.791,趋势上行|波动偏低|价格偏强,1.0,0.0,-0.004520659866822485,-0.0,0.0,0.0,-0.0,0.9550148242767297,-0.26494620159433135,冷静期
2025-06-27,6276.9373,趋势上行|波动偏低|价格偏强,1.0,0.0,0.00466505681768159,0.0,0.0,0.0,0.0,0.9550148242767297,-0.26494620159433135,冷静期
2025-06-30,6356.1813,趋势上行|波动偏低|价格偏强,1.0,0.425,0.012624628256203918,0.005365467008886665,0.425,0.0002125,0.005152967008886665,0.9599359841592253,-0.2611584936213902,回撤预警，仓位减半
2025-07-01,6373.7679,趋势上行|波动偏低|价格偏强,1.0,0.5,0.0027668499638295874,0.0013834249819147937,0.07500000000000001,3.7500000000000003e-05,0.0013459249819147937,0.9612279859813442,-0.2601640683802796,回撤预警，仓位减半
2025-07-02,6309.4837,趋势上行|波动偏低|价格偏强,1.0,0.5,-0.010085745356369191,-0.005042872678184596,0.0,0.0,-0.005042872678184596,0.9563806356333324,-0.26389496678618407,回撤预警，仓位减半
2025-07-03,6342.638,趋势上行|波动偏低|价格偏强,1.0,0.5,0.005254677177468636,0.002627338588734318,0.0,0.0,0.002627338588734318,0.9588933713828501,-0.26196096962705984,回撤预警，仓位减半
2025-07-04,6312.1966,趋势上行|波动偏低|价格偏强,1.0,0.5,-0.004799485639886747,-0.0023997428199433735,0.0,0.0,-0.0023997428199433735,0.9565922738997829,-0.2637320734910352,回撤预警，仓位减半
2025-07-07,6327.139,趋势上行|波动偏低|价格偏强,1.0,0.5,0.0023672266481686854,0.0011836133240843427,0.0,0.0,0.0011836133240843427,0.9577245092608868,-0.26286061696312324,回撤预警，仓位减半
2025-07-08,6407.6976,趋势上行|波动偏低|价格偏强,1.0,0.5,0.01273223174012772,0.00636611587006386,0.0,0.0,0.00636611587006386,0.9638214944584417,-0.2581679022383231,回撤预警，仓位减半
2025-07-09,6390.4655,趋势上行|波动偏低|价格偏强,1.0,0.5,-0.0026892810921663735,-0.0013446405460831867,0.0,0.0,-0.0013446405460831867,0.9625255009978063,-0.25916539975535946,回撤预警，仓位减半
2025-07-10,6406.5677,趋势上行|波动偏低|价格偏强,1.0,0.5,0.0025197225460336092,0.0012598612730168046,0.0,0.0,0.0012598612730168046,0.9637381496008045,-0.2582320509328003,回撤预警，仓位减半
2025-07-11,6461.0997,趋势上行|波动偏低|价格偏强,1.0,0.5,0.008511890071808637,0.004255945035904318,0.0,0.0,0.004255945035904318,0.9678397661945096,-0.25507512731217485,回撤预警，仓位减半
2025-07-14,6462.3051,趋势上行|波动偏低|价格偏强,1.0,0.5,0.00018656266827155044,9.328133413577522e-05,0.0,0.0,9.328133413577522e-05,0.9679300475791298,-0.2550056397262197,回撤预警，仓位减半
2025-07-15,6442.834,趋势上行|波动偏低|价格偏强,1.0,0.5,-0.0030130270389121527,-0.0015065135194560764,0.0,0.0,-0.0015065135194560764,0.966471847876564,-0.2561279838018907,回撤预警，仓位减半
2025-07-16,6462.063,趋势上行|波动偏低|价格偏强,1.0,0.5,0.0029845561751242755,0.0014922780875621378,0.0,0.0,0.0014922780875621378,0.9679140926373959,-0.2550179198921676,回撤预警，仓位减半
2025-07-17,6535.6713,趋势上行|波动偏低|价格偏强,1.0,0.5,0.011390836022489914,0.005695418011244957,0.0,0.0,0.005695418011244957,0.9734267679939408,-0.2507749355350668,回撤预警，仓位减半
2025-07-18,6552.0741,趋势上行|波动偏低|价格偏强,1.0,0.5,0.0025097345394342607,0.0012548672697171304,0.0,0.0,0.0012548672697171304,0.974648289384563,-0.24983475752401785,回撤预警，仓位减半
2025-07-21,6612.2589,趋势上行|波动偏低|价格偏强,1.0,0.5,0.009185610400834765,0.0045928052004173825,0.0,0.0,0.0045928052004173825,0.9791246591166264,-0.24638939469720178,回撤预警，仓位减半
2025-07-22,6637.1035,趋势上行|波动偏低|价格偏强,1.0,0.5,0.0037573543891331607,0.0018786771945665803,0.0,0.0,0.0018786771945665803,0.9809641182843467,-0.24497360363943588,回撤预警，仓位减半
2025-07-23,6607.22,趋势上行|波动偏低|价格偏强,1.0,0.5,-0.0045024911845957805,-0.0022512455922978902,0.0,0.0,-0.0022512455922978902,0.9787557271368568,-0.24667335348631103,回撤预警，仓位减半
2025-07-24,6701.12,趋势上行|波动偏低|价格偏强,1.0,0.5,0.014211725960388666,0.007105862980194333,0.0,0.0,0.007105862980194333,0.9857106312249717,-0.24132031755685557,回撤预警，仓位减半
2025-07-25,6706.6098,趋势上行|波动偏低|价格偏强,1.0,0.5,0.0008192361873835541,0.00040961809369177704,0.0,0.0,0.00040961809369177704,0.9861143961346657,-0.24100954863161062,回撤预警，仓位减半
2025-07-28,6729.979,趋势上行|波动偏低|价格偏强,1.0,0.5,0.0034845027065686374,0.0017422513532843187,0.0,0.0,0.0017422513532843187,0.9878324552758244,-0.23968719649058412,回撤预警，仓位减半
2025-07-29,6773.8843,趋势上行|波动偏低|价格偏强,1.0,0.5,0.006523839078844018,0.003261919539422009,0.0,0.0,0.003261919539422009,0.9910546852633639,-0.23720711730074395,回撤预警，仓位减半
2025-07-30,6718.4819,趋势上行|波动偏低|价格偏强,1.0,0.5,-0.008178822894864046,-0.004089411447432023,0.0,0.0,-0.004089411447432023,0.9870018548884167,-0.240326491247274,回撤预警，仓位减半
2025-07-31,6661.1862,趋势上行|波动偏低|价格偏强,1.0,0.5,-0.008528072390877384,-0.004264036195438692,0.0,0.0,-0.004264036195438692,0.9827932432542074,-0.2435657665853116,回撤预警，仓位减半
2025-08-01,6670.472,趋势上行|波动偏低|价格偏强,1.0,0.5,0.0013940159787155793,0.0006970079893577896,0.0,0.0,0.0006970079893577896,0.9834782579966423,-0.2430385258811979,回撤预警，仓位减半
2025-08-04,6739.6936,趋势上行|波动偏低|价格偏强,1.0,0.5,0.010377316627668831,0.0051886583138344156,0.0,0.0,0.0051886583138344156,0.9885811906364721,-0.23911091143525898,回撤预警，仓位减半
2025-08-05,6787.4806,趋势上行|波动偏低|价格偏强,1.0,0.5,0.007090381675511237,0.0035451908377556185,0.0,0.0,0.0035451908377556185,0.9920858996158942,-0.2364134144099309,回撤预警，仓位减半
2025-08-06,6861.3091,趋势上行|波动偏低|价格偏强,1.0,0.5,0.010877158160864653,0.005438579080432326,0.0,0.0,0.005438579080432326,0.9974814372355371,-0.23226058837944197,回撤预警，仓位减半
2025-08-07,6862.1497,趋势上行|波动偏低|价格偏强,1.0,0.5,0.00012251306387001115,6.125653193500558e-05,0.0,0.0,6.125653193500558e-05,0.9975425394890516,-0.23221355932565635,回撤预警，仓位减半
2025-08-08,6838.1299,趋势上行|波动偏低|价格偏强,1.0,0.5,-0.003500331681776103,-0.0017501658408880516,0.0,0.0,-0.0017501658408880516,0.9957966746116051,-0.2335573129272216,回撤预警，仓位减半
2025-08-11,6943.9366,趋势上行|波动偏低|价格偏强,1.0,0.5,0.015473046219844466,0.007736523109922233,0.0,0.0,0.007736523109922233,1.0035006785975216,-0.22762771136625215,回撤预警，仓位减半
2025-08-12,6963.611,趋势上行|波动偏低|价格偏强,1.0,0.5,0.0028333207996167342,0.0014166603998083671,0.0,0.0,0.0014166603998083671,1.0049222982700716,-0.22653352213103528,回撤预警，仓位减半
2025-08-13,7064.3339,趋势上行|波动偏低|价格偏强,1.0,0.5,0.014464176703724574,0.007232088351862287,0.0,0.0,0.007232088351862287,1.0121899851179175,-0.22093974422588303,回撤预警，仓位减半
2025-08-14,6976.4875,趋势上行|波动偏低|价格偏强,1.0,0.5,-0.012435199304494882,-0.006217599652247441,0.0,0.0,-0.006217599652247441,1.00589659301844,-0.22578362900126392,回撤预警，仓位减半
2025-08-15,7117.5009,趋势上行|波动偏低|价格偏强,1.0,0.5,0.02021266432427482,0.01010633216213741,0.0,0.0,0.01010633216213741,1.0160625181082465,-0.21795914119058624,回撤预警，仓位减半
2025-08-18,7237.6018,趋势上行|波动偏低|价格偏强,1.0,0.5,0.016874026668546094,0.008437013334273047,0.0,0.0,0.008437013334273047,1.0246350511219808,-0.21136105203686484,回撤预警，仓位减半
2025-08-19,7242.8494,趋势上行|波动偏低|价格偏强,1.0,0.5,0.0007250467965782548,0.0003625233982891274,0.0,0.0,0.0003625233982891274,1.0250065053027198,-0.21107515196542614,回撤预警，仓位减半
2025-08-20,7305.4613,趋势上行|波动偏低|价格偏强,1.0,0.5,0.00864465026706207,0.004322325133531035,0.0,0.0,0.004322325133531035,1.0294369166826225,-0.20766516226629916,回撤预警，仓位减半
2025-08-21,7253.3429,趋势上行|波动偏低|价格偏强,1.0,0.5,-0.0071341696108909725,-0.0035670848054454862,0.0,0.0,-0.0035670848054454862,1.0257648278989593,-0.21049148782680416,回撤预警，仓位减半
2025-08-22,7362.9396,趋势上行|波动偏低|价格偏强,1.0,0.5,0.015109819225560095,0.0075549096127800475,0.0,0.0,0.0075549096127800475,1.0335143884577047,-0.20452682237881525,回撤预警，仓位减半
2025-08-25,7477.728,趋势上行|波动偏低|价格偏强,1.0,0.5,0.015590023310798395,0.007795011655399198,0.0,0.0,0.007795011655399198,1.0415706451617552,-0.19832609968770065,回撤预警，仓位减半
2025-08-26,7476.4672,趋势上行|波动偏低|价格偏强,1.0,0.5,-0.00016860736309209923,-8.430368154604961e-05,0.0,0.0,-8.430368154604961e-05,1.0414828369217777,-0.19839368374889654,回撤预警，仓位减半
2025-08-27,7336.5036,趋势上行|波动偏低|价格偏强,1.0,0.5,-0.018720552937087742,-0.009360276468543871,0.0,0.0,-0.009360276468543871,1.0317342696309464,-0.20589694048793794,回撤预警，仓位减半
2025-08-28,7447.1101,趋势上行|波动偏低|价格偏强,1.0,0.5,0.015076186972770023,0.007538093486385011,0.0,0.0,0.007538093486385011,1.0395115790085316,-0.19991091738751154,回撤预警，仓位减半
2025-08-29,7438.6767,趋势上行|波动偏低|价格偏强,1.0,0.5,-0.0011324392800369232,-0.0005662196400184616,0.0,0.0,-0.0005662196400184616,1.0389229871364705,-0.2003639435398511,回撤预警，仓位减半
2025-09-01,7501.1483,趋势上行|波动偏低|价格偏强,1.0,0.5,0.008398214160860062,0.004199107080430031,0.0,0.0,0.004199107080430031,1.0432855360077768,-0.19700618611340204,回撤预警，仓位减半
2025-09-02,7313.8824,趋势上行|波动偏低|价格偏强,1.0,0.5,-0.02496496436418938,-0.01248248218209469,0.0,0.0,-0.01248248218209469,1.0302627428937228,-0.20702954208757374,回撤预警，仓位减半
2025-09-03,7206.8758,趋势上行|波动偏低|价格中性,0.5,0.2588270588645531,-0.014630615335023744,-0.003786799136542824,0.2411729411354469,0.00012058647056772345,-0.003907385607110547,1.0262371090805975,-0.2101279834416846,回撤预警，仓位减半
2025-09-04,7041.1544,趋势上行|波动偏低|价格中性,0.5,0.2484154152920226,-0.022994901618812347,-0.005712288035236472,0.010411643572530493,5.205821786265247e-06,-0.005717493857022737,1.0203696047135804,-0.214644071844191,回撤预警，仓位减半
2025-09-05,7245.667,趋势上行|波动偏高|价格偏弱,0.75,0.3416766798345924,0.02904532245451108,0.009924109340982479,0.09326126454256978,4.663063227128489e-05,0.009877478708711194,1.0304482837591549,-0.20688673538507185,回撤预警，仓位减半
2025-09-08,7311.0343,趋势上行|波动偏高|价格中性,1.0,0.4199470989224707,0.00902157109897539,0.0037885826107375204,0.0782704190878783,3.913520954393915e-05,0.0037494474011935813,1.03431189539876,-0.2039129989162093,回撤预警，仓位减半
2025-09-09,7226.0277,趋势上行|波动偏高|价格中性,1.0,0.4256179724485528,-0.011627164709102855,-0.004948730268813725,0.005670873526082143,2.8354367630410714e-06,-0.004951565705576766,1.0291904320886334,-0.2078548760094312,回撤预警，仓位减半
2025-09-10,7230.1678,趋势上行|波动偏高|价格中性,1.0,0.41662637174800765,0.0005729427248113428,0.00023870304865756696,0.008991600700545166,4.495800350272583e-06,0.00023420724830729438,1.029431475947717,-0.20766934987968144,回撤预警，仓位减半
2025-09-11,7399.8854,趋势上行|波动偏高|价格中性,1.0,0.42416211421540784,0.023473535427490422,0.009956584415034615,0.007535742467400186,3.767871233700093e-06,0.009952816543800916,1.039677218572239,-0.19978342827700324,回撤预警，仓位减半
2025-09-12,7422.8844,趋势上行|波动偏高|价格中性,1.0,0.4132386506682929,0.0031080211052998408,0.0012843544478026824,0.010923463547114931,5.461731773557466e-06,0.0012788927160291249,1.0410068541940924,-0.19876003713218093,回撤预警，仓位减半
2025-09-15,7415.5711,趋势上行|波动偏高|价格偏强,1.0,0.4274153158475519,-0.0009852369518242865,-0.00042110536294865666,0.014176665179258974,7.088332589629487e-06,-0.00042819369553828614,1.0405611016221143,-0.19910312303289424,回撤预警，仓位减半
2025-09-16,7483.6282,趋势上行|波动偏高|价格中性,1.0,0.4384978442204447,0.009177593887542912,0.0040243551348182974,0.011082528372892808,5.541264186446404e-06,0.004018813870631851,1.0447429230105532,-0.19588446755479316,回撤预警，仓位减半
2025-09-17,7554.8125,趋势上行|波动偏高|价格偏强,1.0,0.4355111827997488,0.009512003816544379,0.004142584032938967,0.0029866614206958686,1.4933307103479342e-06,0.004141090702228619,1.0490692982152512,-0.19255455219986684,回撤预警，仓位减半
2025-09-18,7476.402,趋势上行|波动偏高|价格偏强,1.0,0.43486385051485754,-0.010378881011275931,-0.00451340016059899,0.0006473322848912777,3.236661424456388e-07,-0.004513723826741436,1.0443340891279942,-0.1961991379563961,回撤预警，仓位减半
2025-09-19,7438.1887,趋势上行|波动偏高|价格偏强,1.0,0.43144826026131644,-0.005111188510195208,-0.0022052133905913524,0.003415590253541101,1.7077951267705504e-06,-0.002206921185718123,1.04202932610173,-0.19797306310793872,回撤预警，仓位减半
2025-09-22,7489.4784,趋势上行|波动偏高|价格中性,1.0,0.43946970210239783,0.006895455610046675,0.00303034382280752,0.00802144184108139,4.010720920540694e-06,0.0030263331018869793,1.0451828539444485,-0.1955458624402172,回撤预警，仓位减半
2025-09-23,7408.0691,趋势上行|波动偏高|价格偏强,1.0,0.4497289876893195,-0.010869822389767525,-0.004888474219712849,0.010259285586921685,5.129642793460842e-06,-0.00489360386250631,1.0400681430933607,-0.19948254231498896,回撤预警，仓位减半
2025-09-24,7534.2223,趋势下行|波动偏高|价格中性,0.5,0.22166216008321046,0.017029160810608568,0.0037747205696838505,0.22806682760610905,0.00011403341380305452,0.003660687155880796,1.0438755071860235,-0.19655209833958298,回撤预警，仓位减半
2025-09-25,7506.5124,趋势上行|波动偏低|价格偏强,1.0,0.44875498197894936,-0.003677871304646918,-0.0016504630710377226,0.2270928218957389,0.00011354641094786946,-0.001764009481985592,1.0420341008933347,-0.1979693880563934,回撤预警，仓位减半
2025-09-26,7397.5894,趋势上行|波动偏低|价格偏强,1.0,0.45903868653789504,-0.014510466938015054,-0.006660865684277982,0.010283704558945672,5.141852279472836e-06,-0.0066660075365574546,1.0350878937234298,-0.20331573016015936,回撤预警，仓位减半
2025-09-29,7497.8308,趋势下行|波动偏高|价格中性,0.5,0.22338194228469346,0.013550549318133376,0.003026948025709162,0.23565674425320157,0.00011782837212660077,0.0029091196535825613,1.0380990882582461,-0.2009980802930681,回撤预警，仓位减半
2025-09-30,7574.9631,趋势下行|波动偏高|价格偏强,0.5,0.22031160313949055,0.010287282022955146,0.00226640759442531,0.0030703391452029105,1.5351695726014553e-06,0.0022648724248527084,1.0404502502575068,-0.19918844287771964,回撤预警，仓位减半
2025-10-09,7648.0523,趋势上行|波动偏低|价格偏强,1.0,0.47532981228936144,0.009648786275935795,0.004586355769360728,0.2550182091498709,0.00012750910457493545,0.004458846664785793,1.0450894583857429,-0.1956177469371232,回撤预警，仓位减半
2025-10-10,7533.8201,趋势上行|波动偏低|价格偏强,1.0,0.492136640154022,-0.01493611648027049,-0.007350610181549435,0.016806827864660534,8.403413932330267e-06,-0.007359013595481765,1.0373986308529874,-0.20153720687337717,回撤预警，仓位减半
2025-10-13,7519.7636,趋势上行|波动偏低|价格偏强,1.0,0.5,-0.0018657865217672764,-0.0009328932608836382,0.007863359845978024,3.931679922989012e-06,-0.0009368249408066272,1.0364267699420457,-0.20228522673228433,回撤预警，仓位减半
2025-10-14,7373.1522,趋势上行|波动偏低|价格中性,0.5,0.2875,-0.019496809713539398,-0.005605332792642577,0.21250000000000002,0.00010625,-0.005711582792642576,1.0305071326370105,-0.206841440704717,回撤预警，仓位减半
2025-10-15,7483.449,趋势上行|波动偏低|价格偏弱,0.75,0.41250462769159074,0.014959246331575748,0.0061707583385534484,0.12500462769159076,6.250231384579539e-05,0.006108256024707653,1.0368017340384448,-0.2019966251563532,回撤预警，仓位减半
2025-10-16,7401.8375,趋势上行|波动偏低|价格中性,0.5,0.273612780220147,-0.010905599810996258,-0.002983911484254996,0.13889184747144373,6.944592373572188e-05,-0.003053357407990718,1.0336360077832007,-0.20443321467253373,回撤预警，仓位减半
2025-10-17,7185.4781,趋势上行|波动偏低|价格偏弱,0.75,0.39919673174699377,-0.02923049850797177,-0.011668719471717708,0.12558395152684676,6.279197576342338e-05,-0.01173151144748113,1.0215098951253634,-0.21376641552183873,回撤预警，仓位减半
2025-10-20,7239.1845,趋势下行|波动偏低|价格偏弱,0.5,0.25331461352145257,0.007474297360950732,0.0018933487473336476,0.1458821182255412,7.29410591127706e-05,0.001820407688220877,1.0233694595920433,-0.2123351498599172,回撤预警，仓位减半
2025-10-21,7344.0468,趋势下行|波动偏低|价格偏弱,0.5,0.25103571521621476,0.014485374699318765,0.003636346397818348,0.0022788983052378087,1.1394491526189044e-06,0.003635206948665729,1.0270896193626047,-0.20947182512346807,回撤预警，仓位减半
2025-10-22,7312.21,趋势下行|波动偏低|价格偏弱,0.5,0.24237251652555125,-0.004335048627413407,-0.0010506966450868243,0.00866319869066351,4.331599345331755e-06,-0.0010550282444321561,1.026006010804614,-0.21030585467598228,回撤预警，仓位减半
2025-10-23,7308.0992,趋势下行|波动偏低|价格偏弱,0.5,0.24543804420706816,-0.0005621829788805544,-0.00013798109082294676,0.003065527681516911,1.5327638407584554e-06,-0.00013951385466370522,1.0258628687511386,-0.21041602795020176,回撤预警，仓位减半
2025-10-24,7419.2352,趋势下行|波动偏低|价格偏弱,0.5,0.24983219151142946,0.015207237471543955,0.0037992574643505557,0.004394147304361301,2.1970736521806503e-06,0.0037970603906983752,1.0297581320163616,-0.20741792992480135,回撤预警，仓位减半
2025-10-27,7495.3831,趋势下行|波动偏低|价格中性,0.75,0.3651915314478375,0.010263578111123994,0.0037481718085358748,0.11535933993640804,5.767966996820402e-05,0.003690492138567671,1.033558446307194,-0.20449291202601916,回撤预警，仓位减半
2025-10-28,7479.221,趋势上行|波动偏低|价格中性,0.5,0.2407702283416603,-0.0021562740402155667,-0.0005191665930298964,0.12442130310617722,6.22106515530886e-05,-0.000581377244582985,1.0329575589455646,-0.2049554017448716,回撤预警，仓位减半
2025-10-29,7569.117,趋势下行|波动偏低|价格中性,0.75,0.3631667655729289,0.012019433574699923,0.0043650588153424374,0.12239653723126859,6.119826861563429e-05,0.004303860546726803,1.0374032642299535,-0.20153364066555313,回撤预警，仓位减半
2025-10-30,7485.0848,趋势上行|波动偏低|价格偏强,1.0,0.4842718405646583,-0.011101981908854142,-0.005376377212916334,0.1211050749917294,6.05525374958647e-05,-0.005436929750412199,1.031762975559487,-0.20587484616932195,回撤预警，仓位减半
2025-10-31,7506.6746,趋势下行|波动偏低|价格中性,0.75,0.37087005569330517,0.002884376139599798,0.0010697287395338177,0.1134017848713531,5.6700892435676556e-05,0.001013027847098141,1.0328081801853337,-0.2050703752744103,回撤预警，仓位减半
2025-11-03,7538.1178,趋势上行|波动偏低|价格中性,0.5,0.24740239901251895,0.004188698948000225,0.0010362941684764699,0.12346765668078621,6.17338283403931e-05,0.0009745603401360767,1.0338147140767104,-0.20429566838895352,回撤预警，仓位减半
2025-11-04,7435.7308,趋势上行|波动偏低|价格偏强,1.0,0.5,-0.013582568316987564,-0.006791284158493782,0.2525976009874811,0.00012629880049374052,-0.0069175829589875224,1.026663215027863,-0.2098000191136985,回撤预警，仓位减半
2025-11-05,7464.8632,趋势下行|波动偏低|价格中性,1.0,0.5,0.003917893315879439,0.0019589466579397197,0.0,0.0,0.0019589466579397197,1.0286743935017715,-0.20825205950203718,回撤预警，仓位减半
2025-11-06,7551.8299,趋势下行|波动偏低|价格中性,1.0,0.5,0.011650139817699579,0.005825069908849789,0.0,0.0,0.005825069908849789,1.0346664937573629,-0.20364007239844883,回撤预警，仓位减半
2025-11-07,7541.878,趋势下行|波动偏低|价格偏强,0.5,0.2571786262648184,-0.0013178130508474384,-0.00033891335009079347,0.2428213737351816,0.0001214106868675908,-0.0004603240369583843,1.0341902119000508,-0.2040066560151943,回撤预警，仓位减半
2025-11-10,7563.2535,趋势上行|波动偏低|价格偏强,1.0,0.5,0.002834241020605255,0.0014171205103026274,0.2428213737351816,0.0001214106868675908,0.0012957098234350367,1.03553022231691,-0.20297527962000428,回撤预警，仓位减半
2025-11-11,7540.791,趋势上行|波动偏低|价格偏强,1.0,0.5,-0.002969952018664901,-0.0014849760093324504,0.0,0.0,-0.0014849760093324504,1.0339924847798307,-0.20415884220861347,回撤预警，仓位减半
2025-11-12,7486.3766,趋势上行|波动偏低|价格偏强,1.0,0.5,-0.007216006914924522,-0.003608003457462261,0.0,0.0,-0.003608003457462261,1.030261836319755,-0.20703023985751556,回撤预警，仓位减半
2025-11-13,7590.5763,趋势上行|波动偏低|价格中性,0.5,0.2875,0.013918575776698194,0.00400159053580073,0.21250000000000002,0.00010625,0.0038953405358007303,1.03427505701326,-0.2039413526071684,回撤预警，仓位减半
2025-11-14,7502.7567,趋势上行|波动偏低|价格偏强,1.0,0.5,-0.011569556319458885,-0.005784778159729442,0.21250000000000002,0.00010625,-0.005891028159729442,1.0281821135274891,-0.2086309565157557,回撤预警，仓位减半
2025-11-17,7523.0758,趋势上行|波动偏低|价格中性,0.5,0.2875,0.002708217900761589,0.0007786126464689568,0.21250000000000002,0.00010625,0.0006723626464689568,1.0288734247743925,-0.20809886953134504,回撤预警，仓位减半
2025-11-18,7448.1007,趋势上行|波动偏低|价格中性,0.5,0.2875,-0.009966016825192603,-0.002865229837242873,0.0,0.0,-0.002865229837242873,1.0259254659389825,-0.2103678482785103,回撤预警，仓位减半
2025-11-19,7387.2084,趋势上行|波动偏低|价格中性,0.5,0.2875,-0.008175547357999524,-0.002350469865424863,0.0,0.0,-0.002350469865424863,1.023514059047121,-0.21222385485590223,回撤预警，仓位减半
2025-11-20,7340.4118,趋势上行|波动偏低|价格偏弱,0.75,0.43124999999999997,-0.006334815192163834,-0.0027318890516206534,0.14375,7.1875e-05,-0.0028037640516206533,1.0206443671220364,-0.2144325932923814,回撤预警，仓位减半
2025-11-21,7067.703,趋势上行|波动偏低|价格偏弱,0.75,0.43124999999999997,-0.03715170312379468,-0.016021671972136452,0.0,0.0,-0.016021671972136452,1.0042919378717983,-0.2270186965946529,回撤预警，仓位减半
2025-11-24,7156.4085,趋势下行|波动偏低|价格偏弱,0.5,0.0,0.012550824504085512,0.0,0.43124999999999997,0.000215625,-0.000215625,1.0040753874226946,-0.22718537068819966,回撤硬止损
2025-11-25,7249.9471,趋势下行|波动偏低|价格偏弱,0.5,0.0,0.013070606575910304,0.0,0.0,0.0,0.0,1.0040753874226946,-0.22718537068819966,冷静期
2025-11-26,7248.4489,趋势下行|波动偏低|价格偏弱,0.5,0.0,-0.00020664978369289155,-0.0,0.0,0.0,-0.0,1.0040753874226946,-0.22718537068819966,冷静期
2025-11-27,7257.454,趋势下行|波动偏低|价格偏弱,0.5,0.0,0.0012423485526675826,0.0,0.0,0.0,0.0,1.0040753874226946,-0.22718537068819966,冷静期
2025-11-28,7334.2097,趋势下行|波动偏低|价格偏弱,0.5,0.0,0.010576119393936212,0.0,0.0,0.0,0.0,1.0040753874226946,-0.22718537068819966,冷静期
2025-12-01,7386.6811,趋势下行|波动偏低|价格中性,1.0,0.0,0.0071543359334271805,0.0,0.0,0.0,0.0,1.0040753874226946,-0.22718537068819966,回撤硬止损
2025-12-02,7313.178,趋势下行|波动偏低|价格中性,1.0,0.0,-0.009950761242420447,-0.0,0.0,0.0,-0.0,1.0040753874226946,-0.22718537068819966,冷静期
2025-12-03,7248.274,趋势下行|波动偏低|价格中性,1.0,0.0,-0.008874937817731188,-0.0,0.0,0.0,-0.0,1.0040753874226946,-0.22718537068819966,冷静期
2025-12-04,7248.6573,趋势下行|波动偏低|价格偏弱,0.5,0.0,5.2881554974293365e-05,0.0,0.0,0.0,0.0,1.0040753874226946,-0.22718537068819966,冷静期
2025-12-05,7342.4924,趋势下行|波动偏低|价格偏弱,0.5,0.0,0.012945169859251093,0.0,0.0,0.0,0.0,1.0040753874226946,-0.22718537068819966,冷静期
2025-12-08,7423.0462,趋势下行|波动偏低|价格中性,1.0,0.794429289074119,0.010970906827223903,0.008715609711249885,0.794429289074119,0.0003972146445370595,0.008318395066712825,1.0124276831720393,-0.22075679328824893,强制再入场，防止风控死锁
2025-12-09,7380.5835,趋势下行|波动偏低|价格中性,1.0,0.5,-0.005720387406453198,-0.002860193703226599,0.294429289074119,0.0001472146445370595,-0.0030074083477636586,1.0093828997061607,-0.22310029581305202,回撤预警，仓位减半
2025-12-10,7408.2441,趋势下行|波动偏低|价格中性,1.0,0.5,0.0037477524642868243,0.0018738762321434121,0.0,0.0,0.0018738762321434121,1.0112743583310522,-0.22164448192261665,回撤预警，仓位减半
2025-12-11,7311.9952,趋势下行|波动偏低|价格中性,1.0,0.5,-0.012992133992992927,-0.0064960669964964635,0.0,0.0,-0.0064960669964964635,1.0047050523474947,-0.22670073151514003,回撤预警，仓位减半
2025-12-12,7370.9416,趋势下行|波动偏低|价格中性,1.0,0.5,0.008061602666259882,0.004030801333129941,0.0,0.0,0.004030801333129941,1.0087548188118993,-0.223583715792823,回撤预警，仓位减半
2025-12-15,7309.0775,趋势下行|波动偏低|价格中性,1.0,0.5,-0.0083929711232551,-0.00419648556162755,0.0,0.0,-0.00419648556162755,1.0045215937795329,-0.22684193551931098,回撤预警，仓位减半
2025-12-16,7181.62,趋势下行|波动偏低|价格中性,1.0,0.5,-0.01743824716593856,-0.00871912358296928,0.0,0.0,-0.00871912358296928,0.9957630458616078,-0.23358319623268742,回撤预警，仓位减半
2025-12-17,7288.7384,趋势下行|波动偏低|价格偏弱,0.5,0.0,0.014915631849081512,0.0,0.5,0.00025,-0.00025,0.9955141051001424,-0.2337748004336293,回撤硬止损
2025-12-18,7272.4024,趋势下行|波动偏高|价格中性,0.75,0.0,-0.002241265786133928,-0.0,0.0,0.0,-0.0,0.9955141051001424,-0.2337748004336293,冷静期
2025-12-19,7329.8057,趋势下行|波动偏高|价格中性,0.75,0.0,0.007893306343994322,0.0,0.0,0.0,0.0,0.9955141051001424,-0.2337748004336293,冷静期
2025-12-22,7408.3488,趋势上行|波动偏低|价格中性,0.5,0.0,0.010715577358346495,0.0,0.0,0.0,0.0,0.9955141051001424,-0.2337748004336293,冷静期
2025-12-23,7392.4204,趋势上行|波动偏低|价格偏强,1.0,0.0,-0.0021500607530789972,-0.0,0.0,0.0,-0.0,0.9955141051001424,-0.2337748004336293,冷静期
2025-12-24,7506.3814,趋势上行|波动偏低|价格偏强,1.0,0.425,0.01541592520901558,0.006551768213831621,0.425,0.0002125,0.006339268213831621,1.0018249360230247,-0.22891749338138145,回撤预警，仓位减半
2025-12-25,7579.3791,趋势上行|波动偏低|价格偏强,1.0,0.5,0.009724752328731823,0.004862376164365911,0.07500000000000001,3.7500000000000003e-05,0.004824876164365911,1.0066586172777097,-0.22519711577443768,回撤预警，仓位减半
2025-12-26,7605.5299,趋势上行|波动偏低|价格偏强,1.0,0.5,0.003450256235368876,0.001725128117684438,0.0,0.0,0.001725128117684438,1.0083952323632848,-0.22386048153319715,回撤预警，仓位减半
2025-12-29,7594.1575,趋势上行|波动偏低|价格偏强,1.0,0.5,-0.0014952804274689369,-0.0007476402137344684,0.0,0.0,-0.0007476402137344684,1.0076413155362318,-0.22444075464867153,回撤预警，仓位减半
2025-12-30,7597.299,趋势上行|波动偏低|价格偏强,1.0,0.5,0.0004136732744877136,0.0002068366372438568,0.0,0.0,0.0002068366372438568,1.0078497326774853,-0.22428034058237967,回撤预警，仓位减半
2025-12-31,7595.2845,趋势上行|波动偏低|价格偏强,1.0,0.5,-0.0002651600259513387,-0.00013258001297566935,0.0,0.0,-0.00013258001297566935,1.0077161119468494,-0.22438318550489078,回撤预警，仓位减半
2026-01-05,7753.88,趋势上行|波动偏低|价格偏强,1.0,0.5,0.020880784650002315,0.010440392325001158,0.0,0.0,0.010440392325001158,1.0182370635077993,-0.21628544166769414,回撤预警，仓位减半
2026-01-06,7864.9034,趋势上行|波动偏低|价格偏强,1.0,0.5,0.014318431546529009,0.0071592157732645045,0.0,0.0,0.0071592157732645045,1.0255268423537869,-0.2106746600399445,回撤预警，仓位减半
2026-01-07,7906.4197,趋势上行|波动偏低|价格偏强,1.0,0.5,0.0052786789472836215,0.0026393394736418108,0.0,0.0,0.0026393394736418108,1.0282335558300906,-0.2085913625126421,回撤预警，仓位减半
2026-01-08,7971.5887,趋势上行|波动偏低|价格偏强,1.0,0.5,0.008242542449397039,0.0041212712246985195,0.0,0.0,0.0041212712246985195,1.0324711851960027,-0.2053297528679875,回撤预警，仓位减半
2026-01-09,8129.1831,趋势上行|波动偏低|价格偏强,1.0,0.5,0.01976950968380997,0.009884754841904986,0.0,0.0,0.009884754841904986,1.0426769097429962,-0.19747463229493156,回撤预警，仓位减半
2026-01-12,8357.0107,趋势上行|波动偏低|价格偏强,1.0,0.5,0.02802589106401121,0.014012945532005605,0.0,0.0,0.014012945532005605,1.0572878844867049,-0.18622888802922755,回撤预警，仓位减半
2026-01-13,8203.1327,趋势上行|波动偏低|价格偏强,1.0,0.5,-0.01841304331463889,-0.009206521657319444,0.0,0.0,-0.009206521657319444,1.0475539406801566,-0.19372088939568732,回撤预警，仓位减半
2026-01-14,8257.1716,趋势上行|波动偏低|价格偏强,1.0,0.5,0.006587593054541152,0.003293796527270576,0.0,0.0,0.003293796527270576,1.0510043702120975,-0.19106517006116808,回撤预警，仓位减半
2026-01-15,8240.7751,趋势上行|波动偏低|价格偏强,1.0,0.5,-0.0019857283818588423,-0.0009928641909294211,0.0,0.0,-0.0009928641909294211,1.0499608656084036,-0.19186833248660984,回撤预警，仓位减半
2026-01-16,8232.7293,趋势上行|波动偏低|价格偏强,1.0,0.5,-0.0009763401988728271,-0.00048817009943641354,0.0,0.0,-0.00048817009943641354,1.0494483061082354,-0.19226283820309753,回撤预警，仓位减半
2026-01-19,8265.6462,趋势上行|波动偏低|价格偏强,1.0,0.5,0.003998297381161198,0.001999148690580599,0.0,0.0,0.001999148690580599,1.0515463093152237,-0.19064805151375785,回撤预警，仓位减半
2026-01-20,8182.7522,趋势上行|波动偏低|价格偏强,1.0,0.5,-0.010028737983002411,-0.005014368991501206,0.0,0.0,-0.005014368991501206,1.046273468108666,-0.19470644082745825,回撤预警，仓位减半
2026-01-21,8247.6798,趋势上行|波动偏低|价格偏强,1.0,0.5,0.007934689749006463,0.003967344874503231,0.0,0.0,0.003967344874503231,1.0504243957896957,-0.19151156355300458,回撤预警，仓位减半
2026-01-22,8309.3456,趋势上行|波动偏低|价格偏强,1.0,0.5,0.007476745156862252,0.003738372578431126,0.0,0.0,0.003738372578431126,1.054351273546631,-0.18848913255221256,回撤预警，仓位减半
2026-01-23,8470.7438,趋势上行|波动偏低|价格偏强,1.0,0.5,0.019423695651797024,0.009711847825898512,0.0,0.0,0.009711847825898512,1.0645909726703582,-0.1806078624984967,回撤预警，仓位减半
2026-01-26,8365.4345,趋势上行|波动偏低|价格偏强,1.0,0.5,-0.012432119597337032,-0.006216059798668516,0.0,0.0,-0.006216059798668516,1.0579734115231165,-0.18570125302376483,回撤预警，仓位减半
2026-01-27,8382.1533,趋势上行|波动偏低|价格偏强,1.0,0.5,0.001998557277568924,0.000999278638784462,0.0,0.0,0.000999278638784462,1.0590306217536536,-0.1848875416803225,回撤预警，仓位减半
2026-01-28,8399.7938,趋势上行|波动偏低|价格偏强,1.0,0.5,0.002104530825032702,0.001052265412516351,0.0,0.0,0.001052265412516351,1.0601450030477209,-0.18402982703312132,回撤预警，仓位减半
2026-01-29,8332.2067,趋势上行|波动偏低|价格偏强,1.0,0.5,-0.008046280850370291,-0.0040231404251851455,0.0,0.0,-0.0040231404251851455,1.0558798908294016,-0.1873125896217297,回撤预警，仓位减半
2026-01-30,8254.8603,趋势上行|波动偏高|价格中性,1.0,0.5,-0.009282823000538398,-0.004641411500269199,0.0,0.0,-0.004641411500269199,1.0509791177612031,-0.1910846063143833,回撤预警，仓位减半
2026-02-02,7975.4283,趋势上行|波动偏高|价格中性,1.0,0.5,-0.03385060314103694,-0.01692530157051847,0.0,0.0,-0.01692530157051847,1.0331909792487775,-0.20477574329754689,回撤预警，仓位减半
2026-02-03,8209.101,趋势上行|波动偏高|价格偏弱,0.75,0.34168147863276543,0.02929907852096192,0.010010952471619766,0.15831852136723457,7.915926068361728e-05,0.009931793210936148,1.043452418402081,-0.1968777404236577,回撤预警，仓位减半
2026-02-04,8207.1203,趋势上行|波动偏高|价格中性,1.0,0.4241953173249641,-0.00024128098801567965,-0.0001023502652757921,0.0825138386921987,4.125691934609935e-05,-0.00014360718462189145,1.0433025711379873,-0.19699307455026271,回撤预警，仓位减半
2026-02-05,8068.0767,趋势上行|波动偏高|价格中性,1.0,0.42440439798958435,-0.016941825502423846,-0.00719018525320078,0.00020908066462022035,1.0454033231011018e-07,-0.00719028979353309,1.035800923309167,-0.2027669270504604,回撤预警，仓位减半
2026-02-06,8051.5742,趋势上行|波动偏高|价格偏弱,0.75,0.3085775312515279,-0.002045406930749616,-0.0006311666210954814,0.11582686673805642,5.791343336902821e-05,-0.0006890800544645096,1.0350871735525187,-0.20331628445978933,回撤预警，仓位减半
2026-02-09,8233.7783,趋势下行|波动偏高|价格偏弱,0.75,0.321615110275812,0.022629624403138537,0.007278029147915608,0.013037579024284096,6.518789512142048e-06,0.007271510358403466,1.0426138206568565,-0.19752319056986722,回撤预警，仓位减半
2026-02-10,8250.3001,趋势下行|波动偏高|价格中性,0.75,0.33233557884748205,0.0020065879111659246,0.0006668605549656875,0.010720468571670028,5.360234285835014e-06,0.0006615003206798524,1.0433035100335661,-0.19699235190309117,回撤预警，仓位减半
2026-02-11,8239.513,趋势上行|波动偏高|价格中性,1.0,0.4620192330089835,-0.0013074797121621629,-0.000604080773787969,0.12968365416150146,6.484182708075073e-05,-0.0006689226008687198,1.042605620736139,-0.19752950186757368,回撤预警，仓位减半
2026-02-12,8314.8322,趋势下行|波动偏高|价格中性,0.75,0.3483040006717596,0.009141219875494988,0.0031839234536551087,0.11371523233722391,5.685761616861196e-05,0.003127065837486497,1.0458659171547142,-0.19502012378727307,回撤预警，仓位减半
2026-02-13,8204.8294,趋势上行|波动偏高|价格中性,1.0,0.4599003978701619,-0.013229707750446296,-0.006084347858136216,0.11159639719840231,5.5798198599201154e-05,-0.0061401460567354176,1.0394441476676228,-0.19996281779995195,回撤预警，仓位减半
2026-02-24,8299.7705,趋势下行|波动偏高|价格中性,0.75,0.33707779875978383,0.011571367955560463,0.003900451239099821,0.12282259911037807,6.141129955518904e-05,0.003839039939544632,1.0434346152654448,-0.19689144310436524,回撤预警，仓位减半
2026-02-25,8426.3314,趋势上行|波动偏高|价格中性,1.0,0.44305100906905553,0.01524872284119172,0.006755962041804347,0.1059732103092717,5.2986605154635845e-05,0.006702975436649711,1.050428731861319,-0.19150822617453067,回撤预警，仓位减半
2026-02-26,8490.6173,趋势上行|波动偏高|价格偏强,1.0,0.43857680032069324,0.0076291682522717785,0.003345976201189572,0.004474208748362296,2.237104374181148e-06,0.003343739096815391,1.053941091480462,-0.18880484062093683,回撤预警，仓位减半
2026-02-27,8560.8433,趋势上行|波动偏高|价格偏强,1.0,0.43877531830057076,0.00827101228552607,0.003629116048249632,0.00019851797987752162,9.925898993876081e-08,0.0036290167892596933,1.0577658613963352,-0.18586099976818393,回撤预警，仓位减半
2026-03-02,8476.965,趋势上行|波动偏高|价格偏强,1.0,0.4382531887368042,-0.009797901568879386,-0.004293961605490728,0.0005221295637665713,2.6106478188328565e-07,-0.004294222670272611,1.0532235792544866,-0.18935709391973254,回撤预警，仓位减半
2026-03-03,8142.4538,趋势上行|波动偏高|价格偏强,1.0,0.4507888224746816,-0.03946119867193032,-0.01778866728275894,0.012535633737877416,6.267816868938708e-06,-0.017794935099627877,1.0344815340162552,-0.20378243182240463,回撤预警，仓位减半
2026-03-04,8094.5183,趋势下行|波动偏高|价格偏弱,0.75,0.2914620777897659,-0.005887107397526847,-0.0017158685542546762,0.1593267446849157,7.966337234245785e-05,-0.001795531926597134,1.0326240893944538,-0.20521206588658503,回撤预警，仓位减半
2026-03-05,8171.1194,趋势下行|波动偏高|价格偏弱,0.75,0.2912337551971946,0.009463330263889791,0.002756041209423882,0.00022832259257132836,1.1416129628566418e-07,0.0027559270481275966,1.0354699260529643,-0.2030216883214363,回撤预警，仓位减半
2026-03-06,8248.8569,趋势下行|波动偏高|价格中性,0.75,0.288391356053281,0.009513690376376172,0.0027436660687141733,0.0028423991439135987,1.4211995719567994e-06,0.0027422448691422165,1.0383094381448341,-0.20083617863541814,回撤预警，仓位减半
2026-03-09,8203.8687,趋势下行|波动偏高|价格中性,0.75,0.28697757530893986,-0.005453870826635399,-0.0015651386258759901,0.0014137807443411199,7.068903721705599e-07,-0.0015658455162481607,1.036683605966637,-0.20208754572184962,回撤预警，仓位减半
2026-03-10,8350.0896,趋势下行|波动偏高|价格中性,0.75,0.2884024651521389,0.017823408119634898,0.005140314839115354,0.0014248898431990509,7.124449215995254e-07,0.005139602394193754,1.0420117475098845,-0.19798659296148458,回撤预警，仓位减半
2026-03-11,8363.5262,趋势上行|波动偏高|价格中性,1.0,0.42280044894673874,0.0016091563855795687,0.0006803520422485531,0.13439798379459983,6.719899189729992e-05,0.0006131530503512532,1.042650660191372,-0.1974948359945362,回撤预警，仓位减半
2026-03-12,8335.9078,趋势上行|波动偏高|价格中性,1.0,0.4636229531855579,-0.003302243496289825,-0.0015309958818876905,0.04082250423881917,2.0411252119409583e-05,-0.0015514071340071002,1.041033084518874,-0.19873984823105184,回撤预警，仓位减半
2026-03-13,8214.2926,趋势上行|波动偏高|价格中性,1.0,0.4625982090094451,-0.014589316834814348,-0.006748991838456463,0.0010247441761128129,5.123720880564064e-07,-0.00674950421054452,1.0340066273315978,-0.2041479569991579,回撤预警，仓位减半
2026-03-16,8211.3517,趋势上行|波动偏高|价格中性,1.0,0.46748957815228,-0.0003580223085797307,-0.00016737169800704372,0.004891369142834889,2.4456845714174447e-06,-0.00016981738257846116,1.0338310350325755,-0.20428310651002002,回撤预警，仓位减半
2026-03-17,8019.8569,趋势上行|波动偏高|价格中性,1.0,0.4679674885416124,-0.02332074023817532,-0.010913348240190229,0.00047791038933242547,2.3895519466621275e-07,-0.010913587195384895,1.0225482298864523,-0.21296723220996383,回撤预警，仓位减半
2026-03-18,8096.5948,趋势下行|波动偏高|价格偏弱,0.75,0.349788663319641,0.009568487437724649,0.0033469484308324814,0.11817882522197143,5.908941261098571e-05,0.0032878590182214957,1.0259102243056508,-0.21037957942674956,回撤预警，仓位减半
2026-03-19,7909.2343,趋势下行|波动偏高|价格偏弱,0.75,0.3450293897745156,-0.02314065414265265,-0.00798420577782256,0.004759273545125398,2.379636772562699e-06,-0.007986585414595121,1.0177167046715274,-0.21668595036076632,回撤预警，仓位减半
2026-03-20,7783.4345,趋势下行|波动偏高|价格偏弱,0.75,0.32544549187948413,-0.015905433475399744,-0.005176351620957882,0.019583897895031455,9.791948947515727e-06,-0.005186143569905398,1.01243867972761,-0.22074832948251932,回撤预警，仓位减半
2026-03-23,7409.1068,趋势下行|波动偏高|价格偏弱,0.75,0.32389667793643856,-0.048092869542359584,-0.015577120677200797,0.0015488139430455683,7.744069715227841e-07,-0.01557789508417232,0.9966670161956553,-0.23288743025000658,回撤预警，仓位减半
2026-03-24,7600.8569,趋势下行|波动偏高|价格偏弱,0.75,0.27101482522719494,0.025880326087349692,0.007013952051385891,0.052881852709243615,2.6440926354621806e-05,0.006987511125031269,1.0036312380592742,-0.22752722263472713,回撤预警，仓位减半
2026-03-25,7751.1809,趋势下行|波动偏高|价格偏弱,0.75,0.2574917557957418,0.019777243799972144,0.005092477230855276,0.01352306943145315,6.761534715726575e-06,0.005085715696139549,1.008735421199808,-0.22359864570604027,回撤预警，仓位减半
2026-03-26,7639.3762,趋势下行|波动偏高|价格偏弱,0.75,0.2538904779489186,-0.014424215025093834,-0.0036621708467590467,0.003601277846823181,1.8006389234115905e-06,-0.0036639714856824585,1.0050394433799341,-0.22644335812961858,回撤预警，仓位减半
2026-03-27,7746.3131,趋势下行|波动偏高|价格偏弱,0.75,0.2548030061964238,0.013998119375244311,0.0035667628979086565,0.0009125282475052066,4.562641237526033e-07,0.003566306633784904,1.0086237222140755,-0.22368461794610783,回撤预警，仓位减半
2026-03-30,7767.9301,趋势下行|波动偏高|价格偏弱,0.75,0.25151388776137135,0.0027906179005336984,0.0007018791574197064,0.003289118435052474,1.6445592175262369e-06,0.0007002345982021802,1.0093299954409372,-0.2231410150564772,回撤预警，仓位减半
2026-03-31,7619.8503,趋势下行|波动偏高|价格偏弱,0.75,0.2510800410566171,-0.0190629676237688,-0.004786330693636832,0.00043384670475427045,2.1692335237713522e-07,-0.004786547616989209,1.0044987893565036,-0.2268594875795953,回撤预警，仓位减半
2026-04-01,7764.1525,趋势下行|波动偏高|价格偏弱,0.75,0.27152132097824444,0.01893766863110158,0.005141980802964963,0.020441279921627364,1.0220639960813682e-05,0.005131760163004149,1.0096536362275093,-0.22289191589755153,回撤预警，仓位减半
2026-04-02,7623.4168,趋势下行|波动偏高|价格中性,0.75,0.2621226247000575,-0.0181263441180477,-0.004751324896439112,0.009398696278186958,4.699348139093479e-06,-0.004756024244578205,1.0048516990549847,-0.22658786078620052,回撤预警，仓位减半
2026-04-03,7536.5999,趋势下行|波动偏高|价格偏弱,0.75,0.26025357915283104,-0.01138818751193027,-0.0029638165600434263,0.0018690455472264444,9.345227736132222e-07,-0.0029647510828170395,1.0018725638921409,-0.22888083526339853,回撤预警，仓位减半
2026-04-07,7606.0166,趋势下行|波动偏高|价格偏弱,0.75,0.0,0.009210612334615176,0.0,0.26025357915283104,0.00013012678957641553,-0.00013012678957641553,1.001742193431837,-0.22898117852468647,回撤硬止损
2026-04-08,7955.7684,趋势下行|波动偏高|价格偏弱,0.75,0.0,0.04598357042765322,0.0,0.0,0.0,0.0,1.001742193431837,-0.22898117852468647,冷静期
2026-04-09,7921.4465,趋势下行|波动偏高|价格中性,0.75,0.0,-0.004314089887282324,-0.0,0.0,0.0,-0.0,1.001742193431837,-0.22898117852468647,冷静期
2026-04-10,7998.232,趋势下行|波动偏高|价格中性,0.75,0.0,0.009693368502835975,0.0,0.0,0.0,0.0,1.001742193431837,-0.22898117852468647,冷静期
2026-04-13,8025.5724,趋势下行|波动偏高|价格偏强,0.75,0.0,0.003418305445503478,0.0,0.0,0.0,0.0,1.001742193431837,-0.22898117852468647,冷静期
2026-04-14,8144.7622,趋势下行|波动偏高|价格偏强,0.75,0.22857327690367996,0.014851252229685308,0.0033945993882622543,0.22857327690367996,0.00011428663845183998,0.0032803127498104144,1.0050282211209745,-0.22645199565425722,回撤预警，仓位减半
2026-04-15,8106.1646,趋势下行|波动偏高|价格偏强,0.75,0.22551344067067125,-0.004738947442811781,-0.0010686963429859637,0.003059836233008706,1.5299181165043529e-06,-0.001070226261102468,1.0039526135255816,-0.2272798670427315,回撤预警，仓位减半
2026-04-16,8232.9834,趋势上行|波动偏高|价格偏强,1.0,0.3100559414546353,0.015644735365970552,0.004850743152704628,0.08454250078396403,4.227125039198201e-05,0.0048084719023126455,1.0087800914589728,-0.22356426399505502,回撤预警，仓位减半
2026-04-17,8307.4361,趋势上行|波动偏高|价格偏强,1.0,0.30746317033939174,0.009043222411939,0.002780457832859006,0.0025927711152435307,1.2963855576217654e-06,0.002779161447301384,1.0115836541979608,-0.22140642373124297,回撤预警，仓位减半
2026-04-20,8357.8139,趋势上行|波动偏高|价格偏强,1.0,0.3183240603718459,0.00606418146267762,0.0019303748660312195,0.010860890032454162,5.4304450162270814e-06,0.0019249444210149924,1.0135308965094991,-0.2199076743703664,回撤预警，仓位减半
2026-04-21,8351.156,趋势上行|波动偏高|价格偏强,1.0,0.32570515152003726,-0.0007966078306671509,-0.0002594592741894926,0.007381091148191354,3.690545574095677e-06,-0.00026314981976358824,1.0132641860367577,-0.2201129555252549,回撤预警，仓位减半
2026-04-22,8481.2397,趋势上行|波动偏高|价格偏强,1.0,0.408757322445556,0.015576729736577644,0.006367102339581549,0.08305217092551875,4.1526085462759376e-05,0.00632557625411879,1.0196736659111008,-0.21517972055583057,回撤预警，仓位减半
2026-04-23,8362.7402,趋势上行|波动偏高|价格偏强,1.0,0.4223577432390354,-0.013971955066898967,-0.0059011634106926536,0.013600420793479395,6.8002103967396975e-06,-0.005907963621089393,1.0136494709875152,-0.21981641021587983,回撤预警，仓位减半
2026-04-24,8304.1412,趋势上行|波动偏高|价格偏强,1.0,0.41661937738648946,-0.007007152990355925,-0.0029193157160939632,0.005738365852545946,2.869182926272973e-06,-0.0029221848990202363,1.0106873998104957,-0.2220962509204104,回撤预警，仓位减半
2026-04-27,8338.7263,趋势上行|波动偏高|价格偏强,1.0,0.4268244043208317,0.0041648015329989185,0.00177763893343675,0.01020502693434222,5.1025134671711105e-06,0.001772536419969579,1.0124788800358642,-0.22071738819393594,回撤预警，仓位减半
2026-04-28,8226.6919,趋势上行|波动偏高|价格偏强,1.0,0.4316743676972451,-0.0134354331788058,-0.005799732122199581,0.004849963376413413,2.4249816882067067e-06,-0.005802157103887788,1.0066043185095277,-0.22523890833596272,回撤预警，仓位减半
2026-04-29,8343.0651,趋势上行|波动偏高|价格中性,1.0,0.4182439086998425,0.014145807502527141,0.005916397821572509,0.013430458997402583,6.715229498701291e-06,0.005909682592073808,1.01255303052773,-0.22066031619953952,回撤预警，仓位减半
2026-04-30,8381.9465,趋势上行|波动偏高|价格偏强,1.0,0.43850667846365105,0.00466032561582197,0.0020435839063531612,0.02026276976380853,1.0131384881904266e-05,0.002033452521471257,1.01461200904078,-0.2190755659544329,回撤预警，仓位减半
2026-05-06,8574.5557,趋势上行|波动偏高|价格偏强,0.75,0.33760900420633155,0.022979053851035713,0.007757935488251835,0.10089767425731949,5.044883712865975e-05,0.007707486651123176,1.022432117556531,-0.2130566013034908,回撤预警，仓位减半
2026-05-07,8714.51,趋势上行|波动偏高|价格偏强,0.75,0.3467975981603121,0.01632204686710459,0.005660446650571918,0.009188593953980528,4.594296976990264e-06,0.005655852353594928,1.0282148426550042,-0.20860576562982713,回撤预警，仓位减半
2026-05-08,8741.1507,趋势上行|波动偏高|价格偏强,0.75,0.3580448673814305,0.0030570508267246943,0.0010945613578329356,0.011247269221118406,5.6236346105592025e-06,0.0010889377232223764,1.0293345045847484,-0.20774398659408067,回撤预警，仓位减半
2026-05-11,8866.7792,趋势上行|波动偏高|价格偏强,0.75,0.35737097122580086,0.01437207803773477,0.005136163486878277,0.0006738961556296275,3.3694807781481374e-07,0.005135826538800462,1.0346209880506978,-0.20367509713490628,回撤预警，仓位减半
2026-05-12,8821.8874,趋势上行|波动偏低|价格偏强,1.0,0.5,-0.005062920705186991,-0.0025314603525934953,0.14262902877419914,7.131451438709957e-05,-0.002602774866980595,1.0319281025461489,-0.20574775157803427,回撤预警，仓位减半
2026-05-13,8955.4473,趋势上行|波动偏低|价格偏强,1.0,0.5,0.015139606066611133,0.007569803033305567,0.0,0.0,0.007569803033305567,1.039739595026956,-0.19973541849872,回撤预警，仓位减半
2026-05-14,8778.7088,趋势上行|波动偏低|价格偏强,1.0,0.5,-0.01973530680036495,-0.009867653400182474,0.0,0.0,-0.009867653400182474,1.0294798050767837,-0.2076321520174168,回撤预警，仓位减半
2026-05-15,8682.6536,趋势上行|波动偏高|价格偏强,0.75,0.40632655192450146,-0.010941836913419545,-0.004445958864749994,0.09367344807549854,4.6836724037749274e-05,-0.004492795588787743,1.0248545627497887,-0.21119209878953016,回撤预警，仓位减半
2026-05-18,8720.2132,趋势上行|波动偏高|价格偏强,0.75,0.3990464172699015,0.004325820392051538,0.0017262031292012469,0.007280134654599979,3.6400673272999897e-06,0.0017225630618739468,1.0266199393633746,-0.2098333274359906,回撤预警，仓位减半
2026-05-19,8808.6445,趋势上行|波动偏高|价格偏强,0.75,0.4038312709952156,0.010140956186713401,0.004095235225987268,0.00478485372531412,2.39242686265706e-06,0.004092842799124611,1.030821733389636,-0.2065992994600786,回撤预警，仓位减半
2026-05-20,8808.9095,趋势上行|波动偏低|价格偏强,1.0,0.5,3.0084083879167167e-05,1.5042041939583584e-05,0.0961687290047844,4.80843645023922e-05,-3.3042322562808616e-05,1.0307876726454164,-0.2066255152619475,回撤预警，仓位减半
2026-05-21,8510.4958,趋势上行|波动偏低|价格偏强,1.0,0.5,-0.03387634984784427,-0.016938174923922134,0.0,0.0,-0.016938174923922134,1.0133280107367257,-0.22006383106461713,回撤预警，仓位减半
2026-05-22,8692.6655,趋势上行|波动偏高|价格中性,1.0,0.45329923048217047,0.021405298149609342,0.009703005179459342,0.04670076951782953,2.3350384758914767e-05,0.009679654794700428,1.0231366760744578,-0.2125143181874215,回撤预警，仓位减半
2026-05-25,8799.3116,趋势上行|波动偏高|价格中性,1.0,0.4324417134376744,0.012268515336291363,0.005305417793362224,0.020857517044496066,1.0428758522248033e-05,0.0052949890348399755,1.0285541735554147,-0.20834459013713036,回撤预警，仓位减半
2026-05-26,8687.2528,趋势上行|波动偏高|价格偏强,0.75,0.32732632000759415,-0.012734950765921349,-0.004168484569686928,0.10511539343008025,5.2557696715040124e-05,-0.004221042266401968,1.0242126029155532,-0.2116862010825873,回撤预警，仓位减半
2026-05-27,8546.5142,趋势上行|波动偏高|价格中性,1.0,0.4384005388390076,-0.016200587601180483,-0.007102346333866069,0.11107421883141344,5.553710941570672e-05,-0.007157883443281776,1.0168814084827436,-0.21732885937196866,回撤预警，仓位减半
2026-05-28,8637.743,趋势上行|波动偏高|价格中性,1.0,0.42610094246921504,0.010674386991599505,0.004548366357401678,0.012299596369792554,6.149798184896277e-06,0.004542216559216782,1.0215003040551136,-0.21377379755658688,回撤预警，仓位减半
2026-05-29,8408.7357,趋势上行|波动偏高|价格中性,1.0,0.42258724451711177,-0.026512400287899363,-0.011203802183198072,0.0035136979521032674,1.7568489760516337e-06,-0.011205559032174123,1.0100538220966402,-0.22258390168070863,回撤预警，仓位减半
2026-06-01,8345.1291,趋势上行|波动偏高|价格偏弱,0.75,0.22091513632802642,-0.007564347634329782,-0.001671078888870548,0.20167210818908535,0.00010083605409454268,-0.0017719149429650906,1.0082640926360682,-0.22396141688222215,回撤预警，仓位减半
2026-06-02,8384.7812,趋势上行|波动偏高|价格偏弱,0.75,0.22341908154064408,0.004751526252601668,0.001061581631272523,0.002503945212617653,1.2519726063088265e-06,0.001060329658666214,1.0093331849572584,-0.2231385601562731,回撤预警，仓位减半
2026-06-03,8432.679,趋势上行|波动偏高|价格偏弱,0.75,0.22340037161897378,0.005712468680757032,0.00127616762614287,1.8709921670301277e-05,9.354960835150639e-09,0.0012761582711820348,1.0106212538496202,-0.2221471620042541,回撤预警，仓位减半
2026-06-04,8420.0946,趋势下行|波动偏高|价格偏弱,0.75,0.23569797536648743,-0.0014923371327190127,-0.0003517408407461003,0.012297603747513652,6.148801873756826e-06,-0.00035788964261985714,1.010259562970256,-0.22242554747845522,回撤预警，仓位减半
2026-06-05,8340.9631,趋势下行|波动偏高|价格偏弱,0.75,0.3303911767506607,-0.009397934792799045,-0.0031049947352188535,0.09469320138417328,4.734660069208664e-05,-0.00315234133591094,1.0070748799899056,-0.22487672756688704,回撤预警，仓位减半
2026-06-08,8081.2614,趋势下行|波动偏高|价格偏弱,0.75,0.3291651975815101,-0.031135697027601106,-0.010248787863928355,0.001225979169150626,6.12989584575313e-07,-0.01024940085351293,0.9967529658553858,-0.23282127669694075,回撤预警，仓位减半
2026-06-09,8318.6978,趋势下行|波动偏高|价格偏弱,0.75,0.0,0.02938110627135515,0.0,0.3291651975815101,0.00016458259879075502,-0.00016458259879075502,0.9965889176619129,-0.23294754096495884,回撤硬止损
2026-06-10,8198.7232,趋势下行|波动偏高|价格偏弱,0.75,0.0,-0.014422281333503872,-0.0,0.0,0.0,-0.0,0.9965889176619129,-0.23294754096495884,冷静期
2026-06-11,8159.4548,趋势下行|波动偏高|价格偏弱,0.75,0.0,-0.004789575040172078,-0.0,0.0,0.0,-0.0,0.9965889176619129,-0.23294754096495884,冷静期
2026-06-12,8202.7991,趋势下行|波动偏高|价格偏弱,0.75,0.0,0.005312156395547385,0.0,0.0,0.0,0.0,0.9965889176619129,-0.23294754096495884,冷静期
2026-06-15,8521.233,趋势下行|波动偏高|价格偏弱,0.75,0.0,0.038820151038442496,0.0,0.0,0.0,0.0,0.9965889176619129,-0.23294754096495884,冷静期
2026-06-16,8646.4034,趋势下行|波动偏高|价格中性,0.75,0.2569112413078715,0.014689235700983572,0.0037738297778035917,0.2569112413078715,0.00012845562065393577,0.003645374157149656,1.0002218571476593,-0.23015134775361445,回撤预警，仓位减半
2026-06-17,8704.4677,趋势下行|波动偏高|价格偏强,0.75,0.25468557441132955,0.006715428058792661,0.0017103226525715686,0.002225666896541967,1.1128334482709834e-06,0.0017092098191232976,1.001931446167198,-0.22883551487795606,回撤预警，仓位减半
2026-06-18,8771.0244,趋势下行|波动偏高|价格偏强,0.75,0.2537284044972624,0.007646268823537694,0.0019400755889533788,0.0009571699140671353,4.785849570335676e-07,0.0019395970039963453,1.0038747893983937,-0.2273397665530249,回撤预警，仓位减半
2026-06-22,8865.676,趋势上行|波动偏高|价格偏强,1.0,0.3694750254422365,0.010791396270656728,0.003987151411658151,0.11574662094497407,5.787331047248703e-05,0.003929278101185664,1.0078192926247092,-0.22430376961808463,回撤预警，仓位减半
2026-06-23,8680.0387,趋势上行|波动偏高|价格偏强,1.0,0.37962698266404676,-0.020938877080552087,-0.007948962726463353,0.010151957221810282,5.0759786109051406e-06,-0.007954038705074258,0.9998030589634517,-0.23047368745792263,回撤预警，仓位减半
2026-06-24,8793.4866,趋势下行|波动偏高|价格偏强,0.75,0.27721554282387184,0.01306997628939155,0.0036232005717588126,0.10241143984017492,5.120571992008747e-05,0.003571994851838725,1.0033743503429218,-0.22772494343116778,回撤预警，仓位减半
2026-06-25,8825.9201,趋势上行|波动偏高|价格偏强,1.0,0.3695285810783026,0.0036883549694610718,0.001362952578378056,0.09231303825443077,4.615651912721539e-05,0.0013167960592508406,1.0046955897334067,-0.22670801468002033,回撤预警，仓位减半
2026-06-26,8601.4075,趋势上行|波动偏高|价格偏强,1.0,0.3792278013546135,-0.025437869078375197,-0.009646747161738734,0.009699220276310871,4.849610138155436e-06,-0.009651596771876889,0.9949986730228167,-0.23417151710925288,回撤预警，仓位减半
2026-06-29,8597.8932,趋势下行|波动偏高|价格中性,0.75,0.27046934088274893,-0.00040857266674076964,-0.000110506379876083,0.10875846047186455,5.437923023593228e-05,-0.00016488561011201528,0.9948346120595548,-0.23429779120589544,回撤预警，仓位减半
2026-06-30,8809.7859,趋势上行|波动偏高|价格中性,1.0,0.38403001810880655,0.024644723430619075,0.009464313585347172,0.11356067722605762,5.67803386130288e-05,0.009407533246734143,1.004193551747507,-0.22709442221956722,回撤预警，仓位减半
2026-07-01,8876.6303,趋势上行|波动偏高|价格偏强,0.75,0.2776275948986123,0.0075875169679209264,0.002106504087056298,0.10640242321019427,5.320121160509714e-05,0.0020533028754512006,1.0062554652548197,-0.22550741297425825,回撤预警，仓位减半
2026-07-02,8625.3336,趋势上行|波动偏高|价格偏强,0.75,0.27719599100805925,-0.02830992071394489,-0.007847396527661539,0.00043160389055302284,2.1580194527651142e-07,-0.007847612329606816,0.9983587624589517,-0.23158533054939057,回撤预警，仓位减半
2026-07-03,8620.7886,趋势上行|波动偏高|价格中性,1.0,0.3439337827896038,-0.0005269361407655992,-0.0001812311401820677,0.06673779178154454,3.336889589077227e-05,-0.00021460003607283999,0.9981445146325144,-0.23175023236517356,回撤预警，仓位减半
2026-07-06,8472.6028,趋势上行|波动偏高|价格中性,1.0,0.3440473610467124,-0.017189355507453152,-0.005913952400433029,0.00011357825710861524,5.678912855430762e-08,-0.005914009189561583,0.9922414788004673,-0.23629366855084444,回撤预警，仓位减半
2026-07-07,8301.8035,趋势上行|波动偏高|价格中性,1.0,0.33850811007257453,-0.0201590118210192,-0.006823988992463899,0.005539250974137877,2.7696254870689387e-06,-0.006826758617950968,0.9854676857339778,-0.24150730733064862,回撤预警，仓位减半
2026-07-08,8117.8607,趋势上行|波动偏高|价格偏弱,0.75,0.26522675523324024,-0.022156968663495813,-0.0058766209044235785,0.07328135483933429,3.664067741966714e-05,-0.005913261581843246,0.9796403575277791,-0.24599247303031913,回撤预警，仓位减半
2026-07-09,8300.077,趋势下行|波动偏高|价格偏弱,0.75,0.2727120659142479,0.022446344761742454,0.006121389052198241,0.007485310681007662,3.742655340503831e-06,0.006117646396857737,0.9856334508312253,-0.24137972159974952,回撤预警，仓位减半
2026-07-10,8198.3078,趋势上行|波动偏高|价格偏弱,0.75,0.26611398531472324,-0.012261235648777569,-0.003262886283379155,0.006598080599524658,3.299040299762329e-06,-0.0032661853236789174,0.9824141893195933,-0.2438575160193056,回撤预警，仓位减半
2026-07-13,7787.8529,趋势上行|波动偏高|价格偏弱,0.75,0.2633336738932352,-0.050065807482856495,-0.013184013020892027,0.0027803114214880464,1.3901557107440233e-06,-0.01318540317660277,0.9694606621469991,-0.25382755952954905,回撤预警，仓位减半
2026-07-14,7925.1232,趋势下行|波动偏高|价格偏弱,0.75,0.0,0.017626206062520744,0.0,0.2633336738932352,0.0001316668369466176,-0.0001316668369466176,0.96933301632807,-0.25392580569460255,回撤硬止损
2026-07-15,7817.8313,趋势下行|波动偏高|价格偏弱,0.75,0.0,-0.013538199633287729,-0.0,0.0,0.0,-0.0,0.96933301632807,-0.25392580569460255,冷静期
2026-07-16,7631.7622,趋势下行|波动偏高|价格偏弱,0.75,0.0,-0.023800603116109653,-0.0,0.0,0.0,-0.0,0.96933301632807,-0.25392580569460255,冷静期
2026-07-17,7167.9959,趋势下行|波动偏高|价格偏弱,0.75,0.0,-0.06076791805698556,-0.0,0.0,0.0,-0.0,0.96933301632807,-0.25392580569460255,冷静期
2026-07-20,6965.3757,趋势下行|波动偏高|价格偏弱,0.75,0.0,-0.028267343177470372,-0.0,0.0,0.0,-0.0,0.96933301632807,-0.25392580569460255,冷静期
2026-07-21,7259.863,趋势下行|波动偏高|价格偏弱,0.75,0.0,0.04227873881950117,0.0,0.0,0.0,0.0,0.96933301632807,-0.25392580569460255,回撤硬止损
2026-07-22,7158.7622,趋势下行|波动偏高|价格偏弱,0.75,0.0,-0.013925992818321853,-0.0,0.0,0.0,-0.0,0.96933301632807,-0.25392580569460255,冷静期
2026-07-23,7195.4997,趋势下行|波动偏高|价格偏弱,0.75,0.0,0.0051318229288297434,0.0,0.0,0.0,0.0,0.96933301632807,-0.25392580569460255,冷静期
2026-07-24,6995.6931,趋势下行|波动偏高|价格偏弱,0.75,0.0,-0.027768272994299514,-0.0,0.0,0.0,-0.0,0.96933301632807,-0.25392580569460255,冷静期
2026-07-27,7228.7845,趋势下行|波动偏高|价格偏弱,0.75,0.0,0.03331927182454586,0.0,0.0,0.0,0.0,0.96933301632807,-0.25392580569460255,冷静期
2026-07-28,7026.2761,趋势下行|波动偏高|价格偏弱,0.75,0.267362478981787,-0.028014170293774843,-0.007489938016361578,0.267362478981787,0.0001336812394908935,-0.007623619255852471,0.9619431904794579,-0.25961359128860373,强制再入场，防止风控死锁
2026-07-29,7095.1863,趋势下行|波动偏高|价格偏弱,0.75,0.0,0.009807499594272961,0.0,0.267362478981787,0.0001336812394908935,-0.0001336812394908935,0.9618145967214348,-0.25971256706142243,回撤硬止损
2026-07-30,6900.6579,趋势下行|波动偏高|价格偏弱,0.75,0.0,-0.027416954506183977,-0.0,0.0,0.0,-0.0,0.9618145967214348,-0.25971256706142243,冷静期
2026-07-31,7075.5065,趋势下行|波动偏高|价格偏弱,0.75,0.0,0.025337960892105604,0.0,0.0,0.0,0.0,0.9618145967214348,-0.25971256706142243,冷静期
2026-08-03,7079.7761,趋势下行|波动偏高|价格偏弱,0.75,0.0,0.0006034338319100829,0.0,0.0,0.0,0.0,0.9618145967214348,-0.25971256706142243,冷静期
2026-08-04,7279.1927,趋势下行|波动偏高|价格偏弱,0.75,0.0,0.028167077204602542,0.0,0.0,0.0,0.0,0.9618145967214348,-0.25971256706142243,冷静期
2026-08-05,7493.0481,趋势下行|波动偏高|价格中性,0.75,0.0,0.02937899967945623,0.0,0.0,0.0,0.0,0.9618145967214348,-0.25971256706142243,回撤硬止损
2026-08-06,7530.4251,趋势下行|波动偏高|价格中性,0.75,0.0,0.004988223684297521,0.0,0.0,0.0,0.0,0.9618145967214348,-0.25971256706142243,冷静期
2026-08-07,7679.5285,趋势下行|波动偏高|价格中性,0.75,0.0,0.01980013053977525,0.0,0.0,0.0,0.0,0.9618145967214348,-0.25971256706142243,冷静期
2026-08-10,7733.8995,趋势下行|波动偏高|价格偏强,0.75,0.0,0.007079991955235343,0.0,0.0,0.0,0.0,0.9618145967214348,-0.25971256706142243,冷静期
2026-08-11,7698.0479,趋势下行|波动偏高|价格偏强,0.75,0.0,-0.004635643377574383,-0.0,0.0,0.0,-0.0,0.9618145967214348,-0.25971256706142243,冷静期
2026-08-12,7793.7165,趋势下行|波动偏高|价格偏强,0.75,0.27092306481499334,0.012427644156384199,0.0033669354432777497,0.27092306481499334,0.00013546153240749667,0.0032314739108702533,0.9649226754978343,-0.2573203475353363,强制再入场，防止风控死锁
2026-08-13,7715.8946,趋势下行|波动偏高|价格偏强,0.75,0.0,-0.009985210521835208,-0.0,0.27092306481499334,0.00013546153240749667,-0.00013546153240749667,0.9647919655935566,-0.25742095205914706,回撤硬止损
2026-08-14,7769.8204,趋势上行|波动偏高|价格偏强,0.75,0.0,0.006988923876694697,0.0,0.0,0.0,0.0,0.9647919655935566,-0.25742095205914706,冷静期
2026-08-17,7968.383,趋势上行|波动偏高|价格偏强,0.75,0.0,0.0255556228815792,0.0,0.0,0.0,0.0,0.9647919655935566,-0.25742095205914706,冷静期
2026-08-18,7945.9644,趋势上行|波动偏高|价格偏强,0.75,0.0,-0.002813444082695349,-0.0,0.0,0.0,-0.0,0.9647919655935566,-0.25742095205914706,冷静期
2026-08-19,7517.7684,趋势上行|波动偏高|价格偏强,0.75,0.0,-0.05388848709163607,-0.0,0.0,0.0,-0.0,0.9647919655935566,-0.25742095205914706,冷静期
2026-08-20,7589.7793,趋势上行|波动偏高|价格中性,1.0,0.0,0.00957876010120251,0.0,0.0,0.0,0.0,0.9647919655935566,-0.25742095205914706,回撤硬止损
2026-08-21,7601.8044,趋势上行|波动偏高|价格中性,1.0,0.0,0.0015843807210573768,0.0,0.0,0.0,0.0,0.9647919655935566,-0.25742095205914706,冷静期
2026-08-24,7491.4899,趋势上行|波动偏高|价格中性,1.0,0.0,-0.014511620425276983,-0.0,0.0,0.0,-0.0,0.9647919655935566,-0.25742095205914706,冷静期
2026-08-25,7527.4984,趋势上行|波动偏高|价格中性,1.0,0.0,0.0048065872717790725,0.0,0.0,0.0,0.0,0.9647919655935566,-0.25742095205914706,冷静期
2026-08-26,7544.6696,趋势上行|波动偏高|价格中性,1.0,0.0,0.0022811296778222356,0.0,0.0,0.0,0.0,0.9647919655935566,-0.25742095205914706,冷静期
